"","Year","% of total ODA","% of global health ODA","ODA for MNCH"
"1",2017,4.94815141865128,32.6345546464899,10572.81212
"2",2018,4.67961666105845,32.8579959777985,9890.676796
"3",2019,5.05255697369579,37.4361109691676,10631.5681528
"4",2020,4.35581102091395,27.9313506161898,10441.93399456
"5",2021,4.38208385370263,23.9772286407546,10312.478002016
