"","Year","MNCH_ODA","MNCH_Percent_ODA","MNCH_Percent_GH"
"1",2017,10572.81212,4.94815141865128,32.6345546464899
"2",2018,9890.676796,4.67961666105845,32.8579959777985
"3",2019,10631.5681528,5.05255697369579,37.4361109691676
"4",2020,10441.93399456,4.35581102091395,27.9313506161898
"5",2021,10312.478002016,4.38208385370263,23.9772286407546
