"","Year","% of total ODA","% of global health ODA","ODA for MNCH"
"1",2017,3.67235376069407,28.0590489704494,5662.8132
"2",2018,3.5348357533362,27.5522964597888,5265.462706
"3",2019,3.60586132490599,31.8963273252783,5323.467212
"4",2020,3.1340813864095,22.0303538926852,5066.57947488
"5",2021,3.28795072962648,19.4943881990202,5515.188497376
