"","Year","MNCH_ODA","MNCH_Percent_ODA","MNCH_Percent_GH"
"1",2017,5662.8132,3.67235376069407,28.0590489704494
"2",2018,5265.462706,3.5348357533362,27.5522964597888
"3",2019,5323.467212,3.60586132490599,31.8963273252783
"4",2020,5066.57947488,3.1340813864095,22.0303538926852
"5",2021,5515.188497376,3.28795072962648,19.4943881990202
