"","Year","% of total ODA","% of global health ODA","ODA for MNCH"
"1",2017,1.79988940340608,42.6779226034284,467.39978
"2",2018,1.96693454428239,41.8233183210232,473.513528
"3",2019,2.03794490482624,42.265385498129,480.70861
"4",2020,2.47499830667105,26.0710254567079,684.9137064
"5",2021,2.48098182632439,21.1802640655807,686.278524576
