"","Year","MNCH_ODA","MNCH_Percent_ODA","MNCH_Percent_GH"
"1",2017,467.39978,1.79988940340608,42.6779226034284
"2",2018,473.513528,1.96693454428239,41.8233183210232
"3",2019,480.70861,2.03794490482624,42.265385498129
"4",2020,684.9137064,2.47499830667105,26.0710254567079
"5",2021,686.278524576,2.48098182632439,21.1802640655807
