"","Year","% of total ODA","% of global health ODA","ODA for MNCH"
"1",2017,1.79081114780225,41.8146381334522,277.77021
"2",2018,1.53221053179272,44.1179666319082,206.13671
"3",2019,1.4826688558905,43.6868769130413,216.1806808
"4",2020,1.22077663242405,13.9581220481578,198.64623856
"5",2021,2.48565810736399,24.3431502868162,442.285326768
