"","Year","MNCH_ODA","MNCH_Percent_ODA","MNCH_Percent_GH"
"1",2017,277.77021,1.79081114780225,41.8146381334522
"2",2018,206.13671,1.53221053179272,44.1179666319082
"3",2019,216.1806808,1.4826688558905,43.6868769130413
"4",2020,198.64623856,1.22077663242405,13.9581220481578
"5",2021,442.285326768,2.48565810736399,24.3431502868162
