"","Year","% of total ODA","% of global health ODA","ODA for MNCH"
"1",2017,5.04047789339119,60.5910839556461,212.127
"2",2018,6.87817137161644,62.55430664778,284.315404
"3",2019,6.02200248642213,62.872390314858,228.6325508
"4",2020,5.82962765311702,57.7527784296029,232.4167612
"5",2021,6.20799340598243,46.8292327256622,237.157143296
