"","Year","MNCH_ODA","MNCH_Percent_ODA","MNCH_Percent_GH"
"1",2017,212.127,5.04047789339119,60.5910839556461
"2",2018,284.315404,6.87817137161644,62.55430664778
"3",2019,228.6325508,6.02200248642213,62.872390314858
"4",2020,232.4167612,5.82962765311702,57.7527784296029
"5",2021,237.157143296,6.20799340598243,46.8292327256622
