"","Year","% of total ODA","% of global health ODA","ODA for MNCH"
"1",2017,6.65556627073146,40.2661727870521,899.26484
"2",2018,5.62794040029461,34.7577469198492,786.291372
"3",2019,5.15254564401187,32.8647181366135,797.0617128
"4",2020,4.64106393200157,24.3828175635344,618.4769976
"5",2021,3.18448928858797,20.4426744897362,317.80343288
