"","Year","MNCH_ODA","MNCH_Percent_ODA","MNCH_Percent_GH"
"1",2017,899.26484,6.65556627073146,40.2661727870521
"2",2018,786.291372,5.62794040029461,34.7577469198492
"3",2019,797.0617128,5.15254564401187,32.8647181366135
"4",2020,618.4769976,4.64106393200157,24.3828175635344
"5",2021,317.80343288,3.18448928858797,20.4426744897362
