"","Year","MNCH_ODA","MNCH_Percent_ODA","MNCH_Percent_GH"
"1",2017,1884.58415,5.55971432988152,16.2859713390031
"2",2018,1732.232336,5.24284346763342,16.0176194631206
"3",2019,1718.7928536,5.49699548865832,21.0625980403642
"4",2020,1430.73440848,4.51796979023382,14.2791650152989
"5",2021,1626.246031584,4.17691525120113,15.1175730184351
