"","Year","% of total ODA","% of global health ODA","ODA for MNCH"
"1",2017,5.55971432988152,16.2859713390031,1884.58415
"2",2018,5.24284346763342,16.0176194631206,1732.232336
"3",2019,5.49699548865832,21.0625980403642,1718.7928536
"4",2020,4.51796979023382,14.2791650152989,1430.73440848
"5",2021,4.17691525120113,15.1175730184351,1626.246031584
