"","Year","BilateralODA","BilateralODA_Share"
"1",2017,161.86,7.69644088347876
"2",2018,185.56,8.45541495600505
"3",2019,176.44,7.32517395419898
"4",2020,117.68,5.95588756288401
"5",2021,57.32,3.84556036362417
