"","FlowName","Funding_2021","Share"
"1","ODA Grants",138.81,61.163251817581
"2","ODA Loans",88.13,38.8323419255343
"3","Equity Investment",0.01,0.00440625688477638
