"","Year","BilateralODA","BilateralODA_Share"
"1",2017,69.32,12.310424436157
"2",2018,61.73,9.99854225044137
"3",2019,64.78,11.4583886088264
"4",2020,58.47,8.91066475662166
"5",2021,66.07,10.8553496319664
