"","FlowName","Funding_2021","Share"
"1","ODA Loans",167.64,93.6588636236661
"2","ODA Grants",11.35,6.34113637633387
