"","FlowName","Funding_2021","Share"
"1","ODA Loans",148.68,77.7899858734893
"2","ODA Grants",42.45,22.2100141265108
