"","FlowName","Funding_2021","Share"
"1","ODA Grants",999.35,50.5385860220492
"2","ODA Loans",978.04,49.4609082633761
"3","Equity Investment",0.01,0.000505714574694043
