"","FlowName","Funding_2021","Share"
"1","ODA Grants",843.63,61.1973537220538
"2","ODA Loans",534.9,38.8019208728075
"3","Equity Investment",0.01,0.000725405138770003
