"","Year","BilateralODA","BilateralODA_Share"
"1",2017,194.56,4.7818831122548
"2",2018,258.18,6.6973631305205
"3",2019,331.52,8.75531493463621
"4",2020,203.77,4.88783665793539
"5",2021,226.95,5.50858873815817
