"","Year","BilateralODA","BilateralODA_Share"
"1",2017,214.6,9.79479315003469
"2",2018,226.9,11.9098858876513
"3",2019,140.36,7.58911916257995
"4",2020,135.55,6.5073162301252
"5",2021,178.99,8.41051231809489
