"","Year","BilateralODA","BilateralODA_Share"
"1",2017,193.18,11.5195859198435
"2",2018,281.95,16.4872435106514
"3",2019,225.14,12.9393779167337
"4",2020,288.43,13.0268458800788
"5",2021,191.13,10.376559497052
