"","Year","BilateralODA","BilateralODA_Share"
"1",2017,185.74,3.57158652357759
"2",2018,179.3,3.53995928948101
"3",2019,175.15,3.64725628040248
"4",2020,147.33,3.09314063051109
"5",2021,167.31,2.89620002492695
