"","Year","NFS funding as % of bilateral agriculture ODA","Bilateral funding to agriculture","Bilateral funding to nutritious food systems"
"1",2017,11.6908114540477,7294.19,852.75
"2",2018,11.4257311530687,7212.58,824.09
"3",2019,12.6313530537009,7036.38,888.79
"4",2020,14.1403776393869,7630.56,1078.99
"5",2021,14.6646089846538,7173.12,1051.91
