Year,ODA for Development Priorities,Contributions to EUI,In-donor Refugee Costs
2019,3309.269429,0.0,0.0
2020,3293.1401539999997,0.0,0.0
2021,3534.767632,0.0,0.0
2022,3078.79,0.0,0.0
2023,3245.239555,0.0,0.0
