donor,Year,Total ODA,Bilateral funding,Multilateral as core contributions to organizations,Bilateral as earmarked funding through multilaterals,Earmarked,Bilateral,Multilateral
Austria,2019,1274.940252,368.13086,811.905189,94.904202,7%,29%,64%
Austria,2020,1262.634388,399.995356,753.604378,109.04457,9%,32%,60%
Austria,2021,1373.267333,483.50567200000006,733.436619,156.325043,11%,35%,53%
Austria,2022,1847.06,895.75,767.34,183.97,10%,48%,42%
Austria,2023,1774.921875,753.113599,842.071303,179.736974,10%,42%,47%
