Year,Bilateral funding,Multilateral as core contributions to organizations,Bilateral,Multilateral
2019,2559.753581,760.182299,77%,23%
2020,2661.995901,631.144253,81%,19%
2021,3057.712943,477.054689,87%,13%
2022,2584.75,461.23,85%,15%
2023,2743.209315,535.032027,84%,16%
