Donor,Year,ODA AS % GNI,Total ODA
Austria,2019,0.28%,1387.269733
Austria,2020,0.3%,1375.333065
Austria,2021,0.31%,1498.23804
Austria,2022,0.39%,2025.197729
Austria,2023,0.38%,1958.53
Austria,2024,0.34%,1772.981267
Austria,2025,0.26%,1346.0
Austria,2026,0.26%,1370.0
