Donor,Year,ODA AS % GNI,Total ODA
Australia,2019,0.22%,3322.104271
Australia,2020,0.21%,3281.506586
Australia,2021,0.22%,3516.432697
Australia,2022,0.19%,3021.956623
Australia,2023,0.19%,3253.29
Australia,2024,0.19%,3261.813148
Australia,2025,0.18%,3162.0
Australia,2026,0.18%,3160.0
