donor,CSOs,Other Channels
Australia,0.07035461066836078,0.929645389331635
DAC Average,0.07251186919294052,0.92748813080706
