Year,Bilateral funding,Bilateral as earmarked funding through multilaterals,Multilateral as core contributions to organizations,Bilateral,Earmarked,Multilateral
2019,1977.750286,582.003295,760.182299,60%,18%,23%
2020,1876.7073969999997,785.288504,631.144253,57%,24%,19%
2021,2085.96182,984.738237,477.054689,59%,28%,13%
2022,1896.8600000000001,726.27,461.47,61%,24%,15%
2023,0.0,0.0,0.0,0%,0%,0%
