donor,Year,ODA for Development Priorities,Contributions to EUI,In-donor Refugee Costs
Austria,2019,853.24631,386.925106,31.855883
Austria,2020,864.106578,415.553319,30.600304
Austria,2021,948.7826279999999,389.141408,59.095866
Austria,2022,1046.9400000000003,417.05,372.07
Austria,2023,1019.0532700000001,379.574619,260.375284
