Year,ODA AS % GNI,Total ODA
2018,0.23%,3437.906426964
2019,0.22%,3294.7043683044
2020,0.21%,3268.112289822
2021,0.22%,3507.9033979968
2022,0.19%,3022.830552
2023,0.19%,3253.3867102896
2024,0.2%,3441.027912
2025,0.19%,3341.569584
