Donor,Year,Total ODA,Bilateral funding,Multilateral as core contributions to organizations,Bilateral as earmarked funding through multilaterals,Earmarked,Bilateral,Multilateral
Australia,2019,3294.7043683043994,1962.72,754.4,577.58,18%,60%,23%
Australia,2020,3268.1122898219996,1862.44,626.35,779.32,24%,57%,19%
Australia,2021,3507.9033979968,2057.22,473.43,977.25,28%,59%,13%
Australia,2022,3022.830552,1844.36,457.72,720.75,24%,61%,15%
Australia,2023,3253.3867102895997,2086.43,533.2,633.75,19%,64%,16%
