Donor,Year,Total ODA,Bilateral funding,Multilateral as core contributions to organizations,Bilateral as earmarked funding through multilaterals,Earmarked,Bilateral,Multilateral
Austria,2019,1406.7690740568003,406.2,895.86,104.72,7%,29%,64%
Austria,2020,1393.1907837192002,441.35,831.53,120.32,9%,32%,60%
Austria,2021,1515.2631752322,533.5,809.27,172.49,11%,35%,53%
Austria,2022,2038.046004,988.37,846.68,202.99,10%,48%,42%
Austria,2023,1958.4487968750002,830.99,929.14,198.32,10%,42%,47%
