donor,CSOs,Other Channels
Austria,0.08181200634383744,0.918187993656161
DAC Average,0.07251186919294052,0.92748813080706
