donor,Grants,Loans/Equity Investment
Australia,0.9983761644330555,0.0016238355669438926
DAC Average,0.7767811458325943,0.22321885416740603
