donor,CSOs,Other Channels
Austria,0.08181200634383744,0.918187993656161
DAC Average,0.0725118691929405,0.92748813080706
