donor,Year,Total ODA,Bilateral funding,Multilateral as core contributions to organizations,Bilateral as earmarked funding through multilaterals,Earmarked,Bilateral,Multilateral
Australia,2019,3319.935881,1977.750286,760.182299,582.003295,18%,60%,23%
Australia,2020,3293.140155,1876.7073969999997,631.144253,785.288504,24%,57%,19%
Australia,2021,3534.767632,2072.974706,477.054689,984.738237,28%,59%,13%
Australia,2022,3045.98,1858.48,461.23,726.27,24%,61%,15%
Australia,2023,3278.301804,2102.410339,537.279171,638.602216,19%,64%,16%
