donor,Year,Total ODA,Bilateral funding,Multilateral as core contributions to organizations,Bilateral as earmarked funding through multilaterals,Earmarked,Bilateral,Multilateral
Belgium,2019,2267.530686,1027.3163120000002,1085.98137,154.233004,7%,45%,48%
Belgium,2020,2362.736953,985.1979350000001,1194.666295,182.882805,8%,42%,51%
Belgium,2021,2462.915258,1078.433537,1191.705547,192.776174,8%,44%,48%
Belgium,2022,2656.53,1078.5700000000002,1348.63,229.33,9%,41%,51%
Belgium,2023,2632.431104,1100.4215809999998,1317.361328,214.638842,8%,42%,50%
