donor,CSOs,Other Channels
Belgium,0.19993265017649678,0.8000673498235044
DAC Average,0.0725118691929405,0.92748813080706
