donor,Grants,Loans/Equity Investment
Belgium,0.9935581165615244,0.006441883438475556
DAC Average,0.7767811458325943,0.22321885416740606
