donor,Year,ODA for Development Priorities,Contributions to EUI,In-donor Refugee Costs
Belgium,2019,1516.3134539999996,641.957992,143.763804
Belgium,2020,1595.6171839999997,664.830412,135.357472
Belgium,2021,1591.7311750000003,666.844351,236.045348
Belgium,2022,1579.72,787.9,319.84
Belgium,2023,1628.254673,716.825267,335.258614
