Donor,Year,Total ODA,Bilateral funding,Multilateral as core contributions to organizations,Bilateral as earmarked funding through multilaterals,Earmarked,Bilateral,Multilateral
Belgium,2019,2424.2170564026,1098.3,1161.02,164.89,7%,45%,48%
Belgium,2020,2526.0020764523,1053.28,1277.22,195.52,8%,42%,51%
Belgium,2021,2633.1027023277998,1152.95,1274.05,206.1,8%,44%,48%
Belgium,2022,2840.096223,1153.1,1441.82,245.18,9%,41%,51%
Belgium,2023,2814.3320932863994,1176.46,1408.39,229.47,8%,42%,50%
