Donor,Year,ODA AS % GNI,Total ODA
Belgium,2019,0.41%,2448.221694
Belgium,2020,0.48%,2551.11313
Belgium,2021,0.43%,2670.384669
Belgium,2022,0.45%,2854.643608
Belgium,2023,0.44%,2814.45
Belgium,2024,0.48%,3157.319379
Belgium,2025,0.39%,2572.0
Belgium,2026,0.36%,2422.0
