Donor,Year,Total ODA,Bilateral funding,Multilateral as core contributions to organizations,Bilateral as earmarked funding through multilaterals,Earmarked,Bilateral,Multilateral
Canada,2019,5488.0727905761005,2482.75,1736.22,1269.1,23%,45%,32%
Canada,2020,5893.711579094201,2884.56,1350.1,1659.06,28%,49%,23%
Canada,2021,6354.3942573259,2460.61,1383.63,2510.15,40%,39%,22%
Canada,2022,7653.108656,2827.34,1987.39,2838.38,37%,37%,26%
Canada,2023,7965.4730662642,4041.12,1797.14,2127.21,27%,51%,23%
