Donor,Year,Total ODA,Bilateral funding,Multilateral as core contributions to organizations,Bilateral as earmarked funding through multilaterals,Earmarked,Bilateral,Multilateral
Canada,2019,5618.995383,2541.98,1777.64,1299.38,23%,45%,32%
Canada,2020,6034.311026,2953.37,1382.31,1698.64,28%,49%,23%
Canada,2021,6505.983677,2519.31,1416.63,2570.04,40%,39%,22%
Canada,2022,7835.68,2894.79,2034.8,2906.09,37%,37%,26%
Canada,2023,8155.496126,4137.53,1840.01,2177.96,27%,51%,23%
