Year,ODA AS % GNI,Total ODA
2018,0.28%,5390.7885538683
2019,0.27%,5488.0727905761005
2020,0.31%,5893.711579094201
2021,0.32%,6354.3942573259
2022,0.37%,7653.108656
2023,0.38%,7965.4730662642005
2024,0.27%,5758.281355
2025,0.27%,5891.180924
