Donor,Year,ODA AS % GNI,Total ODA
Canada,2019,0.27%,5527.515934
Canada,2020,0.31%,5909.323716
Canada,2021,0.32%,6400.135794
Canada,2022,0.37%,7675.269102
Canada,2023,0.38%,7965.35
Canada,2024,0.34%,7322.560351
Canada,2025,0.27%,5899.0
Canada,2026,0.27%,6039.0
