Year,Bilateral funding,Bilateral as earmarked funding through multilaterals,Multilateral as core contributions to organizations,Bilateral,Earmarked,Multilateral
2019,2544.2113389999995,1316.347809,1777.640926,45%,23%,32%
2020,2956.1693939999996,1722.960898,1382.320184,49%,28%,23%
2021,2523.564906,2616.910991,1416.634968,38%,40%,22%
2022,2897.4399999999996,4230.85,2203.69,31%,45%,24%
2023,0.0,0.0,0.0,0%,0%,0%
