donor,Grants,Loans/Equity Investment
Canada,0.7274522475263994,0.2725477524736006
DAC Average,0.7767811458325942,0.22321885416740608
