"Year","Bilateral funding","Bilateral as earmarked funding through multilaterals","Multilateral as core contributions to organizations","Bilateral","Earmarked","Multilateral"
"2018",2572.397591,1474.364218,1310.50916,"48%","28%","24%"
"2019",2466.103624,1275.93571,1723.067051,"45%","23%","32%"
"2020",2861.597071,1667.840777,1338.097674,"49%","28%","23%"
"2021",2444.73,2535.16,1372.38,"38%","40%","22%"
"2022",2779.232809,4058.243528,2113.785807,"31%","45%","24%"
