donor,CSOs,Other Channels
Canada,0.12396113173823745,0.8760388682617672
DAC Average,0.0725118691929405,0.92748813080706
