donor,Year,Total ODA,Bilateral funding,Multilateral as core contributions to organizations,Bilateral as earmarked funding through multilaterals,Earmarked,Bilateral,Multilateral
Canada,2019,5618.995383,2541.975747,1777.640926,1299.37871,23%,45%,32%
Canada,2020,6034.311026,2953.3742209999996,1382.308239,1698.640511,28%,49%,23%
Canada,2021,6505.983677,2519.3120489999997,1416.634968,2570.03666,40%,39%,22%
Canada,2022,7835.68,2894.79,2034.8,2906.09,37%,37%,26%
Canada,2023,8155.496126,4137.526809,1840.009999,2177.959318,27%,51%,23%
