Year,ODA for Development Priorities,Contributions to EUI,In-donor Refugee Costs,donor
2019,4826.299454,0.0,565.9022,Canada
2020,5064.852118,0.0,753.478099,Canada
2021,5980.931303,0.0,478.549652,Canada
2022,8350.76,0.0,923.38,Canada
2023,7564.210242,0.0,1730.425015,Canada
