Year,ODA for Development Priorities,Contributions to EUI,In-donor Refugee Costs
2019,4826.299454,0.0,565.9022
2020,5064.852118,0.0,753.478099
2021,5980.931303,0.0,478.549652
2022,8350.76,0.0,923.38
2023,7839.22217,0.0,1577.571215
