donor,CSOs,Other Channels
Canada,0.12396113173823745,0.8760388682617672
DAC Average,0.07251186919294052,0.9274881308070599
