donor,CSOs,Other Channels
Canada,0.12396113173823746,0.8760388682617659
DAC Average,0.07251186919294052,0.9274881308070599
