Year,Bilateral funding,Bilateral as earmarked funding through multilaterals,Multilateral as core contributions to organizations,Bilateral,Earmarked,Multilateral
2019,2541.975747,1299.37871,1777.640926,45%,23%,32%
2020,2953.3742209999996,1698.640511,1382.308239,49%,28%,23%
2021,2519.3120489999997,2570.03666,1416.634968,39%,40%,22%
2022,2894.79,2906.09,2034.8,37%,37%,26%
2023,6428.470365,0.0,1837.818913,78%,0%,22%
