Year,Bilateral funding,Multilateral as core contributions to organizations,Bilateral,Multilateral
2019,3841.354457,1777.640926,68%,32%
2020,4652.014732,1382.308239,77%,23%
2021,5089.348709,1416.634968,78%,22%
2022,5800.88,2034.8,74%,26%
2023,6428.470365,1837.818913,78%,22%
