donor,CSOs,Other Channels
Czechia,0.0500432570532582,0.949956742946742
DAC Average,0.0725118691929405,0.92748813080706
