Year,Bilateral funding,Multilateral as core contributions to organizations,Bilateral,Multilateral
2019,110.124608,245.123476,31%,69%
2020,81.049737,252.447078,24%,76%
2021,89.203545,279.775213,24%,76%
2022,734.84,316.42,70%,30%
2023,424.549047,265.831848,61%,39%
