donor,CSOs,Other Channels
Czechia,0.0500432570532582,0.949956742946742
DAC Average,0.07251186919294052,0.92748813080706
