donor,Year,Total ODA,Bilateral funding,Multilateral as core contributions to organizations,Bilateral as earmarked funding through multilaterals,Earmarked,Bilateral,Multilateral
Czechia,2019,355.248084,91.36263799999999,245.123476,18.76197,5%,26%,69%
Czechia,2020,333.496815,61.33915399999999,252.447078,19.710583,6%,18%,76%
Czechia,2021,368.978758,64.985251,279.775213,24.218294,7%,18%,76%
Czechia,2022,1051.26,714.6,316.42,20.24,2%,68%,30%
Czechia,2023,708.686681,421.53161,275.050338,12.104734,2%,59%,39%
