Donor,Year,ODA AS % GNI,Total ODA
Czechia,2018,0.13%,394.9139499232
Czechia,2019,0.13%,406.1906592456
Czechia,2020,0.13%,381.320258271
Czechia,2021,0.13%,421.89031189720004
Czechia,2022,0.38%,1202.0106839999999
Czechia,2023,0.24%,810.3123510554
Czechia,2024,0.13%,508.813
Czechia,2025,0.13%,520.247
