Year,Bilateral funding,Bilateral as earmarked funding through multilaterals,Multilateral as core contributions to organizations,Bilateral,Earmarked,Multilateral
2019,91.36263799999999,18.76197,245.123476,26%,5%,69%
2020,61.33915399999999,19.710583,252.447078,18%,6%,76%
2021,64.985251,24.218294,279.775213,18%,7%,76%
2022,714.6,20.24,316.42,68%,2%,30%
2023,0.0,0.0,0.0,0%,0%,0%
