Year,ODA for Development Priorities,Contributions to EUI,In-donor Refugee Costs
2019,134.98737799999998,213.240765,7.019941
2020,110.95006699999999,216.403914,6.142834
2021,117.84623800000003,244.662214,6.470306
2022,122.62000000000006,282.65,645.99
2023,100.98356599999994,224.366138,363.946663
