Year,ODA for Development Priorities,Contributions to EUI,In-donor Refugee Costs,donor
2019,134.987378,213.240765,7.019941,Czechia
2020,110.95006699999999,216.403914,6.142834,Czechia
2021,117.84623800000001,244.662214,6.470306,Czechia
2022,122.62000000000006,282.65,645.99,Czechia
2023,102.933968,238.788614,365.862079,Czechia
