Year,ODA AS % GNI,Total ODA
2018,0.13%,394.9139499232
2019,0.13%,406.1906592456
2020,0.13%,381.320258271
2021,0.13%,421.89031189720004
2022,0.38%,1202.0106839999999
2023,0.24%,810.3123510554
2024,0.13%,426.23665199999994
2025,0.13%,434.81215199999997
