donor,CSOs,Other Channels
Denmark,0.18131587706502242,0.8186841229349758
DAC Average,0.07251186919294052,0.92748813080706
