Year,ODA for Development Priorities,Contributions to EUI,In-donor Refugee Costs,donor
2019,2351.842709,330.488617,58.210512,Denmark
2020,2300.223314,354.905868,58.971125,Denmark
2021,2386.23647,351.44168,60.697713,Denmark
2022,2032.1899999999998,375.42,356.72,Denmark
2023,2319.675273,361.07873,273.404283,Denmark
