Donor,Year,Total ODA,Bilateral funding,Multilateral as core contributions to organizations,Bilateral as earmarked funding through multilaterals,Earmarked,Bilateral,Multilateral
Denmark,2019,2785.387316733,1200.2,854.98,730.21,26%,43%,31%
Denmark,2020,2756.4044430930003,1047.8,991.23,717.38,26%,38%,36%
Denmark,2021,2837.6099237955,1110.97,881.61,845.03,30%,39%,31%
Denmark,2022,2802.775465,1396.22,766.19,640.36,23%,50%,27%
Denmark,2023,3056.6031938155,1437.84,899.17,719.58,24%,47%,29%
