"Year","ODA for Development Priorities","Contributions to EUI","In-donor Refugee Costs"
"2018",2354.197877,330.583025,71.857038
"2019",2438.765071,342.703231,60.361929
"2020",2393.064246,369.230473,61.3513
"2021",2484.61,365.93,63.2
"2022",2110.364133,389.861629,370.442279
