Donor,Year,ODA AS % GNI,Total ODA
Denmark,2019,0.72%,2741.967087
Denmark,2020,0.72%,2716.060812
Denmark,2021,0.71%,2798.465602
Denmark,2022,0.67%,2738.015239
Denmark,2023,0.73%,3056.51
Denmark,2024,0.71%,3124.011427
Denmark,2025,0.7%,3037.0
Denmark,2026,0.7%,3081.0
