donor,CSOs,Other Channels
Estonia,0.04108774016855502,0.9589122598314453
DAC Average,0.07251186919294052,0.9274881308070599
