Year,ODA AS % GNI,Total ODA
2018,0.16%,61.2168117408
2019,0.16%,61.868409475200004
2020,0.17%,63.2888893152
2021,0.16%,69.5842342992
2022,0.54%,224.72011200000003
2023,0.28%,109.50482441759999
2024,0.16%,63.100128000000005
2025,0.16%,64.47576000000001
