Year,ODA for Development Priorities,Contributions to EUI,In-donor Refugee Costs,donor
2019,23.056104,31.532445,0.730129,Estonia
2020,24.990638,30.906789,0.691351,Estonia
2021,32.012708,30.204955,0.0,Estonia
2022,25.839999999999996,38.18,136.91,Estonia
2023,30.187310999999994,37.528477,30.205193,Estonia
