Year,Bilateral funding,Bilateral as earmarked funding through multilaterals,Multilateral as core contributions to organizations,Bilateral,Earmarked,Multilateral
2019,14.077798999999999,5.145128,36.095751,25%,9%,65%
2020,13.090335,5.814148,37.684295,23%,10%,67%
2021,19.389433,6.198007,36.630223,31%,10%,59%
2022,155.13,1.35,44.45,77%,1%,22%
2023,53.113928,0.0,44.592451,54%,0%,46%
