donor,CSOs,Other Channels
Estonia,0.04108774016855502,0.9589122598314453
DAC Average,0.0725118691929405,0.92748813080706
