Donor,Year,ODA AS % GNI,Total ODA
Estonia,2018,0.16%,61.2168117408
Estonia,2019,0.16%,61.868409475200004
Estonia,2020,0.17%,63.2888893152
Estonia,2021,0.16%,69.5842342992
Estonia,2022,0.54%,224.72011200000003
Estonia,2023,0.28%,109.50482441759999
Estonia,2024,0.16%,70.45920000000001
Estonia,2025,0.16%,71.5776
