donor,Year,Total ODA,Bilateral funding,Multilateral as core contributions to organizations,Bilateral as earmarked funding through multilaterals,Earmarked,Bilateral,Multilateral
Estonia,2019,55.318678,14.077798999999999,36.095751,5.145128,9%,25%,65%
Estonia,2020,56.588778,13.090335,37.684295,5.814148,10%,23%,67%
Estonia,2021,62.217663,19.389433,36.630223,6.198007,10%,31%,59%
Estonia,2022,200.93,155.13,44.45,1.35,1%,77%,22%
Estonia,2023,97.912039,50.413523,44.735519,2.771939,3%,51%,46%
