Year,ODA for Development Priorities,Contributions to EUI,In-donor Refugee Costs
2019,23.056104,31.532445,0.730129
2020,24.990638,30.906789,0.691351
2021,32.012708,30.204955,0.0
2022,25.840000000000003,38.18,136.91
2023,30.267786,37.331759,30.106834
