Year,Bilateral funding,Multilateral as core contributions to organizations,Bilateral,Multilateral
2019,19.222927,36.095751,35%,65%
2020,18.904483,37.684295,33%,67%
2021,25.58744,36.630223,41%,59%
2022,156.48,44.45,78%,22%
2023,53.113928,44.592451,54%,46%
