Donor,Year,ODA AS % GNI,Total ODA
EU Institutions,2018,0.0%,17580.2254622667
EU Institutions,2019,0.0%,16612.6129795071
EU Institutions,2020,0.0%,20985.301582660803
EU Institutions,2021,0.0%,19254.786857212497
EU Institutions,2022,0.0%,24478.738515
EU Institutions,2023,0.0%,26874.069138094503
EU Institutions,2024,,27796.2444
EU Institutions,2025,,28896.6663
