Year,ODA AS % GNI,Total ODA
2018,0.0%,17580.2254622667
2019,0.0%,16612.6129795071
2020,0.0%,20985.301582660803
2021,0.0%,19254.786857212497
2022,0.0%,24478.738515
2023,0.0%,26874.069138094503
2024,0.0%,27796.222674
2025,0.0%,28896.253506
