Donor,Year,Total ODA,Bilateral funding,Multilateral as core contributions to organizations,Bilateral as earmarked funding through multilaterals,Earmarked,Bilateral,Multilateral
EU Institutions,2019,16612.6129795071,11911.59,392.6,4308.42,26%,72%,2%
EU Institutions,2020,20985.301582660803,15958.49,269.12,4757.69,23%,76%,1%
EU Institutions,2021,19254.786857212497,14035.03,34.45,5185.3,27%,73%,0%
EU Institutions,2022,24478.738514999997,17528.48,18.09,6932.18,28%,72%,0%
EU Institutions,2023,26874.0691380945,20796.44,88.13,5989.49,22%,77%,0%
