donor,Grants,Loans/Equity Investment
EU Institutions,0.43766160709125046,0.5623383929087525
DAC Average,0.7767811458325943,0.22321885416740606
