Year,Bilateral funding,Multilateral as core contributions to organizations,Bilateral,Multilateral
2019,14931.427187,361.413629,98%,2%
2020,19070.407216,247.7384,99%,1%
2021,17693.398026,31.711849,100%,0%
2022,22517.41,16.65,100%,0%
2023,24783.51332,4.446413,100%,0%
