donor,CSOs,Other Channels
EU Institutions,0.028907248689077937,0.9710927513109255
DAC Average,0.07251186919294052,0.92748813080706
