donor,Grants,Loans/Equity Investment
Finland,0.9017200426048765,0.09827995739512381
DAC Average,0.7767811458325943,0.22321885416740603
