donor,Grants,Loans/Equity Investment
Finland,0.9017200426048764,0.0982799573951238
DAC Average,0.7767811458325943,0.22321885416740606
