donor,Year,Total ODA,Bilateral funding,Multilateral as core contributions to organizations,Bilateral as earmarked funding through multilaterals,Earmarked,Bilateral,Multilateral
Finland,2019,1162.408636,417.29809100000006,543.965752,201.144793,17%,36%,47%
Finland,2020,1269.922223,437.717154,618.284422,213.930583,17%,34%,49%
Finland,2021,1350.555786,425.805251,692.567241,232.192665,17%,32%,51%
Finland,2022,1615.62,779.94,596.12,239.56,15%,48%,37%
Finland,2023,1475.961229,587.0438859999999,640.53079,248.386553,17%,40%,43%
