Donor,Year,Total ODA,Bilateral funding,Multilateral as core contributions to organizations,Bilateral as earmarked funding through multilaterals,Earmarked,Bilateral,Multilateral
Finland,2019,1249.2405611092,448.47,584.6,216.17,17%,36%,47%
Finland,2020,1364.7854130581002,470.41,664.47,229.91,17%,34%,49%
Finland,2021,1451.4423032141997,457.61,744.3,249.54,17%,32%,51%
Finland,2022,1736.3068139999998,838.2,640.65,257.46,15%,48%,37%
Finland,2023,1586.2155328063,630.9,688.38,266.94,17%,40%,43%
