donor,CSOs,Other Channels
Finland,0.1500649524238401,0.8499350475761586
DAC Average,0.0725118691929405,0.92748813080706
