Donor,Year,ODA AS % GNI,Total ODA
Finland,2019,0.42%,1246.065692
Finland,2020,0.47%,1361.291653
Finland,2021,0.47%,1443.982251
Finland,2022,0.57%,1726.220759
Finland,2023,0.54%,1586.15
Finland,2024,0.47%,1380.885763
Finland,2025,0.36%,1086.0
Finland,2026,0.36%,1106.0
