donor,CSOs,Other Channels
Finland,0.1500649524238401,0.8499350475761586
DAC Average,0.07251186919294052,0.92748813080706
