donor,Year,ODA for Development Priorities,Contributions to EUI,In-donor Refugee Costs
Finland,2019,846.2534710000001,243.106926,92.096704
Finland,2020,945.9066109999999,264.661103,59.076316
Finland,2021,1068.15373,270.791486,64.443819
Finland,2022,917.75,287.42,409.9
Finland,2023,1036.4343710000003,260.399704,232.167403
