donor,Year,ODA for Development Priorities,Contributions to EUI,In-donor Refugee Costs
France,2019,8279.347822,2590.40469,1220.366414
France,2020,11504.802307000002,2746.15546,1179.312121
France,2021,11427.360622,2822.685392,1058.749628
France,2022,12899.23,3127.74,1531.95
France,2023,10584.871199,2855.453797,1184.161749
