donor,Grants,Loans/Equity Investment
France,0.5919284738150667,0.4080715261849391
DAC Average,0.7767811458325943,0.22321885416740603
