Donor,Year,ODA AS % GNI,Total ODA
France,2018,0.43%,12731.396233945
France,2019,0.44%,13335.68339799
France,2020,0.53%,14733.440009385
France,2021,0.51%,15366.401819030001
France,2022,0.56%,17335.382325
France,2023,0.48%,15050.039427390002
France,2024,0.45%,15148.505000000001
France,2025,0.39%,13510.6825
