Donor,Year,ODA AS % GNI,Total ODA
France,2019,0.44%,13365.480904
France,2020,0.53%,14747.019658
France,2021,0.51%,15411.864695
France,2022,0.56%,17341.354245
France,2023,0.48%,15049.51
France,2024,0.48%,15046.945498
France,2025,0.39%,12481.0
France,2026,0.38%,12262.0
