Year,ODA for Development Priorities,Contributions to EUI,In-donor Refugee Costs
2019,8279.347822,2590.40469,1220.366414
2020,11504.802306999998,2746.15546,1179.312121
2021,11427.360622000002,2822.685392,1058.749628
2022,12899.23,3127.74,1531.95
2023,11390.85798,2841.17154,1176.66033
