Year,Bilateral funding,Bilateral as earmarked funding through multilaterals,Multilateral as core contributions to organizations,Bilateral,Earmarked,Multilateral
2019,9380.92304,364.716713,4926.934184,64%,2%,34%
2020,11582.950307000001,1029.337338,5326.957073,65%,6%,30%
2021,10989.608373,737.686147,6005.763854,62%,4%,34%
2022,12482.29,683.71,7127.17,62%,3%,35%
2023,0.0,0.0,0.0,0%,0%,0%
