Donor,Year,Total ODA,Bilateral funding,Multilateral as core contributions to organizations,Bilateral as earmarked funding through multilaterals,Earmarked,Bilateral,Multilateral
France,2019,13335.68339799,7748.84,5231.13,355.72,3%,58%,39%
France,2020,14733.440009385,8929.48,5193.2,610.76,4%,61%,35%
France,2021,15366.40181903,8589.6,6155.46,621.34,4%,56%,40%
France,2022,17335.382325,9576.92,7188.79,569.68,3%,55%,41%
France,2023,15050.03942739,7893.35,6592.73,563.96,4%,52%,44%
