Year,Bilateral funding,Multilateral as core contributions to organizations,Bilateral,Multilateral
2019,7486.89201,4832.456091,61%,39%
2020,8813.157726,4797.410412,65%,35%
2021,8508.951258,5686.339106,60%,40%
2022,9373.3,6640.91,59%,41%
2023,8151.26134,6099.992875,57%,43%
