donor,Year,Total ODA,Bilateral funding,Multilateral as core contributions to organizations,Bilateral as earmarked funding through multilaterals,Earmarked,Bilateral,Multilateral
France,2019,12319.338012,7158.281768,4832.456091,328.610242,3%,58%,39%
France,2020,13610.568138,8248.940719,4797.410412,564.217007,4%,61%,35%
France,2021,14195.290364,7934.9644579999995,5686.339106,573.9868,4%,56%,40%
France,2022,16014.21,8847.039999999999,6640.91,526.26,3%,55%,41%
France,2023,13903.038732,7291.7761390000005,6090.283527,520.979066,4%,52%,44%
