Year,Bilateral funding,Bilateral as earmarked funding through multilaterals,Multilateral as core contributions to organizations,Bilateral,Earmarked,Multilateral
2019,7158.281768,328.610242,4832.456091,58%,3%,39%
2020,8248.940719,564.217007,4797.410412,61%,4%,35%
2021,7934.9644579999995,573.9868,5686.339106,56%,4%,40%
2022,8847.039999999999,526.26,6640.91,55%,3%,41%
2023,8151.26134,0.0,6099.992875,57%,0%,43%
