donor,CSOs,Other Channels
France,0.040263559296429156,0.9597364407035759
DAC Average,0.07251186919294052,0.92748813080706
