Year,ODA AS % GNI,Total ODA
2018,0.43%,12731.396233945
2019,0.44%,13335.68339799
2020,0.53%,14733.440009385
2021,0.51%,15366.401819030001
2022,0.56%,17335.382325
2023,0.48%,15050.039427390002
2024,0.52%,16356.131175
2025,0.45%,14262.846800000001
