Year,ODA AS % GNI,Total ODA
2018,0.61%,27450.5351669166
2019,0.61%,27452.250572025896
2020,0.73%,31404.273127235
2021,0.76%,34049.2107029984
2022,0.85%,38958.77265299999
2023,0.82%,37905.5193158038
2024,0.64%,29707.06939
2025,0.61%,28690.005426
