"Year","ODA for Development Priorities","Contributions to EUI","In-donor Refugee Costs"
"2018",19848.128286,3555.763095,4156.5767
"2019",19742.854968,3628.544259,3364.602169
"2020",24705.321199,3837.499577,2813.522554
"2021",25784.93,3938.58,2732.06
"2022",29278.185506,4380.410167,5116.347929
