Donor,Year,Total ODA,Bilateral funding,Multilateral as core contributions to organizations,Bilateral as earmarked funding through multilaterals,Earmarked,Bilateral,Multilateral
Germany,2019,25114.125489,15631.7,5829.31,3653.11,15%,62%,23%
Germany,2020,28729.55185,16939.78,6596.23,5193.55,18%,59%,23%
Germany,2021,31149.218464,16867.14,7954.23,6327.85,20%,54%,26%
Germany,2022,35640.63,19507.54,7321.82,8811.28,25%,55%,21%
Germany,2023,34677.082898,20687.6,9794.67,4194.82,12%,60%,28%
