Donor,Year,ODA AS % GNI,Total ODA
Germany,2019,0.61%,27535.658426
Germany,2020,0.73%,31535.196763
Germany,2021,0.76%,34261.431532
Germany,2022,0.85%,38897.487451
Germany,2023,0.82%,37904.78
Germany,2024,0.67%,31382.3973
Germany,2025,0.61%,28701.0
Germany,2026,0.59%,28080.0
