donor,Grants,Loans/Equity Investment
Germany,0.8617178954653543,0.13828210453464193
DAC Average,0.7767811458325943,0.22321885416740603
