Donor,Year,ODA AS % GNI,Total ODA
Germany,2018,0.61%,27450.5351669166
Germany,2019,0.61%,27452.250572025896
Germany,2020,0.73%,31404.273127235
Germany,2021,0.76%,34049.2107029984
Germany,2022,0.85%,38958.77265299999
Germany,2023,0.82%,37905.5193158038
Germany,2024,0.64%,32363.4117
Germany,2025,0.61%,31373.0631
