donor,Year,Total ODA,Bilateral funding,Multilateral as core contributions to organizations,Bilateral as earmarked funding through multilaterals,Earmarked,Bilateral,Multilateral
Germany,2019,25114.125489,15631.697521000002,5829.314242,3653.113727,15%,62%,23%
Germany,2020,28729.55185,16939.778352,6596.225797,5193.547701,18%,59%,23%
Germany,2021,31149.218464,16867.143409,7954.22931,6327.845745,20%,54%,26%
Germany,2022,35640.63,19507.54,7321.82,8811.28,25%,55%,21%
Germany,2023,34677.082898,20687.595882,9794.665467,4194.821548,12%,60%,28%
