Year,Bilateral funding,Bilateral as earmarked funding through multilaterals,Multilateral as core contributions to organizations,Bilateral,Earmarked,Multilateral
2019,18141.760835,3948.211993,5829.314242,65%,14%,21%
2020,20222.364537999998,5675.961605,6596.225797,62%,17%,20%
2021,19353.603062,6543.814997,7954.22931,57%,19%,23%
2022,22581.729999999996,10268.4,7321.82,56%,26%,18%
2023,0.0,0.0,0.0,0%,0%,0%
