donor,CSOs,Other Channels
Germany,0.04434816765489041,0.9556518323451074
DAC Average,0.07251186919294052,0.9274881308070599
