Donor,Year,Total ODA,Bilateral funding,Multilateral as core contributions to organizations,Bilateral as earmarked funding through multilaterals,Earmarked,Bilateral,Multilateral
Germany,2019,27452.250572025896,17087.01,6372.02,3993.22,15%,62%,23%
Germany,2020,31404.273127235003,18516.87,7210.33,5677.07,18%,59%,23%
Germany,2021,34049.2107029984,18437.47,8694.77,6916.97,20%,54%,26%
Germany,2022,38958.77265299999,21323.69,8003.48,9631.61,25%,55%,21%
Germany,2023,37905.5193158038,22613.61,10706.55,4585.36,12%,60%,28%
