Year,Bilateral funding,Bilateral as earmarked funding through multilaterals,Multilateral as core contributions to organizations,Bilateral,Earmarked,Multilateral
2019,15631.697521000002,3653.113727,5829.314242,62%,15%,23%
2020,16939.778352,5193.547701,6596.225797,59%,18%,23%
2021,16867.143409,6327.845745,7954.22931,54%,20%,26%
2022,19507.54,8811.28,7321.82,55%,25%,21%
2023,25880.195559,0.0,7678.541493,77%,0%,23%
