Year,ODA for Development Priorities,Contributions to EUI,In-donor Refugee Costs
2019,18487.476139,3397.817869,3150.658931
2020,23118.639315,3591.038864,2632.826046
2021,24139.546862,3687.252069,2557.722298
2022,27518.54,4117.16,4808.87
2023,22597.979864,3110.68184,6486.330883
