Year,Bilateral funding,Multilateral as core contributions to organizations,Bilateral,Multilateral
2019,19284.811248,5829.314242,77%,23%
2020,22133.326053,6596.225797,77%,23%
2021,23194.989154,7954.22931,74%,26%
2022,28318.82,7321.82,79%,21%
2023,25880.195559,7678.541493,77%,23%
