donor,Grants,Loans/Equity Investment
Germany,0.8617178954653544,0.1382821045346419
DAC Average,0.7767811458325942,0.22321885416740608
