donor,CSOs,Other Channels
Germany,0.04434816765489041,0.9556518323451074
DAC Average,0.0725118691929405,0.92748813080706
