donor,Year,Total ODA,Bilateral funding,Multilateral as core contributions to organizations,Bilateral as earmarked funding through multilaterals,Earmarked,Bilateral,Multilateral
Greece,2019,376.323657,141.743051,230.241637,4.338969,1%,38%,61%
Greece,2020,330.142249,81.889308,244.198011,4.05493,1%,25%,74%
Greece,2021,326.190928,57.31428699999999,254.904549,13.972092,4%,18%,78%
Greece,2022,360.44,80.33,260.48,19.63,5%,22%,72%
Greece,2023,307.897232,49.529532,255.144321,3.22338,1%,16%,83%
