donor,CSOs,Other Channels
Greece,0.0,1.0
DAC Average,0.07251186919294052,0.9274881308070599
