Year,ODA for Development Priorities,Contributions to EUI,In-donor Refugee Costs
2019,30.608149000000026,208.147691,137.567817
2020,23.579418000000004,225.089154,81.473677
2021,76.023492,215.189356,34.97808
2022,41.18000000000001,246.25,73.01
2023,71.08933800000001,228.509994,0.0
