Donor,Year,ODA AS % GNI,Total ODA
Greece,2018,0.13%,306.86310857959995
Greece,2019,0.18%,408.6122267706
Greece,2020,0.17%,358.46845396419997
Greece,2021,0.16%,354.1781096223999
Greece,2022,0.17%,391.36575199999993
Greece,2023,0.14%,334.31481450559994
Greece,2024,0.13%,337.68379999999996
Greece,2025,0.13%,344.19859999999994
