donor,CSOs,Other Channels
Greece,0.0,1.0
DAC Average,0.0725118691929405,0.92748813080706
