Year,ODA AS % GNI,Total ODA
2018,0.13%,306.86310857959995
2019,0.18%,408.6122267706
2020,0.17%,358.46845396419997
2021,0.16%,354.1781096223999
2022,0.17%,391.36575199999993
2023,0.14%,334.31481450559994
2024,0.13%,317.62907399999995
2025,0.13%,323.76384399999995
