Year,Bilateral funding,Bilateral as earmarked funding through multilaterals,Multilateral as core contributions to organizations,Bilateral,Earmarked,Multilateral
2019,141.743051,4.338969,230.241637,38%,1%,61%
2020,81.889308,4.05493,244.198011,25%,1%,74%
2021,57.31428699999999,13.972092,254.904549,18%,4%,78%
2022,80.33,19.63,260.48,22%,5%,72%
2023,0.0,0.0,0.0,0%,0%,0%
