donor,Year,ODA for Development Priorities,Contributions to EUI,In-donor Refugee Costs
Greece,2019,30.608148999999997,208.147691,137.567817
Greece,2020,23.579417999999976,225.089154,81.473677
Greece,2021,76.023492,215.189356,34.97808
Greece,2022,41.18000000000001,246.25,73.01
Greece,2023,32.01276599999994,229.651992,46.232475
