donor,Year,Total ODA,Bilateral funding,Multilateral as core contributions to organizations,Bilateral as earmarked funding through multilaterals,Earmarked,Bilateral,Multilateral
Hungary,2019,315.619356,147.43265300000002,154.67432,13.512384,4%,47%,49%
Hungary,2020,420.985976,208.820649,193.376706,18.78862,4%,50%,46%
Hungary,2021,405.293008,225.581993,169.379797,10.321902,3%,56%,42%
Hungary,2022,371.28,289.27,76.96,5.05,1%,78%,21%
Hungary,2023,224.244247,175.376732,45.105253,3.762262,2%,78%,20%
