Year,ODA for Development Priorities,Contributions to EUI,In-donor Refugee Costs
2019,183.863498,130.673655,1.082204
2020,253.77229600000004,164.594354,2.619325
2021,266.11502,137.883092,1.28558
2022,346.59,24.69,0.0
2023,255.01268199999998,0.0,0.0
