Donor,Year,Total ODA,Bilateral funding,Multilateral as core contributions to organizations,Bilateral as earmarked funding through multilaterals,Earmarked,Bilateral,Multilateral
Hungary,2019,376.66013945040004,175.95,184.59,16.13,4%,47%,49%
Hungary,2020,502.4046637584,249.21,230.78,22.42,4%,50%,46%
Hungary,2021,483.67667574719997,269.21,202.14,12.32,3%,56%,42%
Hungary,2022,443.08555199999995,345.21,91.84,6.03,1%,78%,21%
Hungary,2023,267.6130843698,209.29,53.83,4.49,2%,78%,20%
