Year,Bilateral funding,Bilateral as earmarked funding through multilaterals,Multilateral as core contributions to organizations,Bilateral,Earmarked,Multilateral
2019,147.43265300000002,13.512384,154.67432,47%,4%,49%
2020,208.820649,18.78862,193.376706,50%,4%,46%
2021,225.581993,10.321902,169.379797,56%,3%,42%
2022,289.27,5.05,76.96,78%,1%,21%
2023,193.014955,0.0,61.997727,76%,0%,24%
