Year,ODA AS % GNI,Total ODA
2018,0.21%,335.10748258259997
2019,0.21%,376.6601394504
2020,0.27%,502.4046637584
2021,0.28%,483.67667574719997
2022,0.26%,443.08555199999995
2023,0.13%,267.6130843698
2024,0.15%,314.21028600000005
2025,0.15%,324.72414000000003
