Year,Bilateral funding,Multilateral as core contributions to organizations,Bilateral,Multilateral
2019,160.945037,154.67432,51%,49%
2020,227.609269,193.376706,54%,46%
2021,235.903895,169.379797,58%,42%
2022,294.32,76.96,79%,21%
2023,193.014955,61.997727,76%,24%
