donor,CSOs,Other Channels
Hungary,0.04225594721712965,0.9577440527828702
DAC Average,0.07251186919294052,0.92748813080706
