donor,CSOs,Other Channels
Hungary,0.04225594721712965,0.9577440527828702
DAC Average,0.0725118691929405,0.92748813080706
