donor,Grants,Loans/Equity Investment
Hungary,0.875423831495694,0.12457616850430592
DAC Average,0.7767811458325942,0.22321885416740608
