Donor,Year,ODA AS % GNI,Total ODA
Hungary,2019,0.21%,380.043148
Hungary,2020,0.27%,506.798237
Hungary,2021,0.28%,488.751042
Hungary,2022,0.26%,448.758512
Hungary,2023,0.13%,267.62
Hungary,2024,0.09%,183.313905
Hungary,2025,0.15%,323.0
Hungary,2026,0.15%,333.0
