donor,Year,ODA for Development Priorities,Contributions to EUI,In-donor Refugee Costs
Hungary,2019,183.86349800000002,130.673655,1.082204
Hungary,2020,253.77229599999998,164.594354,2.619325
Hungary,2021,266.11502,137.883092,1.28558
Hungary,2022,346.59,24.69,0.0
Hungary,2023,201.544985,11.814677,1.659082
