Year,ODA for Development Priorities,Contributions to EUI,In-donor Refugee Costs
2019,58.508175,0.0,8.673955
2020,60.586717,0.0,6.617059
2021,67.974891,0.0,4.426034
2022,88.0,0.0,6.38
2023,102.20950099999999,0.0,8.317263
