Donor,Year,ODA AS % GNI,Total ODA
Iceland,2018,0.28%,78.209904032
Iceland,2019,0.25%,70.191889424
Iceland,2020,0.27%,70.226634248
Iceland,2021,0.28%,75.6551663856
Iceland,2022,0.34%,98.60822399999999
Iceland,2023,0.35%,110.7584299216
Iceland,2024,0.25%,83.584
Iceland,2025,0.25%,85.6736
