donor,Year,Total ODA,Bilateral funding,Multilateral as core contributions to organizations,Bilateral as earmarked funding through multilaterals,Earmarked,Bilateral,Multilateral
Iceland,2019,67.18213,33.908272,11.014719,22.259139,33%,50%,16%
Iceland,2020,67.215385,32.49324,13.652037,21.058499,31%,48%,20%
Iceland,2021,72.411147,32.535951,13.554091,26.310883,36%,45%,19%
Iceland,2022,94.38,38.629999999999995,21.97,33.78,36%,41%,23%
Iceland,2023,106.009217,41.20347399999999,22.846154,41.959589,40%,39%,22%
