donor,CSOs,Other Channels
Iceland,0.06386448005284096,0.9361355199471592
DAC Average,0.07251186919294052,0.92748813080706
