Year,ODA AS % GNI,Total ODA
2018,0.28%,78.209904032
2019,0.25%,70.191889424
2020,0.27%,70.226634248
2021,0.28%,75.6551663856
2022,0.34%,98.60822399999999
2023,0.35%,110.7584299216
2024,0.25%,80.637664
2025,0.25%,82.257104
