Year,ODA for Development Priorities,Contributions to EUI,In-donor Refugee Costs,donor
2019,58.508175,0.0,8.673955,Iceland
2020,60.586717,0.0,6.617059,Iceland
2021,67.974891,0.0,4.426034,Iceland
2022,88.0,0.0,6.38,Iceland
2023,96.80184399999999,0.0,9.207373,Iceland
