Year,Bilateral funding,Multilateral as core contributions to organizations,Bilateral,Multilateral
2019,56.167411,11.014719,84%,16%
2020,53.551739,13.652037,80%,20%
2021,58.846834,13.554091,81%,19%
2022,72.41,21.97,77%,23%
2023,81.602978,28.923786,74%,26%
