donor,Year,ODA for Development Priorities,Contributions to EUI,In-donor Refugee Costs
Ireland,2019,665.0962000000001,228.591356,83.866374
Ireland,2020,689.472965,251.015319,37.349876
Ireland,2021,754.5243680000001,292.806162,47.682216
Ireland,2022,835.3599999999999,369.42,1205.45
Ireland,2023,889.8814869999999,371.54531,1383.297115
