donor,CSOs,Other Channels
Ireland,0.09658246537002743,0.9034175346299734
DAC Average,0.0725118691929405,0.92748813080706
