Donor,Year,Total ODA,Bilateral funding,Multilateral as core contributions to organizations,Bilateral as earmarked funding through multilaterals,Earmarked,Bilateral,Multilateral
Ireland,2019,1041.09493545,463.36,433.35,144.39,14%,45%,42%
Ireland,2020,1041.3976404,402.1,491.12,148.18,14%,39%,47%
Ireland,2021,1166.17847616,424.43,537.96,203.8,17%,36%,46%
Ireland,2022,2566.89495,1671.99,623.81,271.1,11%,65%,24%
Ireland,2023,2816.6309662799995,1879.18,671.01,266.44,9%,67%,24%
