Donor,Year,ODA AS % GNI,Total ODA
Ireland,2019,0.32%,1049.895807
Ireland,2020,0.31%,1053.345359
Ireland,2021,0.3%,1173.347913
Ireland,2022,0.63%,2576.606121
Ireland,2023,0.67%,2816.59
Ireland,2024,0.57%,2422.247495
Ireland,2025,0.51%,2188.0
Ireland,2026,0.51%,2240.0
