donor,CSOs,Other Channels
Ireland,0.09658246537002743,0.9034175346299734
DAC Average,0.07251186919294052,0.9274881308070599
