donor,Year,Total ODA,Bilateral funding,Multilateral as core contributions to organizations,Bilateral as earmarked funding through multilaterals,Earmarked,Bilateral,Multilateral
Ireland,2019,977.55393,435.07878500000004,406.89904,135.576105,14%,45%,42%
Ireland,2020,977.83816,377.55745099999996,461.14673,139.133979,14%,39%,47%
Ireland,2021,1095.003264,398.524338,505.124288,191.36412,17%,36%,46%
Ireland,2022,2410.23,1569.94,585.74,254.55,11%,65%,24%
Ireland,2023,2644.723912,1764.485757,630.056112,250.182043,9%,67%,24%
