donor,Year,ODA for Development Priorities,Contributions to EUI,In-donor Refugee Costs
Italy,2019,1960.086674,1874.680323,442.68593
Italy,2020,2075.42896,1934.784876,220.339833
Italy,2021,3230.3370039999995,2003.588034,509.23003
Italy,2022,2932.6300000000006,2293.39,1479.83
Italy,2023,1954.7506870000007,2110.712256,1549.293539
