Year,ODA AS % GNI,Total ODA
2018,0.25%,5298.122799641001
2019,0.22%,4703.957324107001
2020,0.22%,4380.9459943110005
2021,0.29%,5970.671093205
2022,0.33%,7120.953270000001
2023,0.27%,6121.273344471501
2024,0.29%,6613.14799
2025,0.29%,6660.35828
