Year,ODA for Development Priorities,Contributions to EUI,In-donor Refugee Costs
2019,1960.0866739999997,1874.680323,442.68593
2020,2075.42896,1934.784876,220.339833
2021,3230.337004,2003.588034,509.23003
2022,2932.6300000000006,2293.39,1479.83
2023,1912.1648060000002,2100.110118,1502.013226
