Year,Bilateral funding,Multilateral as core contributions to organizations,Bilateral,Multilateral
2019,1429.018805,2961.048694,33%,67%
2020,1114.681845,2973.928509,27%,73%
2021,2108.47422,3463.78065,38%,62%
2022,3325.98,3319.8,50%,50%
2023,2468.385117,3144.019482,44%,56%
