Donor,Year,ODA AS % GNI,Total ODA
Italy,2018,0.25%,5298.122799641001
Italy,2019,0.22%,4703.957324107001
Italy,2020,0.22%,4380.9459943110005
Italy,2021,0.29%,5970.671093205
Italy,2022,0.33%,7120.953270000001
Italy,2023,0.27%,6121.273344471501
Italy,2024,0.3%,7185.479000000001
Italy,2025,0.31%,7521.930000000001
