"Year","ODA for Development Priorities","Contributions to EUI","In-donor Refugee Costs"
"2018",2121.607778,1984.314207,1162.154382
"2019",2125.697884,2033.075401,480.089253
"2020",2249.993563,2097.519885,238.872645
"2021",3527.66,2188,556.1
"2022",3194.894202,2498.487163,1612.170742
