Donor,Year,ODA AS % GNI,Total ODA
Italy,2019,0.22%,4803.854854
Italy,2020,0.22%,4474.078468
Italy,2021,0.29%,6097.105386
Italy,2022,0.33%,7230.824648
Italy,2023,0.27%,6121.17
Italy,2024,0.28%,6534.021868
Italy,2025,0.31%,7020.0
Italy,2026,0.3%,6882.0
