Year,Bilateral funding,Bilateral as earmarked funding through multilaterals,Multilateral as core contributions to organizations,Bilateral,Earmarked,Multilateral
2019,1080.0489779999998,380.10901,2961.048694,24%,9%,67%
2020,893.196764,457.049968,2973.928509,21%,11%,69%
2021,1740.1363529999999,722.408867,3536.470238,29%,12%,59%
2022,2794.71,817.97,3319.8,40%,12%,48%
2023,0.0,0.0,0.0,0%,0%,0%
