Donor,Year,Total ODA,Bilateral funding,Multilateral as core contributions to organizations,Bilateral as earmarked funding through multilaterals,Earmarked,Bilateral,Multilateral
Italy,2019,4703.957324107,1123.91,3172.76,407.29,9%,24%,67%
Italy,2020,4380.9459943110005,841.8,3186.56,352.58,8%,19%,73%
Italy,2021,5970.671093205001,1655.72,3711.44,603.51,10%,28%,62%
Italy,2022,7120.953270000001,2688.1,3557.17,875.68,12%,38%,50%
Italy,2023,6121.273344471501,2355.17,3371.55,394.56,6%,38%,55%
