donor,Grants,Loans/Equity Investment
Italy,0.9445944163008946,0.05540558369910843
DAC Average,0.7767811458325943,0.22321885416740603
