donor,CSOs,Other Channels
Italy,0.01937161062260571,0.9806283893773953
DAC Average,0.0725118691929405,0.92748813080706
