donor,Year,Total ODA,Bilateral funding,Multilateral as core contributions to organizations,Bilateral as earmarked funding through multilaterals,Earmarked,Bilateral,Multilateral
Italy,2019,4390.067498,1048.909795,2961.048694,380.10901,9%,24%,67%
Italy,2020,4088.610354,785.63012,2973.928509,329.051725,8%,19%,73%
Italy,2021,5572.25487,1545.235222,3463.78065,563.238998,10%,28%,62%
Italy,2022,6645.78,2508.73,3319.8,817.25,12%,38%,50%
Italy,2023,5712.807601,2198.0119109999996,3146.567355,368.228335,6%,38%,55%
