donor,CSOs,Other Channels
Italy,0.01937161062260571,0.9806283893773953
DAC Average,0.07251186919294052,0.9274881308070599
