Year,Bilateral funding,Bilateral as earmarked funding through multilaterals,Multilateral as core contributions to organizations,Bilateral,Earmarked,Multilateral
2019,1048.909795,380.10901,2961.048694,24%,9%,67%
2020,785.63012,329.051725,2973.928509,19%,8%,73%
2021,1545.235222,563.238998,3463.78065,28%,10%,62%
2022,2508.73,817.25,3319.8,38%,12%,50%
2023,2468.385117,0.0,3144.019482,44%,0%,56%
