"Year","Bilateral funding","Bilateral as earmarked funding through multilaterals","Multilateral as core contributions to organizations","Bilateral","Earmarked","Multilateral"
"2018",1841.058538,482.051606,3056.789135,"34%","9%","57%"
"2019",1171.304238,412.225097,3211.232968,"24%","9%","67%"
"2020",968.323661,495.492501,3224.066026,"21%","11%","69%"
"2021",1900.3,788.9,3861.97,"29%","12%","59%"
"2022",3044.640057,891.120806,3616.688695,"40%","12%","48%"
