Donor,Year,Total ODA,Bilateral funding,Multilateral as core contributions to organizations,Bilateral as earmarked funding through multilaterals,Earmarked,Bilateral,Multilateral
Japan,2020,12853.259103,9039.38,2433.79,1380.09,11%,70%,19%
Japan,2021,14361.43637,9539.13,3190.47,1631.84,11%,66%,22%
Japan,2022,16996.558286,12276.91,2546.96,2172.69,13%,72%,15%
Japan,2023,19600.37,13105.28,3618.54,2876.55,15%,67%,18%
Japan,2024,17582.505344,14961.23,2621.27,0.0,0%,85%,15%
