Year,Bilateral funding,Multilateral as core contributions to organizations,Bilateral,Multilateral
2019,9882.889216,3179.338879,76%,24%
2020,10713.36064,2502.437021,81%,19%
2021,11488.872913,3281.26211,78%,22%
2022,14877.55,2622.39,85%,15%
2023,16413.482016,3830.975444,81%,19%
