donor,Year,Total ODA,Bilateral funding,Multilateral as core contributions to organizations,Bilateral as earmarked funding through multilaterals,Earmarked,Bilateral,Multilateral
Japan,2019,13062.236474,8917.044875,3179.338879,965.844341,7%,68%,24%
Japan,2020,13215.797662,9294.34228,2502.437021,1419.01836,11%,70%,19%
Japan,2021,14770.135022,9810.595994,3281.26211,1678.276919,11%,66%,22%
Japan,2022,17499.94,12640.519999999999,2622.39,2237.03,13%,72%,15%
Japan,2023,20243.972027,13535.607834,3737.359169,2971.005024,15%,67%,18%
