Donor,Year,ODA AS % GNI,Total ODA
Japan,2019,0.29%,12702.680074
Japan,2020,0.31%,12853.259103
Japan,2021,0.34%,14361.43637
Japan,2022,0.39%,16996.558286
Japan,2023,0.44%,19600.37
Japan,2024,0.39%,17582.505344
Japan,2025,0.51%,22955.0
Japan,2026,0.53%,24059.0
