donor,Grants,Loans/Equity Investment
Japan,0.3189001252345168,0.6810998747654831
DAC Average,0.7767811458325943,0.22321885416740606
