Donor,Year,Total ODA,Bilateral funding,Multilateral as core contributions to organizations,Bilateral as earmarked funding through multilaterals,Earmarked,Bilateral,Multilateral
Japan,2019,13062.236474,8917.04,3179.34,965.84,7%,68%,24%
Japan,2020,13215.797662,9294.34,2502.44,1419.02,11%,70%,19%
Japan,2021,14770.135022,9810.6,3281.26,1678.28,11%,66%,22%
Japan,2022,17499.94,12640.52,2622.39,2237.03,13%,72%,15%
Japan,2023,20243.972027,13535.61,3737.36,2971.01,15%,67%,18%
