"Year","Bilateral funding","Bilateral as earmarked funding through multilaterals","Multilateral as core contributions to organizations","Bilateral","Earmarked","Multilateral"
"2018",12151.853679,1304.194261,4016.547196,"70%","7%","23%"
"2019",13443.755776,1145.464239,4216.556247,"71%","6%","22%"
"2020",14599.144427,1683.410798,3294.641397,"75%","9%","17%"
"2021",15804.44,2003.9,4144.68,"72%","9%","19%"
"2022",20724.304017,2852.160946,3147.902098,"78%","11%","12%"
