Year,Bilateral funding,Bilateral as earmarked funding through multilaterals,Multilateral as core contributions to organizations,Bilateral,Earmarked,Multilateral
2019,11335.644534,965.844341,3555.359348,71%,6%,22%
2020,12306.23803,1419.01836,2777.192969,75%,9%,17%
2021,13236.302647,1678.276919,3471.191567,72%,9%,19%
2022,17264.579999999998,2376.02,2622.39,78%,11%,12%
2023,0.0,0.0,0.0,0%,0%,0%
