Year,ODA for Development Priorities,Contributions to EUI,In-donor Refugee Costs
2019,9821.062708999998,0.0,0.276535
2020,11102.294122,0.0,0.260086
2021,13204.720321,0.0,0.226126
2022,16693.39,0.0,53.96
2023,19241.873015,0.0,33.308968
