Donor,Year,Total ODA,Bilateral funding,Multilateral as core contributions to organizations,Bilateral as earmarked funding through multilaterals,Earmarked,Bilateral,Multilateral
Japan,2019,12646.857354126798,8633.48,3078.24,935.13,7%,68%,24%
Japan,2020,12795.5352963484,8998.78,2422.86,1373.89,11%,70%,19%
Japan,2021,14300.4447283004,9498.62,3176.92,1624.91,11%,66%,22%
Japan,2022,16943.441907999997,12238.55,2539.0,2165.89,13%,72%,15%
Japan,2023,19600.2137165414,13105.18,3618.51,2876.53,15%,67%,18%
