Year,ODA AS % GNI,Total ODA
2023,0.44%,19600.2137165414
2024,0.39%,17456.79123
2025,0.39%,17513.004921999996
2018,0.28%,11711.94709672
2019,0.29%,12646.857354126798
2020,0.31%,12795.5352963484
2021,0.34%,14300.4447283004
2022,0.39%,16943.441907999997
