Year,Bilateral funding,Bilateral as earmarked funding through multilaterals,Multilateral as core contributions to organizations,Bilateral,Earmarked,Multilateral
2019,8917.044875,965.844341,3179.338879,68%,7%,24%
2020,9294.34228,1419.01836,2502.437021,70%,11%,19%
2021,9810.595994,1678.276919,3281.26211,66%,11%,22%
2022,12640.519999999999,2237.03,2622.39,72%,13%,15%
2023,16413.482016,0.0,3830.975444,81%,0%,19%
