Year,ODA for Development Priorities,Contributions to EUI,In-donor Refugee Costs,donor
2019,9821.062709,0.0,0.276535,Japan
2020,11102.294122,0.0,0.260086,Japan
2021,13204.720321,0.0,0.226126,Japan
2022,16693.39,0.0,53.96,Japan
2023,19238.309729,0.0,36.38682,Japan
