donor,CSOs,Other Channels
Japan,0.005737601775762166,0.9942623982242368
DAC Average,0.0725118691929405,0.92748813080706
