Donor,Year,ODA AS % GNI,Total ODA
Japan,2018,0.28%,11711.94709672
Japan,2019,0.29%,12646.857354126798
Japan,2020,0.31%,12795.5352963484
Japan,2021,0.34%,14300.4447283004
Japan,2022,0.39%,16943.441907999997
Japan,2023,0.44%,19600.2137165414
Japan,2024,0.49%,21110.6328
Japan,2025,0.51%,22225.031
