donor,CSOs,Other Channels
Japan,0.005737601775762166,0.9942623982242368
DAC Average,0.07251186919294052,0.92748813080706
