donor,CSOs,Other Channels
Korea,0.01925208390040727,0.980747916099593
DAC Average,0.0725118691929405,0.92748813080706
