Year,Bilateral funding,Multilateral as core contributions to organizations,Bilateral,Multilateral
2019,1771.220978,578.128572,75%,25%
2020,1665.718638,474.177818,78%,22%
2021,1945.903678,632.207107,75%,25%
2022,2221.01,588.53,79%,21%
2023,2277.827108,828.500085,73%,27%
