Year,ODA AS % GNI,Total ODA
2018,0.14%,2122.6185368640004
2019,0.15%,2368.1443474079997
2020,0.14%,2157.0156276479997
2021,0.16%,2598.7356722880004
2022,0.17%,2832.01632
2023,0.17%,3160.328442768
2024,0.27%,4799.26944
2025,0.27%,4911.4295999999995
