Year,Bilateral funding,Bilateral as earmarked funding through multilaterals,Multilateral as core contributions to organizations,Bilateral,Earmarked,Multilateral
2019,1636.202863,315.140828,578.128572,65%,12%,23%
2020,1476.1730499999999,354.829721,474.177818,64%,15%,21%
2021,1727.987884,472.809063,632.207107,61%,17%,22%
2022,1856.5700000000002,614.6,588.53,61%,20%,19%
2023,0.0,0.0,0.0,0%,0%,0%
