Year,ODA for Development Priorities,Contributions to EUI,In-donor Refugee Costs
2019,2399.4615299999996,0.0,1.34484
2020,2179.260689,0.0,1.302948
2021,2690.1291969999997,0.0,0.475681
2022,2895.46,0.0,10.8
2023,3240.1991399999997,0.0,1.259948
