donor,CSOs,Other Channels
Korea,0.01925208390040727,0.980747916099593
DAC Average,0.07251186919294052,0.9274881308070599
