Donor,Year,ODA AS % GNI,Total ODA
Korea,2018,0.14%,2122.6185368640004
Korea,2019,0.15%,2368.1443474079997
Korea,2020,0.14%,2157.0156276479997
Korea,2021,0.16%,2598.7356722880004
Korea,2022,0.17%,2832.01632
Korea,2023,0.17%,3160.328442768
Korea,2024,0.24%,4697.28
Korea,2025,0.26%,5040.0
