donor,Grants,Loans/Equity Investment
Korea,0.6013237712588883,0.3986762287411086
DAC Average,0.7767811458325943,0.22321885416740606
