Donor,Year,ODA AS % GNI,Total ODA
Korea,2019,0.15%,2389.892072
Korea,2020,0.14%,2176.322221
Korea,2021,0.16%,2611.384122
Korea,2022,0.17%,2830.920328
Korea,2023,0.17%,3160.26
Korea,2024,0.21%,3943.638557
Korea,2025,0.26%,5000.0
Korea,2026,0.26%,5108.0
