donor,Grants,Loans/Equity Investment
Korea,0.601323771258889,0.39867622874110914
DAC Average,0.7767811458325942,0.22321885416740608
