Year,Bilateral funding,Bilateral as earmarked funding through multilaterals,Multilateral as core contributions to organizations,Bilateral,Earmarked,Multilateral
2019,1456.08015,315.140828,578.128572,62%,13%,25%
2020,1310.888917,354.829721,474.177818,61%,17%,22%
2021,1479.772101,466.131577,632.207107,57%,18%,25%
2022,1607.4900000000002,613.52,588.53,57%,22%,21%
2023,2277.827108,0.0,828.500085,73%,0%,27%
