Donor,Year,Total ODA,Bilateral funding,Multilateral as core contributions to organizations,Bilateral as earmarked funding through multilaterals,Earmarked,Bilateral,Multilateral
Korea,2019,2368.1443474079997,1467.73,582.75,317.66,13%,62%,25%
Korea,2020,2157.0156276479997,1321.38,477.97,357.67,17%,61%,22%
Korea,2021,2598.735672288,1491.61,637.26,469.86,18%,57%,25%
Korea,2022,2832.0163199999997,1620.35,593.24,618.43,22%,57%,21%
Korea,2023,3160.328442768,1785.57,835.47,539.29,17%,56%,26%
