donor,Year,Total ODA,Bilateral funding,Multilateral as core contributions to organizations,Bilateral as earmarked funding through multilaterals,Earmarked,Bilateral,Multilateral
Lithuania,2019,80.397835,12.379864999999999,66.128912,1.889058,2%,15%,82%
Lithuania,2020,82.491869,11.889275999999999,68.861583,1.741011,2%,14%,83%
Lithuania,2021,89.494636,17.248359,69.501043,2.745234,3%,19%,78%
Lithuania,2022,243.26,126.94,102.59,13.72,6%,52%,42%
Lithuania,2023,191.577827,81.59696600000001,79.693934,30.286927,16%,43%,42%
