Donor,Year,ODA AS % GNI,Total ODA
Lithuania,2019,0.13%,89.461449
Lithuania,2020,0.13%,91.659515
Lithuania,2021,0.14%,99.954155
Lithuania,2022,0.36%,272.691061
Lithuania,2023,0.3%,213.42
Lithuania,2024,0.24%,185.99402
Lithuania,2025,0.12%,89.0
Lithuania,2026,0.12%,91.0
