donor,CSOs,Other Channels
Lithuania,0.008625419672280544,0.9913745803277194
DAC Average,0.07251186919294052,0.9274881308070599
