Year,Bilateral funding,Bilateral as earmarked funding through multilaterals,Multilateral as core contributions to organizations,Bilateral,Earmarked,Multilateral
2019,12.379864999999999,1.889058,66.128912,15%,2%,82%
2020,11.889275999999999,1.741011,68.861583,14%,2%,83%
2021,17.248359,2.745234,69.501043,19%,3%,78%
2022,126.94,13.72,102.59,52%,6%,42%
2023,0.0,0.0,0.0,0%,0%,0%
