donor,CSOs,Other Channels
Lithuania,0.008625419672280544,0.9913745803277194
DAC Average,0.0725118691929405,0.92748813080706
