Year,ODA for Development Priorities,Contributions to EUI,In-donor Refugee Costs,donor
2019,17.809421,61.103305,1.485109,Lithuania
2020,19.15112599999999,61.966261,1.374483,Lithuania
2021,27.18299799999999,60.332997,1.978641,Lithuania
2022,77.79000000000002,91.38,74.08,Lithuania
2023,88.087022,71.839441,31.651364,Lithuania
