Year,ODA for Development Priorities,Contributions to EUI,In-donor Refugee Costs
2019,17.809421,61.103305,1.485109
2020,19.15112599999999,61.966261,1.374483
2021,27.182998000000005,60.332997,1.978641
2022,77.79000000000002,91.38,74.08
2023,87.189365,71.444472,12.51333
