Year,ODA AS % GNI,Total ODA
2018,0.12%,83.75769527400001
2019,0.13%,89.56318819
2020,0.13%,91.895942066
2021,0.14%,99.69702450400001
2022,0.36%,270.99164
2023,0.3%,213.41769927800004
2024,0.12%,82.99300000000001
2025,0.12%,85.03162
