Year,Bilateral funding,Multilateral as core contributions to organizations,Bilateral,Multilateral
2019,14.268923,66.128912,18%,82%
2020,13.630287,68.861583,17%,83%
2021,19.993593,69.501043,22%,78%
2022,140.66,102.59,58%,42%
2023,88.670498,82.476669,52%,48%
