donor,Year,Total ODA,Bilateral funding,Multilateral as core contributions to organizations,Bilateral as earmarked funding through multilaterals,Earmarked,Bilateral,Multilateral
Luxembourg,2019,514.756,278.40727400000003,119.680743,116.667984,23%,54%,23%
Luxembourg,2020,463.406272,249.69273299999998,149.848422,63.854872,14%,54%,32%
Luxembourg,2021,509.340246,262.95657,165.266212,81.117465,16%,52%,32%
Luxembourg,2022,530.12,274.21,156.87,99.05,19%,52%,30%
Luxembourg,2023,520.691145,280.475685,141.211374,99.004086,19%,54%,27%
