donor,CSOs,Other Channels
Luxembourg,0.16096085923927558,0.839039140760725
DAC Average,0.07251186919294052,0.9274881308070599
