Year,ODA for Development Priorities,Contributions to EUI,In-donor Refugee Costs,donor
2019,470.52521199999995,43.96881,0.261979,Luxembourg
2020,412.95139500000005,50.280718,0.163914,Luxembourg
2021,461.708525,47.631722,0.0,Luxembourg
2022,469.82,60.31,0.0,Luxembourg
2023,472.858013,47.833132,0.0,Luxembourg
