Donor,Year,ODA AS % GNI,Total ODA
Luxembourg,2019,1.03%,547.538103
Luxembourg,2020,1.03%,493.144233
Luxembourg,2021,0.99%,542.163094
Luxembourg,2022,1.0%,564.644607
Luxembourg,2023,0.99%,580.31
Luxembourg,2024,1.0%,578.801149
Luxembourg,2025,0.98%,600.0
Luxembourg,2026,0.98%,615.0
