donor,CSOs,Other Channels
Luxembourg,0.16096085923927558,0.839039140760725
DAC Average,0.0725118691929405,0.92748813080706
