Year,Bilateral funding,Multilateral as core contributions to organizations,Bilateral,Multilateral
2019,3564.143866,1942.784327,65%,35%
2020,3703.380284,1671.146542,69%,31%
2021,3558.052041,1406.188118,72%,28%
2022,4303.39,2166.57,67%,33%
2023,4619.060165,2050.774243,69%,31%
