Year,Bilateral funding,Bilateral as earmarked funding through multilaterals,Multilateral as core contributions to organizations,Bilateral,Earmarked,Multilateral
2019,2781.560669,798.421339,1942.784327,50%,14%,35%
2020,2801.735397,957.456749,1671.146542,52%,18%,31%
2021,2515.022235,1071.514651,1406.188118,50%,21%,28%
2022,3098.5599999999995,1269.3,2166.57,47%,19%,33%
2023,3274.05533,1355.171133,2050.774243,49%,20%,31%
