Year,ODA for Development Priorities,Contributions to EUI,In-donor Refugee Costs
2019,4309.941365,646.054667,513.823873
2020,4148.390872999999,633.858271,563.223421
2021,3965.2989610000004,595.881568,382.724041
2022,4458.7300000000005,1045.86,945.58
2023,4467.363052999999,941.651077,1174.814485
