Donor,Year,Total ODA,Bilateral funding,Multilateral as core contributions to organizations,Bilateral as earmarked funding through multilaterals,Earmarked,Bilateral,Multilateral
Netherlands,2019,6077.4459537948,3052.25,2144.06,881.14,14%,50%,35%
Netherlands,2020,5931.327805173601,3030.4,1844.28,1056.65,18%,51%,31%
Netherlands,2021,5478.525077771999,2744.14,1551.87,1182.52,22%,50%,28%
Netherlands,2022,7140.247855999999,3348.42,2391.03,1400.8,20%,47%,33%
Netherlands,2023,7360.8392523884,3602.03,2263.23,1495.57,20%,49%,31%
