Donor,Year,ODA AS % GNI,Total ODA
Netherlands,2019,0.59%,6126.522412
Netherlands,2020,0.59%,5955.080742
Netherlands,2021,0.52%,5510.137717
Netherlands,2022,0.67%,7141.399368
Netherlands,2023,0.66%,7361.15
Netherlands,2024,0.62%,7158.403484
Netherlands,2025,0.61%,6943.0
Netherlands,2026,0.6%,6905.0
