donor,Year,ODA for Development Priorities,Contributions to EUI,In-donor Refugee Costs
Netherlands,2019,4309.941365,646.054667,513.823873
Netherlands,2020,4148.390873,633.858271,563.223421
Netherlands,2021,3965.298961000001,595.881568,382.724041
Netherlands,2022,4458.730000000001,1045.86,945.58
Netherlands,2023,4467.363053,941.651077,1174.814485
