"Year","ODA for Development Priorities","Contributions to EUI","In-donor Refugee Costs"
"2018",4744.906713,692.489232,619.183589
"2019",4570.619119,685.129927,544.901431
"2020",4399.807446,672.273763,597.358031
"2021",4223.55,634.69,407.65
"2022",4740.437666,1111.938632,1005.322827
