donor,Year,Total ODA,Bilateral funding,Multilateral as core contributions to organizations,Bilateral as earmarked funding through multilaterals,Earmarked,Bilateral,Multilateral
Netherlands,2019,5506.928193,2765.722527,1942.784327,798.421339,14%,50%,35%
Netherlands,2020,5374.526826,2745.923535,1671.146542,957.456749,18%,51%,31%
Netherlands,2021,4964.23077,2486.53739,1406.188118,1071.514651,22%,50%,28%
Netherlands,2022,6469.96,3034.09,2166.57,1269.3,20%,47%,33%
Netherlands,2023,6669.843469,3263.889032,2050.774243,1355.171133,20%,49%,31%
