donor,CSOs,Other Channels
Netherlands,0.1215701216949755,0.8784298783050238
DAC Average,0.07251186919294052,0.92748813080706
