Year,ODA AS % GNI,Total ODA
2018,0.62%,6349.3500289824
2019,0.59%,6077.4459537948
2020,0.59%,5931.3278051736
2021,0.52%,5478.525077771999
2022,0.67%,7140.247855999999
2023,0.66%,7360.8392523883995
2024,0.65%,7282.998516
2025,0.64%,7211.1651919999995
