Year,Bilateral funding,Bilateral as earmarked funding through multilaterals,Multilateral as core contributions to organizations,Bilateral,Earmarked,Multilateral
2019,2765.722527,798.421339,1942.784327,50%,14%,35%
2020,2745.923535,957.456749,1671.146542,51%,18%,31%
2021,2486.53739,1071.514651,1406.188118,50%,22%,28%
2022,3034.09,1269.3,2166.57,47%,20%,33%
2023,3263.889032,1355.171133,2050.774243,49%,20%,31%
