Donor,Year,ODA AS % GNI,Total ODA
Netherlands,2018,0.62%,6349.3500289824
Netherlands,2019,0.59%,6077.4459537948
Netherlands,2020,0.59%,5931.3278051736
Netherlands,2021,0.52%,5478.525077771999
Netherlands,2022,0.67%,7140.247855999999
Netherlands,2023,0.66%,7360.8392523883995
Netherlands,2024,0.61%,7559.66
Netherlands,2025,0.61%,7662.2948
