"Year","Bilateral funding","Bilateral as earmarked funding through multilaterals","Multilateral as core contributions to organizations","Bilateral","Earmarked","Multilateral"
"2018",3119.943388,1013.683979,2017.404084,"51%","16%","33%"
"2019",2949.797525,846.712177,2060.289558,"50%","14%","35%"
"2020",2971.53683,1015.484187,1772.427726,"52%","18%","31%"
"2021",2678.82,1141.3,1497.77,"50%","21%","28%"
"2022",3294.330569,1349.495827,2303.456373,"47%","19%","33%"
