donor,CSOs,Other Channels
New Zealand,0.05086011605127526,0.9491398839487246
DAC Average,0.07251186919294052,0.92748813080706
