donor,Year,ODA for Development Priorities,Contributions to EUI,In-donor Refugee Costs
New Zealand,2019,574.868381,0.0,17.226519
New Zealand,2020,553.4629090000001,0.0,8.680356
New Zealand,2021,636.6368399999999,0.0,11.029784
New Zealand,2022,501.23,0.0,14.0
New Zealand,2023,732.2328650000001,0.0,12.87511
