Year,Bilateral funding,Multilateral as core contributions to organizations,Bilateral,Multilateral
2019,486.024794,106.070106,82%,18%
2020,459.920928,102.222337,82%,18%
2021,547.406175,100.260449,85%,15%
2022,415.44,99.79,81%,19%
2023,608.261162,119.787292,84%,16%
