donor,CSOs,Other Channels
New Zealand,0.05086011605127526,0.9491398839487246
DAC Average,0.0725118691929405,0.92748813080706
