Year,Bilateral funding,Bilateral as earmarked funding through multilaterals,Multilateral as core contributions to organizations,Bilateral,Earmarked,Multilateral
2019,405.87985299999997,80.144941,106.070106,69%,14%,18%
2020,370.337105,89.583823,102.222337,66%,16%,18%
2021,436.493998,110.912177,100.260449,67%,17%,15%
2022,328.42,87.02,99.79,64%,17%,19%
2023,0.0,0.0,0.0,0%,0%,0%
