Donor,Year,ODA AS % GNI,Total ODA
New Zealand,2018,0.28%,593.489059152
New Zealand,2019,0.28%,607.0266334396
New Zealand,2020,0.26%,576.3092742528
New Zealand,2021,0.28%,663.9878239499999
New Zealand,2022,0.22%,528.213796
New Zealand,2023,0.31%,763.8846959699999
New Zealand,2024,0.22%,553.608
New Zealand,2025,0.22%,563.8599999999999
