Year,ODA AS % GNI,Total ODA
2018,0.28%,593.489059152
2019,0.28%,607.0266334396
2020,0.26%,576.3092742528
2021,0.28%,663.9878239499999
2022,0.22%,528.213796
2023,0.31%,763.8846959699999
2024,0.22%,545.006572
2025,0.22%,555.730164
