donor,Year,Total ODA,Bilateral funding,Multilateral as core contributions to organizations,Bilateral as earmarked funding through multilaterals,Earmarked,Bilateral,Multilateral
New Zealand,2019,592.105573,405.87985299999997,106.070106,80.144941,14%,69%,18%
New Zealand,2020,562.143264,370.337105,102.222337,89.583823,16%,66%,18%
New Zealand,2021,647.666625,436.493998,100.260449,110.912177,17%,67%,15%
New Zealand,2022,515.23,328.42,99.79,87.02,17%,64%,19%
New Zealand,2023,745.107975,460.48025999999993,121.065049,163.562666,22%,62%,16%
