Year,ODA for Development Priorities,Contributions to EUI,In-donor Refugee Costs
2019,574.868381,0.0,17.226519
2020,553.4629090000001,0.0,8.680356
2021,636.63684,0.0,11.029784
2022,501.23,0.0,14.0
2023,715.173344,0.0,12.87511
