Donor,Year,ODA AS % GNI,Total ODA
Norway,2019,1.03%,4790.857425
Norway,2020,1.11%,5132.90697
Norway,2021,0.93%,4340.417176
Norway,2022,0.86%,4176.711565
Norway,2023,1.09%,5547.97
Norway,2024,1.02%,5337.591795
Norway,2025,0.93%,4885.0
Norway,2026,0.9%,4826.0
