donor,Year,Total ODA,Bilateral funding,Multilateral as core contributions to organizations,Bilateral as earmarked funding through multilaterals,Earmarked,Bilateral,Multilateral
Norway,2019,5751.157895,2484.7376520000003,1327.381742,1939.0385,34%,43%,23%
Norway,2020,6161.76893,2559.437817,1597.464101,2004.867012,33%,42%,26%
Norway,2021,5348.843744,2252.297754,1362.424378,1734.121613,32%,42%,25%
Norway,2022,5160.98,2513.4,1052.98,1594.6,31%,49%,20%
Norway,2023,6756.299672,3097.892187,1242.822443,2415.585041,36%,46%,18%
