donor,CSOs,Other Channels
Norway,0.22080917518442936,0.7791908248155683
DAC Average,0.07251186919294052,0.9274881308070599
