Donor,Year,ODA AS % GNI,Total ODA
Norway,2018,0.94%,4301.9633304672
Norway,2019,1.03%,4722.850863374
Norway,2020,1.11%,5060.044645316
Norway,2021,0.93%,4392.4704825728
Norway,2022,0.86%,4238.196776
Norway,2023,1.09%,5548.273290646401
Norway,2024,0.96%,4067.4036
Norway,2025,0.93%,4011.5620000000004
