donor,CSOs,Other Channels
Norway,0.22080917518442936,0.7791908248155683
DAC Average,0.0725118691929405,0.92748813080706
