Year,Bilateral funding,Bilateral as earmarked funding through multilaterals,Multilateral as core contributions to organizations,Bilateral,Earmarked,Multilateral
2019,2510.149195,1961.666682,1327.381742,43%,34%,23%
2020,2573.5363290000005,2038.879669,1597.464101,41%,33%,26%
2021,2267.521396,1749.700091,1362.470163,42%,33%,25%
2022,2525.66,1600.0,1052.98,49%,31%,20%
2023,0.0,0.0,0.0,0%,0%,0%
