Year,ODA for Development Priorities,Contributions to EUI,In-donor Refugee Costs
2019,5671.484212000001,0.0,79.673682
2020,6092.20159,0.0,69.56734
2021,5289.03658,0.0,59.807165
2022,4644.599999999999,0.0,516.38
2023,5924.836783,0.0,520.876013
