Year,Bilateral funding,Multilateral as core contributions to organizations,Bilateral,Multilateral
2019,4423.776152,1327.381742,77%,23%
2020,4564.304829,1597.464101,74%,26%
2021,3986.419367,1362.424378,75%,25%
2022,4108.0,1052.98,80%,20%
2023,5513.477228,1242.822443,82%,18%
