Donor,Year,Total ODA,Bilateral funding,Multilateral as core contributions to organizations,Bilateral as earmarked funding through multilaterals,Earmarked,Bilateral,Multilateral
Norway,2019,5751.157895,2484.74,1327.38,1939.04,34%,43%,23%
Norway,2020,6161.76893,2559.44,1597.46,2004.87,33%,42%,26%
Norway,2021,5348.843744,2252.3,1362.42,1734.12,32%,42%,25%
Norway,2022,5160.98,2513.4,1052.98,1594.6,31%,49%,20%
Norway,2023,6756.299672,3097.89,1242.82,2415.59,36%,46%,18%
