Year,Bilateral funding,Bilateral as earmarked funding through multilaterals,Multilateral as core contributions to organizations,Bilateral,Earmarked,Multilateral
2019,2484.7376520000003,1939.0385,1327.381742,43%,34%,23%
2020,2559.437817,2004.867012,1597.464101,42%,33%,26%
2021,2252.297754,1734.121613,1362.424378,42%,32%,25%
2022,2513.4,1594.6,1052.98,49%,31%,20%
2023,5513.477228,0.0,1242.822443,82%,0%,18%
