"Year","ODA for Development Priorities","Contributions to EUI","In-donor Refugee Costs"
"2018",4413.668505,0,108.018274
"2019",4891.570489,0,68.717362
"2020",5313.704578,0,60.67762
"2021",4620.72,0,52.25
"2022",4305.382698,0,478.665274
