Year,ODA AS % GNI,Total ODA
2018,0.94%,4301.9633304672
2019,1.03%,4722.850863374
2020,1.11%,5060.044645316
2021,0.93%,4392.4704825728
2022,0.86%,4238.196776
2023,1.09%,5548.273290646401
2024,0.96%,4952.320508000001
2025,0.92%,4837.007604
