Year,ODA for Development Priorities,Contributions to EUI,In-donor Refugee Costs
2019,309.765734,479.19613,6.090635
2020,262.0065929999999,557.136598,6.846455
2021,308.71449999999993,602.90935,16.124453
2022,514.9700000000001,772.88,2193.43
2023,865.471538,695.024505,647.994948
