Year,Bilateral funding,Multilateral as core contributions to organizations,Bilateral,Multilateral
2019,233.293265,577.983516,29%,71%
2020,228.974739,614.624436,27%,73%
2021,282.951674,656.53653,30%,70%
2022,2663.16,833.07,76%,24%
2023,1484.92529,731.4905,67%,33%
