donor,Year,Total ODA,Bilateral funding,Multilateral as core contributions to organizations,Bilateral as earmarked funding through multilaterals,Earmarked,Bilateral,Multilateral
Poland,2019,811.276781,208.50239499999998,577.983516,24.79087,3%,26%,71%
Poland,2020,843.599175,209.696832,614.624436,19.277907,2%,25%,73%
Poland,2021,939.488204,268.14545200000003,656.53653,14.806222,2%,29%,70%
Poland,2022,3496.23,2646.73,833.07,16.43,0%,76%,24%
Poland,2023,2196.454829,1436.397597,747.74017,12.317062,1%,65%,34%
