donor,CSOs,Other Channels
Poland,0.006540105425985344,0.9934598945740147
DAC Average,0.07251186919294052,0.92748813080706
