donor,Grants,Loans/Equity Investment
Poland,0.9764187872399044,0.02358121276009564
DAC Average,0.7767811458325942,0.22321885416740608
