Year,Bilateral funding,Bilateral as earmarked funding through multilaterals,Multilateral as core contributions to organizations,Bilateral,Earmarked,Multilateral
2019,208.50239499999998,24.79087,577.983516,26%,3%,71%
2020,209.696832,19.277907,614.624436,25%,2%,73%
2021,268.14545200000003,14.806222,656.53653,29%,2%,70%
2022,2646.73,16.43,833.07,76%,0%,24%
2023,1484.92529,0.0,731.4905,67%,0%,33%
