Year,ODA AS % GNI,Total ODA
2018,0.14%,911.3887934580001
2019,0.14%,953.0879623188001
2020,0.14%,991.06031079
2021,0.15%,1103.7107420592001
2022,0.53%,4107.3710040000005
2023,0.33%,2580.3951331092
2024,0.14%,1116.5769120000002
2025,0.14%,1155.380556
