donor,CSOs,Other Channels
Poland,0.006540105425985344,0.9934598945740147
DAC Average,0.0725118691929405,0.92748813080706
