Donor,Year,ODA AS % GNI,Total ODA
Poland,2019,0.14%,944.905773
Poland,2020,0.14%,982.8946
Poland,2021,0.15%,1094.298023
Poland,2022,0.53%,4072.797444
Poland,2023,0.33%,2580.38
Poland,2024,0.24%,1889.844878
Poland,2025,0.14%,1154.0
Poland,2026,0.14%,1193.0
