Year,ODA for Development Priorities,Contributions to EUI,In-donor Refugee Costs,donor
2019,309.765734,479.19613,6.090635,Poland
2020,262.0065929999999,557.136598,6.846455,Poland
2021,308.71449999999993,602.90935,16.124453,Poland
2022,514.9700000000003,772.88,2193.43,Poland
2023,365.5281900000002,690.215148,1132.778179,Poland
