Year,Bilateral funding,Bilateral as earmarked funding through multilaterals,Multilateral as core contributions to organizations,Bilateral,Earmarked,Multilateral
2019,219.732983,24.79087,577.983516,27%,3%,70%
2020,217.814916,19.277907,614.624436,26%,2%,72%
2021,279.340866,14.806222,656.53653,29%,2%,69%
2022,2661.79,16.43,833.07,76%,0%,24%
2023,0.0,0.0,0.0,0%,0%,0%
