Donor,Year,Total ODA,Bilateral funding,Multilateral as core contributions to organizations,Bilateral as earmarked funding through multilaterals,Earmarked,Bilateral,Multilateral
Poland,2019,953.0879623188001,244.95,679.02,29.12,3%,26%,71%
Poland,2020,991.0603107899999,246.35,722.06,22.65,2%,25%,73%
Poland,2021,1103.7107420592,315.02,771.3,17.39,2%,29%,70%
Poland,2022,4107.371004,3109.38,978.69,19.3,0%,76%,24%
Poland,2023,2580.3951331092,1687.48,878.45,14.47,1%,65%,34%
