donor,CSOs,Other Channels
Portugal,0.03400327794517857,0.9659967220548215
DAC Average,0.07251186919294052,0.9274881308070599
