donor,CSOs,Other Channels
Portugal,0.03400327794517857,0.9659967220548215
DAC Average,0.0725118691929405,0.92748813080706
