Year,ODA for Development Priorities,Contributions to EUI,In-donor Refugee Costs
2019,177.760759,205.637764,7.874049
2020,178.108309,227.446257,9.626676
2021,164.97754000000003,242.064787,10.317516
2022,158.74,266.62,14.21
2023,148.534781,252.137494,8.214072
