donor,Year,Total ODA,Bilateral funding,Multilateral as core contributions to organizations,Bilateral as earmarked funding through multilaterals,Earmarked,Bilateral,Multilateral
Portugal,2019,420.195349,134.87384899999998,270.690943,14.630557,3%,32%,64%
Portugal,2020,407.489775,140.67782,250.204705,16.60725,4%,35%,61%
Portugal,2021,428.1909,130.131415,272.233016,25.835806,6%,30%,64%
Portugal,2022,522.45,185.82,311.52,25.11,5%,36%,60%
Portugal,2023,480.768567,169.52428,283.721693,27.522594,6%,35%,59%
