Donor,Year,ODA AS % GNI,Total ODA
Portugal,2019,0.17%,464.318967
Portugal,2020,0.18%,449.839672
Portugal,2021,0.18%,472.140027
Portugal,2022,0.21%,574.273895
Portugal,2023,0.19%,529.11
Portugal,2024,0.24%,641.817433
Portugal,2025,0.17%,500.0
Portugal,2026,0.17%,510.0
