Year,Bilateral funding,Bilateral as earmarked funding through multilaterals,Multilateral as core contributions to organizations,Bilateral,Earmarked,Multilateral
2019,166.862173,15.25597,270.690943,37%,3%,60%
2020,210.602042,16.854088,250.204705,44%,4%,52%
2021,166.92899799999998,26.125256,272.233016,36%,6%,59%
2022,231.20999999999998,25.36,311.52,41%,4%,55%
2023,0.0,0.0,0.0,0%,0%,0%
