donor,Grants,Loans/Equity Investment
Portugal,0.9726024507905631,0.027397549209436836
DAC Average,0.7767811458325943,0.22321885416740603
