Year,Bilateral funding,Multilateral as core contributions to organizations,Bilateral,Multilateral
2019,150.150324,270.690943,36%,64%
2020,157.551655,250.204705,39%,61%
2021,156.284683,272.233016,36%,64%
2022,211.24,311.52,40%,60%
2023,195.892906,282.40417,41%,59%
