Year,ODA AS % GNI,Total ODA
2018,0.18%,447.72048213860006
2019,0.17%,462.46700110940003
2020,0.18%,448.483246365
2021,0.18%,471.26690454
2022,0.21%,575.0084700000001
2023,0.19%,529.1338848402
2024,0.17%,487.95101000000005
2025,0.17%,498.032506
