Year,Bilateral funding,Bilateral as earmarked funding through multilaterals,Multilateral as core contributions to organizations,Bilateral,Earmarked,Multilateral
2019,134.89435400000002,15.25597,270.690943,32%,4%,64%
2020,140.69756700000002,16.854088,250.204705,35%,4%,61%
2021,130.159427,26.125256,272.233016,30%,6%,64%
2022,185.88,25.36,311.52,36%,5%,60%
2023,195.892906,0.0,282.40417,41%,0%,59%
