Donor,Year,Total ODA,Bilateral funding,Multilateral as core contributions to organizations,Bilateral as earmarked funding through multilaterals,Earmarked,Bilateral,Multilateral
Portugal,2019,462.46700110940003,148.44,297.92,16.1,3%,32%,64%
Portugal,2020,448.483246365,154.83,275.38,18.28,4%,35%,61%
Portugal,2021,471.26690454000004,143.22,299.62,28.43,6%,30%,64%
Portugal,2022,575.0084700000001,204.51,342.86,27.64,5%,36%,60%
Portugal,2023,529.1338848402,186.58,312.26,30.29,6%,35%,59%
