Year,ODA for Development Priorities,Contributions to EUI,In-donor Refugee Costs,donor
2019,177.114841,205.637764,7.874049,Portugal
2020,177.83184999999997,227.446257,9.626676,Portugal
2021,164.650741,242.064787,10.317516,Portugal
2022,158.44,266.62,14.21,Portugal
2023,151.605971,253.455017,8.286763,Portugal
