Year,Bilateral funding,Multilateral as core contributions to organizations,Bilateral,Multilateral
2019,32.281072,58.839212,35%,65%
2020,30.469771,61.070703,33%,67%
2021,43.624191,66.397401,40%,60%
2022,87.37,81.32,52%,48%
2023,60.436382,84.853501,42%,58%
