Donor,Year,ODA AS % GNI,Total ODA
Slovak Republic,2018,0.13%,158.1141757005
Slovak Republic,2019,0.11%,136.6995548589
Slovak Republic,2020,0.14%,159.9850740636
Slovak Republic,2021,0.14%,165.59115974609998
Slovak Republic,2022,0.15%,191.76651599999997
Slovak Republic,2023,0.14%,175.4448469812
Slovak Republic,2024,0.11%,161.7765
Slovak Republic,2025,0.11%,165.12359999999998
