Year,ODA AS % GNI,Total ODA
2018,0.13%,158.1141757005
2019,0.11%,136.6995548589
2020,0.14%,159.9850740636
2021,0.14%,165.59115974609998
2022,0.15%,191.76651599999997
2023,0.14%,175.4448469812
2024,0.11%,145.10794199999998
2025,0.11%,148.879008
