Year,Bilateral funding,Bilateral as earmarked funding through multilaterals,Multilateral as core contributions to organizations,Bilateral,Earmarked,Multilateral
2019,15.123624,7.65177,99.737599,12%,6%,81%
2020,34.162789,3.767656,105.474058,24%,3%,74%
2021,23.379253999999996,11.660952,113.445774,16%,8%,76%
2022,30.330000000000005,10.37,131.26,18%,6%,76%
2023,0.0,0.0,0.0,0%,0%,0%
