Year,Bilateral funding,Bilateral as earmarked funding through multilaterals,Multilateral as core contributions to organizations,Bilateral,Earmarked,Multilateral
2019,29.019728,3.261344,58.839212,32%,4%,65%
2020,27.453062000000003,3.016709,61.070703,30%,3%,67%
2021,33.283923,10.340268,66.397401,30%,9%,60%
2022,76.63000000000001,10.74,81.32,45%,6%,48%
2023,60.436382,0.0,84.853501,42%,0%,58%
