Year,ODA for Development Priorities,Contributions to EUI,In-donor Refugee Costs
2019,35.17909400000001,86.413147,0.920752
2020,49.48729900000001,92.93213,0.985074
2021,50.390608,96.871928,1.156537
2022,56.510000000000005,114.05,1.32
2023,48.954374,105.98416,1.505737
