Year,ODA for Development Priorities,Contributions to EUI,In-donor Refugee Costs,donor
2019,35.179094,86.413147,0.920752,Slovak Republic
2020,49.487299,92.93213,0.985074,Slovak Republic
2021,50.390608,96.871928,1.156537,Slovak Republic
2022,56.50999999999999,114.05,1.32,Slovak Republic
2023,49.30392,106.557774,1.389222,Slovak Republic
