donor,Year,Total ODA,Bilateral funding,Multilateral as core contributions to organizations,Bilateral as earmarked funding through multilaterals,Earmarked,Bilateral,Multilateral
Slovak Republic,2019,122.523577,15.123624,99.737599,7.65177,6%,12%,81%
Slovak Republic,2020,143.394348,34.162789,105.474058,3.767656,3%,24%,74%
Slovak Republic,2021,148.419073,23.312346999999995,113.445774,11.660952,8%,16%,76%
Slovak Republic,2022,171.88,30.25,131.26,10.37,6%,18%,76%
Slovak Republic,2023,157.250916,19.861386999999997,123.147768,14.241761,9%,13%,78%
