Year,Bilateral funding,Multilateral as core contributions to organizations,Bilateral,Multilateral
2019,22.775394,99.737599,19%,81%
2020,37.930445,105.474058,26%,74%
2021,34.973299,113.445774,24%,76%
2022,40.62,131.26,24%,76%
2023,33.798416,122.645855,22%,78%
