donor,Year,Total ODA,Bilateral funding,Multilateral as core contributions to organizations,Bilateral as earmarked funding through multilaterals,Earmarked,Bilateral,Multilateral
Slovenia,2019,91.130671,29.019728,58.839212,3.261344,4%,32%,65%
Slovenia,2020,91.540474,27.453062000000003,61.070703,3.016709,3%,30%,67%
Slovenia,2021,110.021592,33.283923,66.397401,10.340268,9%,30%,60%
Slovenia,2022,168.71,76.63000000000001,81.32,10.74,6%,45%,48%
Slovenia,2023,145.958723,53.560707,85.245887,7.143211,5%,37%,58%
