Year,ODA AS % GNI,Total ODA
2018,0.16%,94.367161523
2019,0.17%,102.18482139230001
2020,0.17%,102.6443334962
2021,0.19%,123.36721110959999
2022,0.29%,189.174523
2023,0.24%,163.6635160999
2024,0.16%,110.066808
2025,0.16%,112.825206
