donor,CSOs,Other Channels
Slovak Republic,0.09890453422628583,0.9010954657737142
DAC Average,0.0725118691929405,0.92748813080706
