donor,Year,ODA for Development Priorities,Contributions to EUI,In-donor Refugee Costs
Slovenia,2019,40.777184000000005,48.016536,2.326564
Slovenia,2020,36.160152000000004,52.666293,2.714029
Slovenia,2021,52.93232600000001,54.882963,2.206303
Slovenia,2022,73.05,69.65,25.99
Slovenia,2023,55.486966,74.464186,15.998653
