Donor,Year,ODA AS % GNI,Total ODA
Slovenia,2018,0.16%,94.367161523
Slovenia,2019,0.17%,102.18482139230001
Slovenia,2020,0.17%,102.6443334962
Slovenia,2021,0.19%,123.36721110959999
Slovenia,2022,0.29%,189.174523
Slovenia,2023,0.24%,163.6635160999
Slovenia,2024,0.16%,123.34299999999999
Slovenia,2025,0.16%,125.5856
