Year,ODA for Development Priorities,Contributions to EUI,In-donor Refugee Costs
2019,40.777184000000005,48.016536,2.326564
2020,36.160152,52.666293,2.714029
2021,52.932326,54.882963,2.206303
2022,73.05,69.65,25.99
2023,55.228348,74.062882,15.998653
