donor,CSOs,Other Channels
Slovak Republic,0.09890453422628583,0.9010954657737142
DAC Average,0.07251186919294052,0.92748813080706
