donor,CSOs,Other Channels
Slovenia,0.03100319878235033,0.9689968012176498
DAC Average,0.07251186919294052,0.92748813080706
