Year,ODA AS % GNI,Total ODA
2018,0.2%,3064.2281851992
2019,0.21%,3243.1094345314996
2020,0.23%,3196.5032608802003
2021,0.26%,3658.4261911251
2022,0.3%,4637.667391
2023,0.24%,3879.9819714395003
2024,0.24%,3832.7115209999997
2025,0.25%,4118.508277
