Year,Bilateral funding,Bilateral as earmarked funding through multilaterals,Multilateral as core contributions to organizations,Bilateral,Earmarked,Multilateral
2019,970.3179429999999,127.192535,1936.440828,32%,4%,64%
2020,882.765995,139.480164,1976.429391,29%,5%,66%
2021,902.963437,514.752689,2026.115779,26%,15%,59%
2022,1650.64,596.99,2069.02,38%,14%,48%
2023,0.0,0.0,0.0,0%,0%,0%
