Year,ODA for Development Priorities,Contributions to EUI,In-donor Refugee Costs
2019,1161.7568270000002,1285.05903,304.553088
2020,1166.8268499999997,1343.628662,192.004736
2021,1514.280296,1381.070454,214.928673
2022,1607.42,1532.06,907.05
2023,1579.4806760000004,1467.666868,268.544905
