"Year","ODA for Development Priorities","Contributions to EUI","In-donor Refugee Costs"
"2018",1087.858549,1348.020376,290.04649
"2019",1251.208404,1384.004484,328.002707
"2020",1255.578469,1445.828247,206.609072
"2021",1635.12,1491.28,232.08
"2022",1750.743992,1672.472714,990.180786
