Year,Bilateral funding,Bilateral as earmarked funding through multilaterals,Multilateral as core contributions to organizations,Bilateral,Earmarked,Multilateral
2019,933.9844740000001,119.442343,1936.440828,31%,4%,65%
2020,831.523954,138.937555,1976.429391,28%,5%,67%
2021,838.581149,508.057005,2026.115779,25%,15%,60%
2022,1613.1100000000001,593.4,2069.02,38%,14%,48%
2023,1413.087568,0.0,2120.341252,40%,0%,60%
