"Year","Bilateral funding","Bilateral as earmarked funding through multilaterals","Multilateral as core contributions to organizations","Bilateral","Earmarked","Multilateral"
"2018",1017.225902,135.738894,1981.398371,"32%","4%","63%"
"2019",1045.029336,136.985955,2085.540607,"32%","4%","64%"
"2020",949.91127,150.089357,2126.761301,"29%","5%","66%"
"2021",975.02,555.83,2187.8,"26%","15%","59%"
"2022",1797.936005,651.703906,2258.644893,"38%","14%","48%"
