donor,CSOs,Other Channels
Spain,0.484337843593014,0.5156621564069883
DAC Average,0.0725118691929405,0.92748813080706
