Donor,Year,Total ODA,Bilateral funding,Multilateral as core contributions to organizations,Bilateral as earmarked funding through multilaterals,Earmarked,Bilateral,Multilateral
Spain,2019,3243.1094345315,1013.09,2100.46,129.56,4%,31%,65%
Spain,2020,3196.5032608802,901.95,2143.83,150.71,5%,28%,67%
Spain,2021,3658.4261911251,909.61,2197.73,551.09,15%,25%,60%
Spain,2022,4637.667390999999,1749.74,2244.27,643.66,14%,38%,48%
Spain,2023,3879.9819714395003,1205.52,2359.64,314.82,8%,31%,61%
