Year,Bilateral funding,Multilateral as core contributions to organizations,Bilateral,Multilateral
2019,1053.426817,1936.440828,35%,65%
2020,970.461509,1976.429391,33%,67%
2021,1346.638154,2026.115779,40%,60%
2022,2206.51,2069.02,52%,48%
2023,1413.087568,2120.341252,40%,60%
