donor,Grants,Loans/Equity Investment
Spain,0.9612214220249842,0.0387785779750164
DAC Average,0.7767811458325943,0.22321885416740606
