donor,Year,ODA for Development Priorities,Contributions to EUI,In-donor Refugee Costs
Spain,2019,1161.7568270000002,1285.05903,304.553088
Spain,2020,1166.8268499999997,1343.628662,192.004736
Spain,2021,1514.280296,1381.070454,214.928673
Spain,2022,1607.42,1532.06,907.05
Spain,2023,1596.2601240000006,1475.180741,294.073635
