Donor,Year,ODA AS % GNI,Total ODA
Spain,2019,0.21%,3280.479224
Spain,2020,0.23%,3233.455745
Spain,2021,0.26%,3704.334521
Spain,2022,0.3%,4670.310353
Spain,2023,0.24%,3879.84
Spain,2024,0.25%,4229.884454
Spain,2025,0.22%,3669.0
Spain,2026,0.22%,3736.0
