Year,Bilateral funding,Multilateral as core contributions to organizations,Bilateral,Multilateral
2019,3598.955413,1802.41953,67%,33%
2020,3531.619849,2757.062219,56%,44%
2021,3522.708152,1811.59886,66%,34%
2022,3488.04,1969.92,64%,36%
2023,3324.553879,2247.212251,60%,40%
