Donor,Year,Total ODA,Bilateral funding,Multilateral as core contributions to organizations,Bilateral as earmarked funding through multilaterals,Earmarked,Bilateral,Multilateral
Sweden,2019,5434.8634676466,2241.84,1813.59,1379.43,25%,41%,33%
Sweden,2020,6327.6718968216,2126.6,2774.16,1426.92,23%,34%,44%
Sweden,2021,5367.3797164806,2179.4,1822.83,1365.15,25%,41%,34%
Sweden,2022,5491.809414,2315.99,1982.13,1193.68,22%,42%,36%
Sweden,2023,5622.031531233,2131.28,2272.48,1218.28,22%,38%,40%
