donor,CSOs,Other Channels
Sweden,0.19858246733776408,0.8014175326622281
DAC Average,0.0725118691929405,0.92748813080706
