Year,Bilateral funding,Bilateral as earmarked funding through multilaterals,Multilateral as core contributions to organizations,Bilateral,Earmarked,Multilateral
2019,2228.0241,1370.931313,1802.41953,41%,25%,33%
2020,2113.4961000000003,1418.123749,2757.062219,34%,23%,44%
2021,2165.968639,1356.739513,1811.59886,41%,25%,34%
2022,2301.7200000000003,1186.32,1969.92,42%,22%,36%
2023,3324.553879,0.0,2247.212251,60%,0%,40%
