Donor,Year,ODA AS % GNI,Total ODA
Sweden,2019,0.96%,5449.09775
Sweden,2020,1.14%,6354.3978
Sweden,2021,0.91%,5384.899581
Sweden,2022,0.89%,5521.754045
Sweden,2023,0.93%,5621.87
Sweden,2024,0.79%,4867.50148
Sweden,2025,0.8%,5035.0
Sweden,2026,0.73%,4672.0
