Year,ODA AS % GNI,Total ODA
2018,1.07%,5903.9339577192
2019,0.96%,5434.8634676466
2020,1.14%,6327.6718968216
2021,0.91%,5367.379716480599
2022,0.89%,5491.809414
2023,0.93%,5622.031531233
2024,0.93%,5770.597248
2025,0.89%,5657.450058
