Year,Bilateral funding,Bilateral as earmarked funding through multilaterals,Multilateral as core contributions to organizations,Bilateral,Earmarked,Multilateral
2019,2278.434609,1396.136567,1802.64782,42%,25%,33%
2020,2139.953928,1436.746256,2757.24052,34%,23%,44%
2021,2188.1178739999996,1370.420981,1811.59886,41%,26%,34%
2022,2331.57,1218.6,1969.97,42%,22%,36%
2023,0.0,0.0,0.0,0%,0%,0%
