"Year","ODA for Development Priorities","Contributions to EUI","In-donor Refugee Costs"
"2018",5498.328588,482.397868,573.190864
"2019",5241.477678,487.445067,304.395244
"2020",6322.685275,536.226982,165.192078
"2021",5316.78,529.48,87.91
"2022",5049.481437,577.614689,426.290288
