"Year","Bilateral funding","Bilateral as earmarked funding through multilaterals","Multilateral as core contributions to organizations","Bilateral","Earmarked","Multilateral"
"2018",2858.526599,1459.777042,2362.605904,"43%","22%","35%"
"2019",2545.2631,1560.36904,2013.014818,"42%","26%","33%"
"2020",2390.306126,1605.571839,3079.078532,"34%","23%","44%"
"2021",2434.18,1525.18,2014.67,"41%","26%","34%"
"2022",2585.923734,1352.215064,2184.210907,"42%","22%","36%"
