donor,Year,ODA for Development Priorities,Contributions to EUI,In-donor Refugee Costs
Sweden,2019,4691.995944,436.344561,272.484467
Sweden,2020,5660.459706000001,480.064467,147.890444
Sweden,2021,4779.326651,475.956853,79.023508
Sweden,2022,4552.8,520.8,384.36
Sweden,2023,4739.313270999999,456.850733,252.143997
