Year,ODA for Development Priorities,Contributions to EUI,In-donor Refugee Costs
2019,4691.995944,436.344561,272.484467
2020,5660.459706000001,480.064467,147.890444
2021,4779.326650999999,475.956853,79.023508
2022,4552.8,520.8,384.36
2023,4725.935825,454.604594,252.143997
