donor,Year,Total ODA,Bilateral funding,Multilateral as core contributions to organizations,Bilateral as earmarked funding through multilaterals,Earmarked,Bilateral,Multilateral
Sweden,2019,5401.374943,2228.0241,1802.41953,1370.931313,25%,41%,33%
Sweden,2020,6288.682068,2113.4961000000003,2757.062219,1418.123749,23%,34%,44%
Sweden,2021,5334.307013,2165.968639,1811.59886,1356.739513,25%,41%,34%
Sweden,2022,5457.97,2301.7200000000003,1969.92,1186.32,22%,42%,36%
Sweden,2023,5587.389715,2118.148714,2258.472761,1210.76824,22%,38%,40%
