Donor,Year,ODA AS % GNI,Total ODA
Switzerland,2019,0.44%,3585.290204
Switzerland,2020,0.49%,3921.419588
Switzerland,2021,0.5%,4136.630166
Switzerland,2022,0.56%,4820.792442
Switzerland,2023,0.6%,5219.15
Switzerland,2024,0.51%,4441.182241
Switzerland,2025,0.5%,4439.0
Switzerland,2026,0.47%,4279.0
