donor,CSOs,Other Channels
Switzerland,0.10836732942034816,0.8916326705796462
DAC Average,0.07251186919294052,0.9274881308070599
