donor,CSOs,Other Channels
Switzerland,0.10836732942034816,0.8916326705796462
DAC Average,0.0725118691929405,0.92748813080706
