donor,Year,Total ODA,Bilateral funding,Multilateral as core contributions to organizations,Bilateral as earmarked funding through multilaterals,Earmarked,Bilateral,Multilateral
Switzerland,2019,3324.269708,1860.4442329999997,804.199289,659.626185,20%,56%,24%
Switzerland,2020,3637.399185,2015.022733,898.257488,724.118964,20%,55%,25%
Switzerland,2021,3840.208636,2012.0941219999997,945.725074,882.389441,23%,52%,25%
Switzerland,2022,4497.19,2902.58,830.05,764.56,17%,65%,18%
Switzerland,2023,4859.554304,3116.170634,969.59242,773.79125,16%,64%,20%
