Year,ODA for Development Priorities,Contributions to EUI,In-donor Refugee Costs,donor
2019,3016.149552,0.0,304.237414,Switzerland
2020,3469.0084479999996,0.0,329.655444,Switzerland
2021,3477.962587,0.0,361.588349,Switzerland
2022,3232.05,0.0,1264.33,Switzerland
2023,3474.867873,0.0,1358.988051,Switzerland
