Year,Bilateral funding,Bilateral as earmarked funding through multilaterals,Multilateral as core contributions to organizations,Bilateral,Earmarked,Multilateral
2019,9934.381100999999,4456.473554,6515.876811,48%,21%,31%
2020,9062.400929000001,3436.066555,7145.469892,46%,17%,36%
2021,7652.362370000001,1754.086915,6133.409594,49%,11%,39%
2022,9813.73,2215.54,3878.21,62%,14%,24%
2023,0.0,0.0,0.0,0%,0%,0%
