Donor,Year,ODA AS % GNI,Total ODA
United States,2018,0.16%,40869.08300370401
United States,2019,0.15%,39417.7565025816
United States,2020,0.17%,41324.679680092006
United States,2021,0.2%,53094.77192552881
United States,2022,0.23%,62798.05261600001
United States,2023,0.24%,64683.55175244161
United States,2024,0.15%,43209.8144
United States,2025,0.01%,4378.6720000000005
