Year,ODA AS % GNI,Total ODA
2021,0.5%,16016.451697513701
2022,0.51%,17049.549877
2023,0.58%,19072.4308607577
2024,0.5%,16559.896738
2025,0.5%,16814.91833
2018,0.7%,21853.9959393953
2019,0.7%,22333.983087241104
2020,0.7%,20275.610254404204
