Year,ODA for Development Priorities,Contributions to EUI,In-donor Refugee Costs
2019,17481.553367,2492.294682,649.502382
2020,16659.693687,1963.417571,812.832948
2021,12265.801413000001,1710.134143,1363.977789
2022,10180.93,1031.05,4549.34
2023,11702.953349,611.159623,4937.875777
