Year,Bilateral funding,Bilateral as earmarked funding through multilaterals,Multilateral as core contributions to organizations,Bilateral,Earmarked,Multilateral
2019,9760.211733,4394.074502,6492.827648,47%,21%,31%
2020,8933.561052,3407.851601,6402.795774,48%,18%,34%
2021,7533.744543,1728.981815,5544.014602,51%,12%,37%
2022,9726.61,2156.99,3878.21,62%,14%,25%
2023,11327.031477,0.0,6339.919032,64%,0%,36%
