"Year","Bilateral funding","Bilateral as earmarked funding through multilaterals","Multilateral as core contributions to organizations","Bilateral","Earmarked","Multilateral"
"2018",26171.394129,6874.338577,4152.05464,"70%","18%","11%"
"2019",23368.302017,7905.649082,4410.569599,"65%","22%","12%"
"2020",24106.625222,7567.370299,5981.197205,"64%","20%","16%"
"2021",29687.83,9265.24,9298.88,"62%","19%","19%"
"2022",31964.182448,17416.905576,7863.592874,"56%","30%","14%"
