donor,Grants,Loans/Equity Investment
United States,0.9984960653949624,0.0015039346050376694
DAC Average,0.7767811458325943,0.22321885416740603
