Year,Bilateral funding,Multilateral as core contributions to organizations,Bilateral,Multilateral
2019,33263.307284,4726.049407,88%,12%
2020,33419.139689,6408.038106,84%,16%
2021,41217.123765,9953.617194,81%,19%
2022,52195.39,8327.02,86%,14%
2023,57047.054054,6597.738722,90%,10%
