donor,CSOs,Other Channels
United States,0.11449563777891754,0.8855043622210836
DAC Average,0.0725118691929405,0.92748813080706
