Year,ODA for Development Priorities,Contributions to EUI,In-donor Refugee Costs,donor
2019,17481.553367,2492.294682,649.502382,United Kingdom
2020,16659.693687,1963.417571,812.832948,United Kingdom
2021,12265.801413000001,1710.134143,1363.977789,United Kingdom
2022,10180.93,1031.05,4549.34,United Kingdom
2023,11688.162009999996,611.030199,4910.206729,United Kingdom
