donor,Year,Total ODA,Bilateral funding,Multilateral as core contributions to organizations,Bilateral as earmarked funding through multilaterals,Earmarked,Bilateral,Multilateral
United Kingdom,2019,20647.113883,9760.211733,6492.827648,4394.074502,21%,47%,31%
United Kingdom,2020,18744.208426,8933.561052,6402.795774,3407.851601,18%,48%,34%
United Kingdom,2021,14806.740961,7533.744543,5544.014602,1728.981815,12%,51%,37%
United Kingdom,2022,15761.81,9726.61,3878.21,2156.99,14%,62%,25%
United Kingdom,2023,17631.904281,9597.073489,6136.288522,1898.54227,11%,54%,35%
