Donor,Year,ODA AS % GNI,Total ODA
United Kingdom,2019,0.7%,22417.945738
United Kingdom,2020,0.7%,20373.899138
United Kingdom,2021,0.5%,16064.020397
United Kingdom,2022,0.51%,17052.993981
United Kingdom,2023,0.58%,19072.68
United Kingdom,2024,0.5%,17005.317435
United Kingdom,2025,0.5%,16910.0
United Kingdom,2026,0.4%,13736.0
