Year,ODA AS % GNI,Total ODA
2018,0.16%,40869.08300370401
2019,0.15%,39417.7565025816
2020,0.17%,41324.679680092006
2021,0.2%,53094.77192552881
2022,0.23%,62798.05261600001
2023,0.24%,64683.55175244161
2024,0.15%,42151.40014400001
2025,0.15%,42944.271808000005
