donor,Grants,Loans/Equity Investment
United Kingdom,0.9982484506325242,0.0017515493674756643
DAC Average,0.7767811458325943,0.22321885416740606
