Year,Bilateral funding,Bilateral as earmarked funding through multilaterals,Multilateral as core contributions to organizations,Bilateral,Earmarked,Multilateral
2019,25039.793026999996,8471.125399,4726.049407,65%,22%,12%
2020,25826.965362000003,8107.406523,6408.038106,64%,20%,16%
2021,31778.159857000002,9917.60859,9953.617194,62%,19%,19%
2022,34172.35,18620.11,8406.83,56%,30%,14%
2023,0.0,0.0,0.0,0%,0%,0%
