donor,CSOs,Other Channels
United States,0.11449563777891754,0.8855043622210833
DAC Average,0.07251186919294052,0.9274881308070599
