donor,CSOs,Other Channels
United Kingdom,0.06627498913524212,0.9337250108647573
DAC Average,0.07251186919294052,0.9274881308070599
