donor,Year,ODA for Development Priorities,Contributions to EUI,In-donor Refugee Costs
United States,2019,35276.749972,0.0,2132.291499
United States,2020,37939.287951,0.0,1686.494329
United States,2021,45795.343668,0.0,5079.289682
United States,2022,52545.04,0.0,7783.64
United States,2023,55532.975346,0.0,6700.347126
