Year,Bilateral funding,Bilateral as earmarked funding through multilaterals,Multilateral as core contributions to organizations,Bilateral,Earmarked,Multilateral
2019,24804.250518,8459.056766,4726.049407,65%,22%,12%
2020,25323.331040000005,8095.808649,6408.038106,64%,20%,16%
2021,31354.919613,9862.204152,9953.617194,61%,19%,19%
2022,33622.64,18572.75,8327.02,56%,31%,14%
2023,57047.054054,0.0,6597.738722,90%,0%,10%
