Year,Bilateral funding,Multilateral as core contributions to organizations,Bilateral,Multilateral
2019,14154.286235,6492.827648,69%,31%
2020,12341.412653,6402.795774,66%,34%
2021,9262.726358,5544.014602,63%,37%
2022,11883.6,3878.21,75%,25%
2023,11327.031477,6339.919032,64%,36%
