Donor,Year,ODA AS % GNI,Total ODA
United Kingdom,2018,0.7%,21853.9959393953
United Kingdom,2019,0.7%,22333.983087241104
United Kingdom,2020,0.7%,20275.610254404204
United Kingdom,2021,0.5%,16016.451697513701
United Kingdom,2022,0.51%,17049.549877
United Kingdom,2023,0.58%,19072.4308607577
United Kingdom,2024,0.5%,18024.367100000003
United Kingdom,2025,0.5%,18291.547000000002
