donor,Grants,Loans/Equity Investment
United Kingdom,0.9982484506325244,0.0017515493674756645
DAC Average,0.7767811458325943,0.22321885416740603
