Donor,Year,ODA AS % GNI,Total ODA
United States,2019,0.15%,39385.013468
United States,2020,0.17%,41287.001743
United States,2021,0.2%,53055.880567
United States,2022,0.23%,62700.245987
United States,2023,0.24%,64685.69
United States,2024,0.22%,61820.571773
United States,2025,0.01%,4220.0
United States,2026,0.01%,4220.0
