"Year","Bilateral funding","Bilateral as earmarked funding through multilaterals","Multilateral as core contributions to organizations","Bilateral","Earmarked","Multilateral"
"2018",9811.046487,4161.002071,8020.693519,"45%","19%","36%"
"2019",10679.082445,4790.539844,7004.320144,"48%","21%","31%"
"2020",9663.613711,3664.020179,7619.510698,"46%","17%","36%"
"2021",8120.22,1861.33,6508.4,"49%","11%","39%"
"2022",10444.373269,2357.913531,4127.428904,"62%","14%","24%"
