donor,CSOs,Other Channels
United Kingdom,0.06627498913524212,0.9337250108647573
DAC Average,0.0725118691929405,0.92748813080706
