"Year","ODA to global health as % of  total ODA","Bilateral funding","Bilateral as earmarked funding through multilaterals","Multilateral as core contributions to organizations","Bilateral","Earmarked","Multilateral"
2018,3.07193093027473,5.218095,2.088542,31.0797540026885,"14%","5%","81%"
2019,3.1705824750937,6.06153,3.016507,34.224874004473,"14%","7%","79%"
2020,2.89793441776259,4.896165,3.137578,32.6852835300469,"12%","8%","80%"
2021,5.62237439657816,28.188033,18.504524,37.8791986733287,"33%","22%","45%"
2022,4.71284393152936,12.976035,34.66252,46.9426256380843,"14%","37%","50%"
