"Year","ODA to global health as % of  total ODA","Bilateral funding","Bilateral as earmarked funding through multilaterals","Multilateral as core contributions to organizations","Bilateral","Earmarked","Multilateral"
2018,10.5575230236112,223.698269,105.364929,38.3652283445593,"61%","29%","10%"
2019,10.1447400976728,193.583835,51.012485,93.2641496613319,"57%","15%","28%"
2020,15.8203514338199,302.881646,117.660474,101.653479761851,"58%","23%","19%"
2021,23.4255567731697,334.383465,434.433036,65.0091646739434,"40%","52%","8%"
2022,18.0498216628241,261.000381,220.252294,83.1620660324509,"46%","39%","15%"
