"Year","Bilateral funding","Bilateral as earmarked funding through multilaterals","Multilateral as core contributions to organizations","Bilateral","Earmarked","Multilateral"
"2018",2165.601886,653.731402,660.918903,"62%","19%","19%"
"2019",1983.984233,587.550062,758.854661,"60%","18%","23%"
"2020",1881.063396,787.111226,632.609193,"57%","24%","19%"
"2021",2092.85,988.74,477.88,"59%","28%","13%"
"2022",1922.922835,741.216267,462.833129,"61%","24%","15%"
