"Year","ODA to global health as % of  total ODA","Bilateral funding","Bilateral as earmarked funding through multilaterals","Multilateral as core contributions to organizations","Bilateral","Earmarked","Multilateral"
2018,8.22534355116209,118.127227,9.656358,79.2896127842682,"57%","5%","38%"
2019,8.18131422065688,120.36468,5.861373,74.2577375713286,"60%","3%","37%"
2020,8.14767962525417,122.258726,9.047605,76.7903006142352,"59%","4%","37%"
2021,9.02579001297219,143.917035,18.194478,78.6306762790034,"60%","8%","33%"
2022,8.87885714660492,134.060741,9.80692,107.670758226712,"53%","4%","43%"
