"Year","ODA to global health as % of  total ODA","Bilateral funding","Bilateral as earmarked funding through multilaterals","Multilateral as core contributions to organizations","Bilateral","Earmarked","Multilateral"
2018,18.8813049979978,374.856716,272.135295,364.530660414896,"37%","27%","36%"
2019,17.65161629285,382.390687,187.628146,394.658741550953,"40%","19%","41%"
2020,15.6248129523801,362.868198,256.139107,297.784145226958,"40%","28%","32%"
2021,31.0721399032339,493.635706,1023.316167,456.837455645149,"25%","52%","23%"
2022,17.991526014801,487.182134,701.770377,421.514420543622,"30%","44%","26%"
