"Year","ODA to global health as % of  total ODA","Bilateral funding","Bilateral as earmarked funding through multilaterals","Multilateral as core contributions to organizations","Bilateral","Earmarked","Multilateral"
2018,7.90073103270677,73.68373,67.694111,81.1709772712675,"33%","30%","36%"
2019,6.68894708391971,59.164733,55.096128,80.3177626546771,"30%","28%","41%"
2020,6.31159550341885,70.871418,37.708553,71.8587254305042,"39%","21%","40%"
2021,8.8177441872405,68.744493,124.796166,67.6576775400194,"26%","48%","26%"
2022,6.75258836403889,84.550994,35.521996,77.4837423084979,"43%","18%","39%"
