"Year","ODA to global health as % of  total ODA","Bilateral funding","Bilateral as earmarked funding through multilaterals","Multilateral as core contributions to organizations","Bilateral","Earmarked","Multilateral"
2018,5.73275155648502,244.882674,12.143189,675.106598856445,"26%","1%","72%"
2019,6.02781828019009,309.181561,29.423918,625.960976502527,"32%","3%","65%"
2020,5.25557384066742,478.141421,43.589439,507.125517727879,"46%","4%","49%"
2021,10.0464544101443,1057.383968,62.633844,825.975384017739,"54%","3%","42%"
2022,8.89428407970243,877.328838,95.267734,1010.60780124242,"44%","5%","51%"
