"Year","ODA to global health as % of  total ODA","Bilateral funding","Bilateral as earmarked funding through multilaterals","Multilateral as core contributions to organizations","Bilateral","Earmarked","Multilateral"
2018,4.82274232184702,706.36921,181.785585,594.607804629729,"48%","12%","40%"
2019,5.16642419334787,765.520231,156.393878,618.461787735502,"50%","10%","40%"
2020,9.56180478383397,1242.6104,1044.637843,1033.06196793124,"37%","31%","31%"
2021,12.7903523731165,1060.722652,1588.866835,1975.27658566566,"23%","34%","43%"
2022,10.0567922951726,1665.442447,1782.934969,849.961114264279,"39%","41%","20%"
