"donor_name","CSOs","Other Channels"
"Germany",0.0597199020168103,0.94028009798319
"DAC average",0.11400004113726,0.885999958862741
