"Year","ODA to global health as % of  total ODA","Bilateral funding","Bilateral as earmarked funding through multilaterals","Multilateral as core contributions to organizations","Bilateral","Earmarked","Multilateral"
2018,11.186562323404,56.520651,14.82577,36.5753341576149,"52%","14%","34%"
2019,11.0118835210394,60.389537,15.882357,36.8776593227631,"53%","14%","33%"
2020,12.1857746177749,59.20232,26.391288,39.8664833440453,"47%","21%","32%"
2021,12.247919693193,72.756373,25.850798,42.8428287447167,"51%","18%","30%"
2022,5.86407214538808,53.284891,39.703177,56.8631131843525,"36%","26%","38%"
