"Year","ODA to global health as % of  total ODA","Bilateral funding","Bilateral as earmarked funding through multilaterals","Multilateral as core contributions to organizations","Bilateral","Earmarked","Multilateral"
2018,11.0501444230777,264.271317,145.213377,270.213164844432,"39%","21%","40%"
2019,9.85617627202664,219.42875,110.53227,247.295438964352,"38%","19%","43%"
2020,9.47185333635851,234.57054,120.000538,190.956467440743,"43%","22%","35%"
2021,11.1623503334257,200.52129,251.009142,142.071080146213,"34%","42%","24%"
2022,9.59256879551108,211.442385,249.150354,205.829120153098,"32%","37%","31%"
