"Year","ODA to global health as % of  total ODA","Bilateral funding","Bilateral as earmarked funding through multilaterals","Multilateral as core contributions to organizations","Bilateral","Earmarked","Multilateral"
2018,4.38177326132263,54.810897,2.671066,79.858724208169,"40%","2%","58%"
2019,3.85753012858734,49.779233,3.11614,73.1515802337827,"39%","2%","58%"
2020,5.77187669389663,87.279387,11.797348,87.1679846897617,"47%","6%","47%"
2021,15.434028026715,84.848227,372.82706,116.262196215436,"15%","65%","20%"
2022,9.89168174545894,101.948422,192.042142,171.737984481485,"22%","41%","37%"
