"Year","ODA to agriculture as % of  total ODA","Bilateral funding","Bilateral as earmarked funding through multilaterals","Multilateral as core contributions to organizations","Bilateral","Earmarked","Multilateral"
2018,6.12056862338293,141.390492,43.318999,28.3017326169428,"66%","20%","13%"
2019,5.95712023050124,130.353346,43.065071,24.9775418445121,"66%","22%","13%"
2020,5.64033290585401,110.009999,46.738713,29.4264837249515,"59%","25%","16%"
2021,4.7302123776907,113.301679,30.804516,24.264295520187,"67%","18%","14%"
2022,5.05095297859066,110.362338,24.751041,22.8290301070102,"70%","16%","14%"
