donor,year,Bilateral as earmarked funding through multilaterals,Bilateral funding,Multilateral as core contributions to organizations,Earmarked,Bilateral,Multilateral,Sector ODA,"ODA to Agriculture (incl. forestry, fishing, rural development) as % of Total ODA"
Austria,2019,1.3711192677179627,22.090264636577853,87.18430000000006,1.3379956774465118,21.55660655734471,77.10539776520878,113.07159100000007,8.820081215946702
Austria,2020,0.7885707812216785,33.453637846655795,82.6733,0.7223450013383709,30.6441332224847,68.63352177617693,120.456153,9.145956953112803
Austria,2021,1.6356108392242157,23.05548577125249,77.21599999999998,1.7276759571371882,24.353230910357823,73.91909313250498,104.46015599999998,7.417455948909013
Austria,2022,5.249757114373754,18.256000543773787,73.48489999999998,5.826307405628258,20.260950906493715,73.91274168787803,99.42115299999998,5.339854715957611
Austria,2023,4.556018669566793,25.780406924052922,88.03970000000004,4.137100261410901,23.409940994583348,72.45295874400576,121.51291200000003,7.272963817811066
