"Year","ODA to agriculture as % of  total ODA","Bilateral funding","Bilateral as earmarked funding through multilaterals","Multilateral as core contributions to organizations","Bilateral","Earmarked","Multilateral"
2018,6.27418097723982,141.390492,43.318999,33.6478299276939,"65%","20%","15%"
2019,6.04531661847965,130.353346,43.065071,27.9148347448648,"65%","21%","14%"
2020,5.73989920578094,110.009999,46.738713,32.7129520391299,"58%","25%","17%"
2021,4.82372980121148,113.301679,30.804516,27.5930201551821,"66%","18%","16%"
2022,5.13468210937888,110.362338,24.751041,25.4472252644748,"69%","15%","16%"
