year,"ODA to Agriculture (incl. forestry, fishing, rural development) as % of Total ODA",Bilateral funding,Bilateral as earmarked funding through multilaterals,Multilateral as core contributions to organizations,Earmarked,Bilateral,Multilateral,donor
2019,12.84535335277458,391.9277277307535,12.897237001209191,24.709199999999996,3.001288088511613,91.2046526465668,5.794059264921586,Australia
2020,11.537191255681629,348.01619205965386,5.549082023377669,29.0577,1.4494311590125721,90.90251513440909,7.648053706578342,Australia
2021,9.020719833038868,293.6034119306729,4.71965941152761,23.977200000000007,1.4635333749440413,91.04436462268006,7.492102002375913,Australia
2022,9.247881248784283,258.2897571543732,6.651944780330518,22.33199999999999,2.314164847669136,89.85719158209079,7.828643570240067,Australia
2023,12.533836009503466,370.19380088673915,21.475425231761392,22.400199999999998,5.184283234970292,89.36677597371339,5.4489407913163355,Australia
