year,"ODA to Agriculture (incl. forestry, fishing, rural development) as % of Total ODA",Bilateral funding,Bilateral as earmarked funding through multilaterals,Multilateral as core contributions to organizations,Earmarked,Bilateral,Multilateral,donor
2019,8.820081215946702,22.090264636577853,1.3711192677179627,87.18430000000006,1.3379956774465118,21.55660655734471,77.10539776520878,Austria
2020,9.145956953112803,33.453637846655795,0.7885707812216785,82.6733,0.7223450013383709,30.6441332224847,68.63352177617693,Austria
2021,7.417455948909013,23.05548577125249,1.6356108392242157,77.21599999999998,1.7276759571371882,24.353230910357823,73.91909313250498,Austria
2022,5.339854715957611,18.256000543773787,5.249757114373754,73.48489999999998,5.826307405628258,20.260950906493715,73.91274168787803,Austria
2023,7.272963817811066,25.780406924052922,4.556018669566793,88.03970000000004,4.137100261410901,23.409940994583348,72.45295874400576,Austria
