donor,year,Bilateral as earmarked funding through multilaterals,Bilateral funding,Multilateral as core contributions to organizations,Earmarked,Bilateral,Multilateral,Sector ODA,"ODA to Agriculture (incl. forestry, fishing, rural development) as % of Total ODA"
Australia,2019,12.897237001209191,391.9277277307535,24.709199999999996,3.001288088511613,91.2046526465668,5.794059264921586,426.45749499999977,12.84535335277458
Australia,2020,5.549082023377669,348.01619205965386,29.0577,1.4494311590125721,90.90251513440909,7.648053706578342,379.93587800000046,11.537191255681629
Australia,2021,4.71965941152761,293.6034119306729,23.977200000000007,1.4635333749440413,91.04436462268006,7.492102002375913,320.03301599999975,9.020719833038868
Australia,2022,6.651944780330518,258.2897571543732,22.33199999999999,2.314164847669136,89.85719158209079,7.828643570240067,285.26014499999997,9.247881248784283
Australia,2023,21.475425231761392,370.19380088673915,22.400199999999998,5.184283234970292,89.36677597371339,5.4489407913163355,411.0927399999999,12.533836009503466
