year,"ODA to Agriculture (incl. forestry, fishing, rural development) as % of Total ODA",Bilateral funding,Bilateral as earmarked funding through multilaterals,Multilateral as core contributions to organizations,Earmarked,Bilateral,Multilateral,donor
2019,7.798081965963655,10.216224397317385,1.3711192677179627,87.18430000000006,1.5133504101614703,11.275990168028281,87.21065942181023,Austria
2020,7.143050579483857,9.546504440819286,0.7885707812216785,82.6733,0.9248900331900388,11.196796811871872,87.87831315493808,Austria
2021,6.6168976423922,12.837726119267717,1.6356108392242157,77.21599999999998,1.936702212824518,15.200958557240648,82.86233922993482,Austria
2022,4.915267929554694,11.091550661591445,5.249757114373754,73.48489999999998,6.3295908834376435,13.372995439841555,80.29741367672081,Austria
2023,6.204428893716259,9.600845568243612,4.556018669566793,88.03970000000004,4.84959712285071,10.219500055103016,84.93090282204629,Austria
