year,"ODA to Agriculture (incl. forestry, fishing, rural development) as % of Total ODA",Bilateral funding,Bilateral as earmarked funding through multilaterals,Multilateral as core contributions to organizations,Earmarked,Bilateral,Multilateral,donor
2019,6.121471687543115,166.98963825070547,12.897237001209191,24.709199999999996,6.297930951613752,81.54376098068911,12.158308067697144,Australia
2020,7.8489960595072175,225.62860943168064,5.549082023377669,29.0577,2.1305099870979185,86.62766269160528,11.241827321296794,Australia
2021,5.227815682837516,158.00996473196324,4.71965941152761,23.977200000000007,2.5253615166681374,84.54683895400727,12.927799529324602,Australia
2022,5.258636841081499,134.2951652559451,6.651944780330518,22.33199999999999,4.069709004083604,82.162775142559,13.767515853357388,Australia
2023,8.211620755998968,227.34538291011674,21.475425231761392,22.400199999999998,7.913048815176422,83.76994138454029,8.317009800283277,Australia
