"Year","ODA to agriculture as % of  total ODA","Bilateral funding","Bilateral as earmarked funding through multilaterals","Multilateral as core contributions to organizations","Bilateral","Earmarked","Multilateral"
2018,6.55661216405038,15.714182,8.002084,58.2141822733644,"19%","10%","71%"
2019,6.86557810057743,18.846986,4.93881,69.9823112228775,"20%","5%","75%"
2020,7.67838124825026,33.955021,5.969367,67.9649444289616,"31%","6%","63%"
2021,6.09504886549343,19.558171,4.044699,68.0788550347522,"21%","4%","74%"
2022,4.68526015977704,16.137412,5.246216,72.6439790980542,"17%","6%","77%"
