"Year","ODA to agriculture as % of  total ODA","Bilateral funding","Bilateral as earmarked funding through multilaterals","Multilateral as core contributions to organizations","Bilateral","Earmarked","Multilateral"
2018,7.53983941107956,15.714182,8.002084,70.5004433923876,"17%","8%","75%"
2019,7.76043157065977,18.846986,4.93881,82.2039646513612,"18%","5%","78%"
2020,8.33968727463144,33.955021,5.969367,77.2569896414566,"29%","5%","66%"
2021,6.70770922281806,19.558171,4.044699,77.2944921296292,"19%","4%","77%"
2022,5.21310360279834,16.137412,5.246216,83.237170122062,"15%","5%","80%"
