year,"ODA to Agriculture (incl. forestry, fishing, rural development) as % of Total ODA",Bilateral funding,Bilateral as earmarked funding through multilaterals,Multilateral as core contributions to organizations,Earmarked,Bilateral,Multilateral,donor
2019,12.50416401114229,176.5082209334954,5.563904218501545,94.82939999999999,2.0548273921258633,65.18694662346827,32.75822598440586,Belgium
2020,12.238537535562443,173.04845571041056,6.635249275091199,102.9464,2.404282387606291,62.70410304385872,34.89161456853499,Belgium
2021,10.770431374249359,155.9289898045085,3.8860209522027875,99.65790000000001,1.5357845873056408,61.62430470688979,36.83991070580457,Belgium
2022,8.146214449822669,91.3488448227481,11.448708259283512,109.22090000000006,5.585850431543623,44.569306223730464,49.844843344725916,Belgium
2023,8.233175782856883,95.76531849218973,7.494318585726313,110.64250000000004,3.624805936668321,46.31918046005775,50.05601360327392,Belgium
