"Year","ODA to agriculture as % of  total ODA","Bilateral funding","Bilateral as earmarked funding through multilaterals","Multilateral as core contributions to organizations","Bilateral","Earmarked","Multilateral"
2018,8.778698935018,110.91238,13.204647,96.8869042707735,"50%","6%","44%"
2019,8.80201222567251,110.079496,12.010495,93.6040561987294,"51%","6%","43%"
2020,8.68690231012553,110.94915,8.378893,102.540659875348,"50%","4%","46%"
2021,7.75891540283854,92.792209,5.738094,108.420919865291,"45%","3%","52%"
2022,7.97869147478489,79.312815,14.716895,132.006975569657,"35%","7%","58%"
