year,"ODA to Agriculture (incl. forestry, fishing, rural development) as % of Total ODA",Bilateral funding,Bilateral as earmarked funding through multilaterals,Multilateral as core contributions to organizations,Earmarked,Bilateral,Multilateral,donor
2019,12.838632322872414,183.75098961743515,5.563904218501545,94.82939999999999,2.001295627101582,66.09388615535872,31.904818217539713,Belgium
2020,12.466242890672579,178.1831606023758,6.635249275091199,102.9464,2.3603663513429063,63.385340810122955,34.25429283853414,Belgium
2021,10.940168587923878,159.91665606584976,3.8860209522027875,99.65790000000001,1.511956819519569,62.219705366351725,36.268337814128685,Belgium
2022,8.580013086182923,102.26323636703768,11.448708259283512,109.22090000000006,5.303434277188551,47.371838006738045,47.324727716073404,Belgium
2023,8.602441858983694,105.03830043962219,7.494318585726313,110.64250000000004,3.469208504346609,48.62346869817993,47.90732279747346,Belgium
