"Year","ODA to agriculture as % of  total ODA","Bilateral funding","Bilateral as earmarked funding through multilaterals","Multilateral as core contributions to organizations","Bilateral","Earmarked","Multilateral"
2018,8.11360146477661,110.91238,13.204647,80.143061397286,"54%","6%","39%"
2019,8.18849072995569,110.079496,12.010495,78.5696605330875,"55%","6%","39%"
2020,8.15592966062668,110.94915,8.378893,88.9792994731153,"53%","4%","43%"
2021,7.22741123914453,92.792209,5.738094,94.2442687583302,"48%","3%","49%"
2022,7.32716299990107,79.312815,14.716895,113.549144798482,"38%","7%","55%"
