year,"ODA to Agriculture (incl. forestry, fishing, rural development) as % of Total ODA",Bilateral funding,Bilateral as earmarked funding through multilaterals,Multilateral as core contributions to organizations,Earmarked,Bilateral,Multilateral,donor
2019,6.814305846662448,266.05106788164255,14.548795945530866,110.14149999999994,3.698512163298547,67.63398939010398,28.66749844659747,Canada
2020,8.609742586635639,437.1779215726432,10.020279512644619,85.09680000000004,1.8753152944397997,81.81871989518999,16.305964810370206,Canada
2021,8.18476341514045,434.9290816013097,39.979135865670116,72.842,7.27570781315284,79.15170872643364,13.572583460413519,Canada
2022,6.608335163957887,347.1037698372076,4.588105866693968,273.1904000000001,0.7266566000395764,54.97371956514374,44.299623834816686,Canada
2023,5.099005344692561,306.3366263950053,21.93820825227806,154.80470000000005,4.506870633905217,62.932192534268594,32.5609368318262,Canada
