"Year","ODA to agriculture as % of  total ODA","Bilateral funding","Bilateral as earmarked funding through multilaterals","Multilateral as core contributions to organizations","Bilateral","Earmarked","Multilateral"
2018,5.69192405489972,147.203965,86.315451,71.4123790275898,"48%","28%","23%"
2019,5.2242510643142,138.930562,37.270952,109.308762337088,"49%","13%","38%"
2020,7.03435928592485,112.580023,215.802404,84.3611028467463,"27%","52%","20%"
2021,6.68753066229297,116.2698,236.274121,72.266751754704,"27%","56%","17%"
2022,5.88165499445539,131.094724,127.075542,268.311526791024,"25%","24%","51%"
