donor,year,Bilateral as earmarked funding through multilaterals,Bilateral funding,Multilateral as core contributions to organizations,Earmarked,Bilateral,Multilateral,Sector ODA,"ODA to Agriculture (incl. forestry, fishing, rural development) as % of Total ODA"
Canada,2019,14.548795945530866,266.05106788164255,110.14149999999994,3.698512163298547,67.63398939010398,28.66749844659747,384.20338700000025,6.814305846662448
Canada,2020,10.020279512644619,437.1779215726432,85.09680000000004,1.8753152944397997,81.81871989518999,16.305964810370206,521.8752830000006,8.609742586635639
Canada,2021,39.979135865670116,434.9290816013097,72.842,7.27570781315284,79.15170872643364,13.572583460413519,536.6848559999992,8.18476341514045
Canada,2022,4.588105866693968,347.1037698372076,273.1904000000001,0.7266566000395764,54.97371956514374,44.299623834816686,616.6878550000008,6.608335163957887
Canada,2023,21.93820825227806,306.3366263950053,154.80470000000005,4.506870633905217,62.932192534268594,32.5609368318262,475.43073100000163,5.099005344692561
