year,"ODA to Agriculture (incl. forestry, fishing, rural development) as % of Total ODA",Bilateral funding,Bilateral as earmarked funding through multilaterals,Multilateral as core contributions to organizations,Earmarked,Bilateral,Multilateral,donor
2019,5.673341268822281,200.18669806491258,14.548795945530866,110.14149999999994,4.442319237310621,61.124867184671,34.43281357801837,Canada
2020,3.932975084823575,146.93532302651778,10.020279512644619,85.09680000000004,4.105284576098903,60.19905078931973,35.695664634581355,Canada
2021,4.247726541217576,170.6142674311456,39.979135865670116,72.842,14.019251604477201,59.828315210902026,26.152433184620772,Canada
2022,4.338216485908119,130.20319238251233,4.588105866693968,273.1904000000001,1.1069042722422862,31.412193636158815,67.4809020915989,Canada
2023,3.746779745731049,177.24747414764173,21.93820825227806,154.80470000000005,6.133415628795341,49.55429429788353,44.31229007332113,Canada
