"Year","ODA to agriculture as % of  total ODA","Bilateral funding","Bilateral as earmarked funding through multilaterals","Multilateral as core contributions to organizations","Bilateral","Earmarked","Multilateral"
2018,5.97155969128964,147.203965,86.315451,86.3932177976814,"46%","27%","27%"
2019,5.48855897071979,138.930562,37.270952,123.75344014199,"46%","12%","41%"
2020,7.17747336814925,112.580023,215.802404,92.7583724582472,"27%","51%","22%"
2021,6.78193092037408,116.2698,236.274121,78.2633204687384,"27%","55%","18%"
2022,6.03578830795202,131.094724,127.075542,282.108388948873,"24%","24%","52%"
