donor,year,Bilateral as earmarked funding through multilaterals,Bilateral funding,Multilateral as core contributions to organizations,Earmarked,Bilateral,Multilateral,Sector ODA,"ODA to Agriculture (incl. forestry, fishing, rural development) as % of Total ODA"
Czechia,2019,0.17527899247857268,7.770564107049153,23.201100000000007,0.6207385858128335,27.518922299643588,71.86033911454358,32.28637700000001,9.08840285258231
Czechia,2020,0.16801819135910442,5.640215147804794,21.110400000000006,0.6922572280148549,23.238434315018406,76.06930845696674,27.751534000000007,8.321379021265916
Czechia,2021,0.0,5.483493965366451,21.587399999999985,0.0,22.50700329935928,77.49299670064072,27.857226999999984,7.549818626686359
Czechia,2022,0.14981808640895575,3.3723613783452864,23.465999999999994,0.6230690722016962,14.025102879760352,85.35182804803794,27.493259999999996,2.6152673934136175
Czechia,2023,0.24122704215497637,4.408835053349659,20.813899999999993,1.0555329364246713,19.291662197161276,79.65280486641406,26.130780999999992,3.69295470072379
