donor,year,Bilateral as earmarked funding through multilaterals,Bilateral funding,Multilateral as core contributions to organizations,Earmarked,Bilateral,Multilateral,Sector ODA,"ODA to Agriculture (incl. forestry, fishing, rural development) as % of Total ODA"
Denmark,2019,2.4934651507661885,118.4907167572912,53.86480000000002,1.4310801785970626,68.00564910522736,30.563270716175584,176.24030000000005,6.282457364285646
Denmark,2020,3.4168442906574397,116.84528126544738,72.31600000000003,1.781871358355596,60.93437169940329,37.28375694224112,193.96114000000006,7.058437315720366
Denmark,2021,8.000663371230845,104.41135640138414,79.2357,4.194387783613532,54.73817575368254,41.06743646270394,192.94045800000004,6.781958740159791
Denmark,2022,0.0,86.55934948096886,36.88770000000002,0.0,70.35763076470943,29.64236923529057,124.44248200000004,4.417130129522553
Denmark,2023,0.23514681166584278,187.3492506178941,52.538300000000035,0.09817198303658005,78.21686938163812,21.684958635325295,242.27991799999995,8.10001504517791
