year,"ODA to Agriculture (incl. forestry, fishing, rural development) as % of Total ODA",Bilateral funding,Bilateral as earmarked funding through multilaterals,Multilateral as core contributions to organizations,Earmarked,Bilateral,Multilateral,donor
2019,5.7329007658369795,0.02854703147353362,0.0,3.1414000000000004,0.0,1.006104949159037,98.99389505084096,Estonia
2020,5.221549403311023,0.0669805078683834,0.0,2.8798999999999997,0.0,2.535221372872918,97.46477862712707,Estonia
2021,5.344218730941403,0.4369170243204578,0.0,2.836399999999999,0.0,14.695968298803512,85.30403170119648,Estonia
2022,1.6341815557656894,0.12129917739628036,0.0,3.1479,0.0,4.131520626539296,95.8684793734607,Estonia
2023,3.686736622857991,0.3665584763948498,0.0,3.199799999999999,0.0,11.356963165685025,88.64303683431497,Estonia
