donor,year,Bilateral as earmarked funding through multilaterals,Bilateral funding,Multilateral as core contributions to organizations,Earmarked,Bilateral,Multilateral,Sector ODA,"ODA to Agriculture (incl. forestry, fishing, rural development) as % of Total ODA"
Estonia,2019,0.0,0.03539878397711016,3.1414000000000004,0.0,1.244581089535019,98.75541891046498,3.1809900000000004,5.7467446648642815
Estonia,2020,0.0,0.07275482832618024,2.8798999999999997,0.0,2.747774687135819,97.25222531286417,2.9612689999999997,5.232961559975725
Estonia,2021,0.0,0.9415557939914165,2.836399999999999,0.0,27.074259609876613,72.92574039012338,3.889435999999999,6.251337341294865
Estonia,2022,0.0,0.26516541487839773,3.1479,0.0,8.609794101312223,91.39020589868777,3.444461,1.7142591947444383
Estonia,2023,0.0,0.5861480686695278,3.199799999999999,0.0,17.00360123132854,82.99639876867147,3.855347999999999,3.93756277509449
