year,"ODA to Agriculture (incl. forestry, fishing, rural development) as % of Total ODA",Bilateral funding,Bilateral as earmarked funding through multilaterals,Multilateral as core contributions to organizations,Earmarked,Bilateral,Multilateral,donor
2019,5.7467446648642815,0.03539878397711016,0.0,3.1414000000000004,0.0,1.244581089535019,98.75541891046498,Estonia
2020,5.232961559975725,0.07275482832618024,0.0,2.8798999999999997,0.0,2.747774687135819,97.25222531286417,Estonia
2021,6.251337341294865,0.9415557939914165,0.0,2.836399999999999,0.0,27.074259609876613,72.92574039012338,Estonia
2022,1.7142591947444383,0.26516541487839773,0.0,3.1479,0.0,8.609794101312223,91.39020589868777,Estonia
2023,3.93756277509449,0.5861480686695278,0.0,3.199799999999999,0.0,17.00360123132854,82.99639876867147,Estonia
