"Year","ODA to agriculture as % of  total ODA","Bilateral funding","Bilateral as earmarked funding through multilaterals","Multilateral as core contributions to organizations","Bilateral","Earmarked","Multilateral"
2018,7.28240323213204,1247.443531,297.476902,NA,"81%","19%","NA%"
2019,7.01410736612665,1002.511917,389.639184,NA,"72%","28%","NA%"
2020,5.24112666041099,1098.302047,246.945303,NA,"82%","18%","NA%"
2021,6.08614696649295,1139.179381,329.216777,NA,"78%","22%","NA%"
2022,5.13924417180197,1423.785991,264.823827,NA,"84%","16%","NA%"
