donor,year,Bilateral as earmarked funding through multilaterals,Bilateral funding,Multilateral as core contributions to organizations,Earmarked,Bilateral,Multilateral,Sector ODA,"ODA to Agriculture (incl. forestry, fishing, rural development) as % of Total ODA"
EU Institutions,2019,146.39844794255725,1543.7838690969347,0.22469999999999993,8.660635721597744,91.32712751417534,0.012236764226913409,1836.269751,9.924280856592903
EU Institutions,2020,118.75268802356625,1696.3576120776925,0.22849999999999998,6.541692136314713,93.44672054163571,0.011587322049584263,1971.982818999997,8.244444718959706
EU Institutions,2021,169.19345668783944,1713.0800469483556,0.21890000000000004,8.9878195188855,91.00147597186805,0.010704509246450692,2044.9326069999986,9.111368802469471
EU Institutions,2022,178.34702752462505,2364.7387139832385,0.24700000000000005,7.0123897133713555,92.9786700844087,0.008940202219939759,2762.801040999992,9.044252070294226
EU Institutions,2023,207.68855748872315,1292.553665654054,56.040300000000016,13.383456701701851,83.29219591140121,3.3243473868969367,1685.7534269999987,4.559165523061151
