year,"ODA to Agriculture (incl. forestry, fishing, rural development) as % of Total ODA",Bilateral funding,Bilateral as earmarked funding through multilaterals,Multilateral as core contributions to organizations,Earmarked,Bilateral,Multilateral,donor
2019,5.466501796885046,15.576996371080305,3.6727737973387926,44.05680000000004,6.096468878420115,25.856390519983393,68.0471406015965,Finland
2020,5.390387922752579,14.74128780124686,2.5670605750441986,49.73570000000003,4.037082000489865,23.18285288045058,72.78006511905956,Finland
2021,5.283488738762594,11.4184414255141,1.082687261561366,60.80800000000005,1.5672380963566865,16.52870319844319,81.90405870520011,Finland
2022,3.849002456039349,13.575912347631899,3.7465478738252536,44.226600000000055,6.4070969313900825,23.216622147289847,70.37628092132007,Finland
2023,5.089991015045089,13.274277472783105,0.5794733413975993,65.0039,0.7794971960205639,17.856321128211672,81.36418167576777,Finland
