"Year","ODA to agriculture as % of  total ODA","Bilateral funding","Bilateral as earmarked funding through multilaterals","Multilateral as core contributions to organizations","Bilateral","Earmarked","Multilateral"
2018,6.79606350580939,25.183367,4.454307,42.4751402210483,"35%","6%","59%"
2019,7.67409720403594,39.405999,16.468289,41.3281867409865,"41%","17%","43%"
2020,6.25468966358264,31.362852,5.993268,47.5737672220494,"37%","7%","56%"
2021,5.77453847439184,20.456604,2.773274,63.3604813312005,"24%","3%","73%"
2022,5.20961120325301,28.624901,10.167285,51.4168252464276,"32%","11%","57%"
