"Year","ODA to agriculture as % of  total ODA","Bilateral funding","Bilateral as earmarked funding through multilaterals","Multilateral as core contributions to organizations","Bilateral","Earmarked","Multilateral"
2018,6.10493602153531,25.183367,4.454307,35.1416084148912,"39%","7%","54%"
2019,7.17492902173845,39.405999,16.468289,35.0055690647656,"43%","18%","39%"
2020,5.84900971429347,31.362852,5.993268,42.0652041766303,"39%","8%","53%"
2021,5.33038786604302,20.456604,2.773274,56.7003541288882,"26%","3%","71%"
2022,4.81994060430072,28.624901,10.167285,44.6693352568984,"34%","12%","54%"
