"Year","ODA to agriculture as % of  total ODA","Bilateral funding","Bilateral as earmarked funding through multilaterals","Multilateral as core contributions to organizations","Bilateral","Earmarked","Multilateral"
2018,7.53315599035458,665.638953,0,559.235205534659,"54%","0%","46%"
2019,5.98518412461746,597.404293,12.766152,347.573728474022,"62%","1%","36%"
2020,6.45321865311748,701.346363,246.252762,315.713953537066,"56%","19%","25%"
2021,6.69965963543807,613.265379,140.706807,543.748535554537,"47%","11%","42%"
2022,6.93561498676293,585.895525,13.517666,947.056637219622,"38%","1%","61%"
