donor,year,Bilateral as earmarked funding through multilaterals,Bilateral funding,Multilateral as core contributions to organizations,Earmarked,Bilateral,Multilateral,Sector ODA,"ODA to Agriculture (incl. forestry, fishing, rural development) as % of Total ODA"
France,2019,3.729345034642032,833.723438337182,399.8918000000002,0.30901022528005345,69.08158540137929,30.609404373340645,1306.4344379999998,8.903921313393752
France,2020,1.8255806004618937,1217.08590300231,363.40889999999996,0.11742906908021417,78.28811532290183,21.59445560801797,1682.8805810000003,9.381005228526055
France,2021,13.333096535796768,1182.691830023095,524.4780000000001,0.7933858553946483,70.37607255838127,28.830541586224086,1819.1749830000003,10.258664606141787
France,2022,6.951647113163971,842.3077579676683,836.8982000000003,0.4284856992293314,51.91817460866467,47.653339692106,1756.2215060000012,8.654249217840293
France,2023,3.8112794457274832,833.061837413395,479.4649000000001,0.2978034802058854,65.09328899683035,34.60890752296376,1385.3800490000003,8.488285458470974
