donor,year,Bilateral as earmarked funding through multilaterals,Bilateral funding,Multilateral as core contributions to organizations,Earmarked,Bilateral,Multilateral,Sector ODA,"ODA to Agriculture (incl. forestry, fishing, rural development) as % of Total ODA"
Germany,2019,130.41655292287987,1503.3470652273359,521.9522999999996,6.177187846574872,71.20612385758828,22.61668829583684,2307.8193110000007,8.26603954898194
Germany,2020,119.73830390632145,1888.0715918031256,538.5758999999999,4.788545802555445,75.507310533866,19.704143663578545,2733.3128969999966,8.411603588339851
Germany,2021,165.71668557314058,2051.1380889214133,704.4465999999998,5.791650608412464,71.68544989633266,22.52289949525488,3127.6905539999966,9.239404274226896
Germany,2022,420.88083340956905,2262.6995114811116,719.5723000000002,12.594185540642712,67.70766261666229,19.69815184269499,3652.9939750000035,9.093394707003279
Germany,2023,191.61994419540756,1854.7247873021674,762.5908000000001,6.98327177375205,67.59237567691513,25.424352549332827,2999.450225999999,7.175608126072509
