"Year","ODA to agriculture as % of  total ODA","Bilateral funding","Bilateral as earmarked funding through multilaterals","Multilateral as core contributions to organizations","Bilateral","Earmarked","Multilateral"
2018,4.61687743980923,856.704907,102.292575,460.471512603384,"60%","7%","32%"
2019,4.77176504693838,890.946545,142.543572,389.21765690925,"63%","10%","27%"
2020,5.44145288689281,1045.140335,421.73556,422.653539150095,"55%","22%","22%"
2021,5.63652285024375,943.044839,456.423394,638.643191724206,"46%","22%","31%"
2022,6.26993445382185,956.764663,1005.55245,717.493710778336,"36%","38%","27%"
