year,"ODA to Agriculture (incl. forestry, fishing, rural development) as % of Total ODA",Bilateral funding,Bilateral as earmarked funding through multilaterals,Multilateral as core contributions to organizations,Earmarked,Bilateral,Multilateral,donor
2019,8.26603954898194,1503.3470652273359,130.41655292287987,521.9522999999996,6.177187846574872,71.20612385758828,22.61668829583684,Germany
2020,8.411603588339851,1888.0715918031256,119.73830390632145,538.5758999999999,4.788545802555445,75.507310533866,19.704143663578545,Germany
2021,9.239404274226896,2051.1380889214133,165.71668557314058,704.4465999999998,5.791650608412464,71.68544989633266,22.52289949525488,Germany
2022,9.093394707003279,2262.6995114811116,420.88083340956905,719.5723000000002,12.594185540642712,67.70766261666229,19.69815184269499,Germany
2023,7.175608126072509,1854.7247873021674,191.61994419540756,762.5908000000001,6.98327177375205,67.59237567691513,25.424352549332827,Germany
