year,"ODA to Agriculture (incl. forestry, fishing, rural development) as % of Total ODA",Bilateral funding,Bilateral as earmarked funding through multilaterals,Multilateral as core contributions to organizations,Earmarked,Bilateral,Multilateral,donor
2019,7.6137203527812,1336.7357131095052,130.41655292287987,521.9522999999996,6.706429534495124,68.73915668905279,24.554413776452076,Germany
2020,6.62863954849165,1358.0503897173187,119.73830390632145,538.5758999999999,6.076563488034388,68.91929435983485,25.004142152130783,Germany
2021,7.522615171918587,1519.4745695727738,165.71668557314058,704.4465999999998,7.1134040706946395,65.22358657568893,27.66300935361643,Germany
2022,7.504054834281143,1678.6094748879361,420.88083340956905,719.5723000000002,15.261602248841854,60.86822706879415,23.870170682363987,Germany
2023,6.7561913471936075,1694.3379022962229,191.61994419540756,762.5908000000001,7.4167854507439905,65.58054671793342,27.0026678313226,Germany
