"Year","ODA to agriculture as % of  total ODA","Bilateral funding","Bilateral as earmarked funding through multilaterals","Multilateral as core contributions to organizations","Bilateral","Earmarked","Multilateral"
2018,4.97292537480777,856.704907,102.292575,569.939223391018,"56%","7%","37%"
2019,5.00538712412204,890.946545,142.543572,458.872374209146,"60%","10%","31%"
2020,5.63287936247256,1045.140335,421.73556,489.125852262429,"53%","22%","25%"
2021,5.87108283792353,943.044839,456.423394,723.457784581337,"44%","21%","34%"
2022,6.50649988513178,956.764663,1005.55245,818.603316951284,"34%","36%","29%"
