"Year","ODA to agriculture as % of  total ODA","Bilateral funding","Bilateral as earmarked funding through multilaterals","Multilateral as core contributions to organizations","Bilateral","Earmarked","Multilateral"
2018,4.6072750533152,10.740548,1.124964,2.0020214289493,"77%","8%","14%"
2019,5.06723842806519,6.452091,0.001695,10.691587663383,"38%","0%","62%"
2020,7.24128619023852,19.40901,0.127416,13.1435784479331,"59%","0%","40%"
2021,7.71861836009894,18.344406,3.942176,11.2940390374465,"55%","12%","34%"
2022,6.36195289711271,17.249086,0.814635,7.47642059293419,"68%","3%","29%"
