donor,year,Bilateral as earmarked funding through multilaterals,Bilateral funding,Multilateral as core contributions to organizations,Earmarked,Bilateral,Multilateral,Sector ODA,"ODA to Agriculture (incl. forestry, fishing, rural development) as % of Total ODA"
Hungary,2019,3.6648139768728005,9.563356795709737,15.088399999999995,14.165516784362602,36.96501161024042,48.86947160539699,30.874898999999992,9.782321145094787
Hungary,2020,3.2811069214010393,15.688774928774935,16.71869999999999,9.949024270100251,47.57175132466341,42.47922440523634,39.357357,9.348852276257299
Hungary,2021,2.978967655438244,22.74746941511648,13.561299999999997,8.031722944755726,61.330431602031766,30.637845453212506,44.26323000000001,10.921291294519447
Hungary,2022,0.25318585553879674,14.573662644544996,10.424299999999999,1.0745604138120235,61.85290615367496,37.07253343251302,28.118660999999996,7.573438106011635
Hungary,2023,0.19509720127367183,7.220997988939166,5.426000000000003,1.6308699803759605,60.362264407866185,38.00686561175784,14.276368000000005,6.199642609978093
