year,"ODA to Agriculture (incl. forestry, fishing, rural development) as % of Total ODA",Bilateral funding,Bilateral as earmarked funding through multilaterals,Multilateral as core contributions to organizations,Earmarked,Bilateral,Multilateral,donor
2019,12.672078125537253,4.138264739663093,3.405927450229709,0.6312000000000001,41.79910146061984,50.786680060497766,7.4142184788823995,Iceland
2020,10.856718294479755,5.408102986217457,0.7731613705972435,0.8391999999999997,11.06970510669233,77.43028495824188,11.500009935065776,Iceland
2021,11.310471300779145,6.4188074272588045,0.32386294027565077,1.1452999999999993,4.131505064320794,81.88443966465618,13.984055271023024,Iceland
2022,9.515517058698878,6.318421707503829,0.6113686830015315,1.7404999999999993,7.112527969561546,73.50711995497034,19.380352075468117,Iceland
2023,8.69874456293739,5.792093223583462,1.2429096477794792,1.8712999999999993,14.082265183071115,65.62487698546144,20.292857831467444,Iceland
