year,"ODA to Agriculture (incl. forestry, fishing, rural development) as % of Total ODA",Bilateral funding,Bilateral as earmarked funding through multilaterals,Multilateral as core contributions to organizations,Earmarked,Bilateral,Multilateral,donor
2019,15.71187605989867,6.09289816232772,3.405927450229709,0.6312000000000001,33.71217270725142,60.30804770143696,5.9797795913116225,Iceland
2020,11.03613555140687,5.52352794793262,0.7731613705972435,0.8391999999999997,10.889742100984082,77.7972065444762,11.313051354539727,Iceland
2021,12.29902490013036,7.103936638591116,0.32386294027565077,1.1452999999999993,3.799428803378448,83.34050650891294,12.860064687708599,Iceland
2022,10.368392667938124,7.088850497702912,0.6113686830015315,1.7404999999999993,6.527470881202131,75.68635177349292,17.786177345304957,Iceland
2023,10.239441727033979,7.35534073506891,1.2429096477794792,1.8712999999999993,11.963350245127666,70.79719555085182,17.239454204020504,Iceland
