donor,year,Bilateral as earmarked funding through multilaterals,Bilateral funding,Multilateral as core contributions to organizations,Earmarked,Bilateral,Multilateral,Sector ODA,"ODA to Agriculture (incl. forestry, fishing, rural development) as % of Total ODA"
Iceland,2019,3.405927450229709,6.09289816232772,0.6312000000000001,33.71217270725142,60.30804770143696,5.9797795913116225,10.555573000000003,15.71187605989867
Iceland,2020,0.7731613705972435,5.52352794793262,0.8391999999999997,10.889742100984082,77.7972065444762,11.313051354539727,7.417981000000001,11.03613555140687
Iceland,2021,0.32386294027565077,7.103936638591116,1.1452999999999993,3.799428803378448,83.34050650891294,12.860064687708599,8.905864999999999,12.29902490013036
Iceland,2022,0.6113686830015315,7.088850497702912,1.7404999999999993,6.527470881202131,75.68635177349292,17.786177345304957,9.785689000000001,10.368392667938124
Iceland,2023,1.2429096477794792,7.35534073506891,1.8712999999999993,11.963350245127666,70.79719555085182,17.239454204020504,10.854751999999998,10.239441727033979
