"Year","ODA to agriculture as % of  total ODA","Bilateral funding","Bilateral as earmarked funding through multilaterals","Multilateral as core contributions to organizations","Bilateral","Earmarked","Multilateral"
2018,7.17326376665411,31.367032,8.520761,29.3158813304237,"45%","12%","42%"
2019,6.63144054072189,34.080267,6.056837,28.0024230514378,"50%","9%","41%"
2020,6.60415889354832,30.15664,6.80164,31.0356230569775,"44%","10%","46%"
2021,6.31509738145156,26.672573,6.267737,39.9921181486459,"37%","9%","55%"
2022,3.55712024061736,29.860936,5.869305,55.1688230728215,"33%","6%","61%"
