donor,year,Bilateral as earmarked funding through multilaterals,Bilateral funding,Multilateral as core contributions to organizations,Earmarked,Bilateral,Multilateral,Sector ODA,"ODA to Agriculture (incl. forestry, fishing, rural development) as % of Total ODA"
Ireland,2019,0.8894901408450705,65.3471248826291,27.0356,0.9708242962946568,71.32240551737311,27.706770186332225,97.57759499999999,9.981709411852178
Ireland,2020,2.2003107981220658,42.79787136150235,29.401000000000003,3.0305326424643173,58.94637534830037,38.02309200923531,77.324064,7.90765457547699
Ireland,2021,6.211725821596245,35.98791549295777,33.86630000000003,8.39433933098789,48.63298592679574,42.97267474221636,78.80891800000006,7.19714000779454
Ireland,2022,0.7109652582159625,37.561208450704214,42.901199999999996,0.9050542208612814,47.81517782495357,51.279767954185154,83.66106499999998,3.4710822203690097
Ireland,2023,6.417100469483568,59.849386854460086,47.07169999999999,5.809156726926143,54.179371181946266,40.01147209112759,117.64550899999999,4.448309650251311
