year,"ODA to Agriculture (incl. forestry, fishing, rural development) as % of Total ODA",Bilateral funding,Bilateral as earmarked funding through multilaterals,Multilateral as core contributions to organizations,Earmarked,Bilateral,Multilateral,donor
2019,9.981709411852178,65.3471248826291,0.8894901408450705,27.0356,0.9708242962946568,71.32240551737311,27.706770186332225,Ireland
2020,7.90765457547699,42.79787136150235,2.2003107981220658,29.401000000000003,3.0305326424643173,58.94637534830037,38.02309200923531,Ireland
2021,7.19714000779454,35.98791549295777,6.211725821596245,33.86630000000003,8.39433933098789,48.63298592679574,42.97267474221636,Ireland
2022,3.4710822203690097,37.561208450704214,0.7109652582159625,42.901199999999996,0.9050542208612814,47.81517782495357,51.279767954185154,Ireland
2023,4.448309650251311,59.849386854460086,6.417100469483568,47.07169999999999,5.809156726926143,54.179371181946266,40.01147209112759,Ireland
