year,"ODA to Agriculture (incl. forestry, fishing, rural development) as % of Total ODA",Bilateral funding,Bilateral as earmarked funding through multilaterals,Multilateral as core contributions to organizations,Earmarked,Bilateral,Multilateral,donor
2019,8.234978599047313,71.95371628558097,9.936646756882872,276.3399,2.924345853515959,21.175911453131945,75.89974269335211,Italy
2020,10.911740056625586,173.37208026131583,10.373101259916009,274.9598000000004,2.3556105752025918,39.37078174360123,58.27360768119618,Italy
2021,6.779879712722023,60.5793401773215,27.459420438637427,312.39250000000015,7.23405110199585,15.959333284081499,76.80661561392265,Italy
2022,4.5243606968367684,79.12055716285587,4.0628754083061125,224.51889999999986,1.3879712168802913,27.029392971555694,71.582635811564,Italy
2023,5.264926927900975,65.30890807279516,12.443667755482965,220.11959999999993,4.394201214814606,23.06237106541532,72.54342771977007,Italy
