year,"ODA to Agriculture (incl. forestry, fishing, rural development) as % of Total ODA",Bilateral funding,Bilateral as earmarked funding through multilaterals,Multilateral as core contributions to organizations,Earmarked,Bilateral,Multilateral,donor
2019,8.723252741325531,92.10080821278582,9.936646756882872,276.3399,2.7606589232283705,25.58800008192432,71.65134099484732,Italy
2020,11.248215180452217,186.95096406906202,10.373101259916009,274.9598000000004,2.2851456750150447,41.18442269846012,56.53043162652484,Italy
2021,7.063466429894307,76.45653196453571,27.459420438637427,312.39250000000015,6.943615687000575,19.33342970252996,73.72295461046946,Italy
2022,4.952585903725513,106.82618852076548,4.0628754083061125,224.51889999999986,1.2679603229638259,33.33879454458991,65.39324513244625,Italy
2023,5.791692582470126,93.6419738684088,12.443667755482965,220.11959999999993,3.994540106033318,30.059997387881477,65.9454625060852,Italy
