"Year","ODA to agriculture as % of  total ODA","Bilateral funding","Bilateral as earmarked funding through multilaterals","Multilateral as core contributions to organizations","Bilateral","Earmarked","Multilateral"
2018,6.82034501229653,81.768095,22.668696,262.490196395603,"22%","6%","72%"
2019,6.67456820888853,49.903384,27.791394,242.33490236781,"16%","9%","76%"
2020,8.02109764616361,108.117281,21.015926,246.886400836591,"29%","6%","66%"
2021,6.38068423066239,46.684834,37.788113,333.536524113885,"11%","9%","80%"
2022,4.93416735151749,66.35239,23.959252,282.33832075313,"18%","6%","76%"
