donor,year,Bilateral as earmarked funding through multilaterals,Bilateral funding,Multilateral as core contributions to organizations,Earmarked,Bilateral,Multilateral,Sector ODA,"ODA to Agriculture (incl. forestry, fishing, rural development) as % of Total ODA"
Italy,2019,9.936646756882872,92.10080821278582,276.3399,2.7606589232283705,25.58800008192432,71.65134099484732,385.67303300000003,8.723252741325531
Italy,2020,10.373101259916009,186.95096406906202,274.9598000000004,2.2851456750150447,41.18442269846012,56.53043162652484,486.3925360000004,11.248215180452217
Italy,2021,27.459420438637427,76.45653196453574,312.39250000000015,6.943615687000575,19.33342970252997,73.72295461046946,423.7384430000002,7.063466429894307
Italy,2022,4.0628754083061125,106.82618852076548,224.51889999999986,1.2679603229638259,33.33879454458991,65.39324513244625,343.3365320000001,4.952585903725513
Italy,2023,12.443667755482965,93.6419738684088,220.11959999999993,3.994540106033318,30.059997387881477,65.9454625060852,333.79036499999995,5.791692582470126
