"Year","ODA to agriculture as % of  total ODA","Bilateral funding","Bilateral as earmarked funding through multilaterals","Multilateral as core contributions to organizations","Bilateral","Earmarked","Multilateral"
2018,5.81667615460409,598.049435,38.589975,379.684864924393,"59%","4%","37%"
2019,6.34103311773387,775.180763,52.648102,364.651635756944,"65%","4%","31%"
2020,5.91885521301711,827.624565,32.330818,298.790539823857,"71%","3%","26%"
2021,4.66922892639538,549.024551,57.041844,418.970365057364,"54%","6%","41%"
2022,4.16649277035186,667.603799,58.712892,387.15213051886,"60%","5%","35%"
