"Year","ODA to agriculture as % of  total ODA","Bilateral funding","Bilateral as earmarked funding through multilaterals","Multilateral as core contributions to organizations","Bilateral","Earmarked","Multilateral"
2018,6.33403565680987,598.049435,38.589975,470.080996147607,"54%","3%","42%"
2019,6.61038821284334,775.180763,52.648102,415.305952290834,"62%","4%","33%"
2020,6.06165863612733,827.624565,32.330818,326.747446749091,"70%","3%","28%"
2021,4.80022167508657,549.024551,57.041844,447.727229376089,"52%","5%","42%"
2022,4.26240675225446,667.603799,58.712892,412.78453510533,"59%","5%","36%"
