year,"ODA to Agriculture (incl. forestry, fishing, rural development) as % of Total ODA",Bilateral funding,Bilateral as earmarked funding through multilaterals,Multilateral as core contributions to organizations,Earmarked,Bilateral,Multilateral,donor
2019,6.602737355342596,725.1434941127864,48.756878744061154,297.69570000000004,4.508790771929692,67.05762097166298,28.43358825640734,Japan
2020,8.671035019535482,1188.3476368518889,37.71811712456105,243.85629999999995,2.5520885212721875,80.4061441687336,17.04176730999421,Japan
2021,7.323136496479972,1005.018782276391,34.726638091303464,339.7336000000002,2.4971742073044254,72.2703699205944,25.232455872101166,Japan
2022,4.902321489611239,776.9199349308008,27.755279900846926,312.3168000000001,2.462211809442841,68.92171311591817,28.616075074638996,Japan
2023,6.52035844668258,1214.6160328444537,64.49356847758727,377.93469999999985,3.86314559574448,72.7551395986768,23.381714805578724,Japan
