year,"ODA to Agriculture (incl. forestry, fishing, rural development) as % of Total ODA",Bilateral funding,Bilateral as earmarked funding through multilaterals,Multilateral as core contributions to organizations,Earmarked,Bilateral,Multilateral,donor
2019,7.665890931823674,899.2631481098952,48.756878744061154,297.69570000000004,3.883483540531139,71.62627559944802,24.490240860020826,Japan
2020,9.35112121497528,1304.264678785376,37.71811712456105,243.85629999999995,2.366480813602004,81.831161614229,15.802357572169,Japan
2021,7.637394601739934,1064.6952706052475,34.726638091303464,339.7336000000002,2.3944222511972004,73.41136910457377,24.194208644229025,Japan
2022,5.3522514720619405,880.3777607932273,27.755279900846926,312.3168000000001,2.2552292111857866,71.53426843872812,26.210502350086106,Japan
2023,7.693314129044572,1514.9368684156166,64.49356847758727,377.93469999999985,3.274153842344839,76.90900791691483,19.81683824074033,Japan
