donor,year,Bilateral as earmarked funding through multilaterals,Bilateral funding,Multilateral as core contributions to organizations,Earmarked,Bilateral,Multilateral,Sector ODA,"ODA to Agriculture (incl. forestry, fishing, rural development) as % of Total ODA"
Japan,2019,48.756878744061154,899.2631481098952,297.69570000000004,3.883483540531139,71.62627559944802,24.490240860020826,1215.5686900000005,7.665890931823674
Japan,2020,37.71811712456105,1304.264678785376,243.85629999999995,2.366480813602004,81.831161614229,15.802357572169,1543.164043000001,9.35112121497528
Japan,2021,34.726638091303464,1064.6952706052475,339.7336000000002,2.3944222511972004,73.41136910457377,24.194208644229025,1404.193892000001,7.637394601739934
Japan,2022,27.755279900846926,880.3777607932273,312.3168000000001,2.2552292111857866,71.53426843872812,26.210502350086106,1191.5712100000026,5.3522514720619405
Japan,2023,64.49356847758727,1514.9368684156166,377.93469999999985,3.274153842344839,76.90900791691483,19.81683824074033,1907.1392489999996,7.693314129044572
