year,"ODA to Agriculture (incl. forestry, fishing, rural development) as % of Total ODA",Bilateral funding,Bilateral as earmarked funding through multilaterals,Multilateral as core contributions to organizations,Earmarked,Bilateral,Multilateral,donor
2019,8.528438170899207,168.74875992063494,10.69159523809524,34.84859999999998,4.995783556838647,78.84999958141051,16.154216861750843,Korea
2020,8.31927836435551,135.9645029761904,14.350864087301586,40.25650000000001,7.543067142593963,71.46533955863448,20.991593298771555,Korea
2021,8.014410406017255,154.484335317461,19.1663501984127,52.00939999999999,8.509025029283155,68.58431898825009,22.906655982466752,Korea
2022,8.900802625085388,185.67115674603184,27.67829563492064,57.28250000000003,10.244492274746007,68.72196019642419,21.033547528829793,Korea
2023,9.905320260579574,239.73758035714297,27.124705357142854,74.27480000000003,7.965026065162366,70.39767072864298,21.637303206194655,Korea
