"Year","ODA to agriculture as % of  total ODA","Bilateral funding","Bilateral as earmarked funding through multilaterals","Multilateral as core contributions to organizations","Bilateral","Earmarked","Multilateral"
2018,8.25817920156165,145.344208,17.086125,45.2119336711978,"70%","8%","22%"
2019,8.13642018774041,158.545618,26.816365,43.3562774557236,"69%","12%","19%"
2020,6.89608057026163,96.368933,31.724085,48.569676055014,"55%","18%","27%"
2021,7.67016808113481,135.205483,44.184143,62.7207635146365,"56%","18%","26%"
2022,8.47440120002345,168.076131,51.637984,66.8963071013234,"59%","18%","23%"
