donor,year,Bilateral as earmarked funding through multilaterals,Bilateral funding,Multilateral as core contributions to organizations,Earmarked,Bilateral,Multilateral,Sector ODA,"ODA to Agriculture (incl. forestry, fishing, rural development) as % of Total ODA"
Korea,2019,10.69159523809524,193.32994642857128,34.84859999999998,4.481091188170444,81.02898585832317,14.489922953506388,240.5023139999998,9.508003606837725
Korea,2020,14.350864087301586,163.42731845238055,40.25650000000001,6.591576966900502,75.06473070330503,18.34369232979446,219.4569079999996,9.520161198962777
Korea,2021,19.1663501984127,186.14125496031807,52.00939999999999,7.460503876695498,72.45550351884035,20.083992604464157,258.9594660000006,9.140779211008724
Korea,2022,27.67829563492064,219.3042222222223,57.28250000000003,9.110384669155762,72.18456838410711,18.70504694673714,306.24087800000007,10.008820378401877
Korea,2023,27.124705357142854,274.18350297619077,74.27480000000003,7.233379642951184,73.11686312340939,19.64975723363943,377.9934740000003,10.907229808707777
