year,"ODA to Agriculture (incl. forestry, fishing, rural development) as % of Total ODA",Bilateral funding,Bilateral as earmarked funding through multilaterals,Multilateral as core contributions to organizations,Earmarked,Bilateral,Multilateral,donor
2019,9.508003606837725,193.32994642857128,10.69159523809524,34.84859999999998,4.481091188170444,81.02898585832317,14.489922953506388,Korea
2020,9.520161198962777,163.42731845238055,14.350864087301586,40.25650000000001,6.591576966900502,75.06473070330503,18.34369232979446,Korea
2021,9.140779211008724,186.14125496031807,19.1663501984127,52.00939999999999,7.460503876695498,72.45550351884035,20.083992604464157,Korea
2022,10.008820378401877,219.3042222222223,27.67829563492064,57.28250000000003,9.110384669155762,72.18456838410711,18.70504694673714,Korea
2023,10.907229808707774,274.1835029761906,27.124705357142854,74.27480000000003,7.233379642951188,73.11686312340937,19.649757233639438,Korea
