"Year","ODA to agriculture as % of  total ODA","Bilateral funding","Bilateral as earmarked funding through multilaterals","Multilateral as core contributions to organizations","Bilateral","Earmarked","Multilateral"
2018,7.98929115037593,145.344208,17.086125,38.4510578090652,"72%","9%","19%"
2019,7.96086358668698,158.545618,26.816365,38.4213061196854,"71%","12%","17%"
2020,6.73267351534714,96.368933,31.724085,44.383540139886,"56%","18%","26%"
2021,7.50445991805087,135.205483,44.184143,57.4901522052594,"57%","19%","24%"
2022,8.35329896950843,168.076131,51.637984,62.8005414435413,"59%","18%","22%"
