year,"ODA to Agriculture (incl. forestry, fishing, rural development) as % of Total ODA",Bilateral funding,Bilateral as earmarked funding through multilaterals,Multilateral as core contributions to organizations,Earmarked,Bilateral,Multilateral,donor
2019,7.849684012013504,0.15958348294434466,0.0,6.133199999999998,0.0,2.8169335456195688,97.18306645438044,Lithuania
2020,6.922575605603019,0.04431059245960502,0.0,5.661199999999998,0.0,0.8643982851425133,99.13560171485747,Lithuania
2021,6.2488180855889555,0.2503204667863555,0.0,5.313500000000004,0.0,4.986394824221698,95.0136051757783,Lithuania
2022,3.222420866562525,0.3741122082585277,0.0,7.422099999999998,0.0,5.316601480750839,94.68339851924917,Lithuania
2023,3.4977069658484017,1.0620565529622983,0.0,5.5177000000000005,0.0,17.656481710999728,82.34351828900027,Lithuania
