year,"ODA to Agriculture (incl. forestry, fishing, rural development) as % of Total ODA",Bilateral funding,Bilateral as earmarked funding through multilaterals,Multilateral as core contributions to organizations,Earmarked,Bilateral,Multilateral,donor
2019,7.814102208100501,0.13390394973070016,0.0,6.133199999999998,0.0,2.3744068519375423,97.62559314806246,Lithuania
2020,6.898902969455086,0.02678096947935368,0.0,5.661199999999998,0.0,0.5242281103925931,99.4757718896074,Lithuania
2021,6.23555136868762,0.23966247755834827,0.0,5.313500000000004,0.0,4.784244520726156,95.21575547927384,Lithuania
2022,3.2137404423250833,0.3551570915619389,0.0,7.422099999999998,0.0,5.06085834214342,94.93914165785658,Lithuania
2023,3.4852624150497333,1.0406552962298028,0.0,5.5177000000000005,0.0,17.36246422414891,82.63753577585109,Lithuania
