donor,year,Bilateral as earmarked funding through multilaterals,Bilateral funding,Multilateral as core contributions to organizations,Earmarked,Bilateral,Multilateral,Sector ODA,"ODA to Agriculture (incl. forestry, fishing, rural development) as % of Total ODA"
Lithuania,2019,0.0,0.15958348294434466,6.133199999999998,0.0,2.8169335456195688,97.18306645438044,6.3109759999999975,7.849684012013504
Lithuania,2020,0.0,0.04431059245960502,5.661199999999998,0.0,0.8643982851425133,99.13560171485747,5.710561999999999,6.922575605603019
Lithuania,2021,0.0,0.2503204667863555,5.313500000000004,0.0,4.986394824221698,95.0136051757783,5.592357000000004,6.2488180855889555
Lithuania,2022,0.0,0.3741122082585277,7.422099999999998,0.0,5.316601480750839,94.68339851924917,7.838860999999998,3.222420866562525
Lithuania,2023,0.0,1.0620565529622983,5.5177000000000005,0.0,17.656481710999728,82.34351828900027,6.700831000000001,3.4977069658484017
