"Year","ODA to agriculture as % of  total ODA","Bilateral funding","Bilateral as earmarked funding through multilaterals","Multilateral as core contributions to organizations","Bilateral","Earmarked","Multilateral"
2018,9.95070061073013,41.191194,2.524952,10.3227266742307,"76%","5%","19%"
2019,10.3923600550476,44.697093,3.162299,10.2297761878575,"77%","5%","18%"
2020,9.67251015670295,40.097832,0,9.01450797648739,"82%","0%","18%"
2021,8.01919695754247,35.015382,0.650426,7.65629972373167,"81%","2%","18%"
2022,8.02428465060972,35.682856,0,9.535945690912,"79%","0%","21%"
