year,"ODA to Agriculture (incl. forestry, fishing, rural development) as % of Total ODA",Bilateral funding,Bilateral as earmarked funding through multilaterals,Multilateral as core contributions to organizations,Earmarked,Bilateral,Multilateral,donor
2019,8.178827956877518,228.97679775280895,49.05125317143893,144.86579999999992,11.984338228333614,55.94424634003501,32.07141543163139,Netherlands
2020,8.169140346571965,224.9581968104386,59.342281623776735,129.85879999999997,14.762906034038584,55.96408884569447,29.273005120266944,Netherlands
2021,8.515027097615008,231.08727528089884,74.33668901776007,88.06600000000002,19.297063454569805,59.98795310312725,20.714983442302934,Netherlands
2022,6.596982348854222,231.66913465023566,36.88245469372962,134.70100000000005,9.442329293337473,59.30994221059694,31.24772849606561,Netherlands
2023,7.58923426286661,255.62203334541493,73.63665639724539,143.5917,16.029895677106428,55.64612419650963,28.323980126383937,Netherlands
