year,"ODA to Agriculture (incl. forestry, fishing, rural development) as % of Total ODA",Bilateral funding,Bilateral as earmarked funding through multilaterals,Multilateral as core contributions to organizations,Earmarked,Bilateral,Multilateral,donor
2019,7.257167634632507,182.8539760782892,49.05125317143893,144.86579999999992,13.506349237244045,50.34916542703273,36.14448533572322,Netherlands
2020,7.156362882984261,175.12370242841612,59.342281623776735,129.85879999999997,16.852171038177435,49.73207139005742,33.415757571765155,Netherlands
2021,6.889101236788246,157.5298205871692,74.33668901776007,88.06600000000002,23.851444850687542,50.54454102974502,25.604014119567434,Netherlands
2022,4.824783469688207,126.73716835810077,36.88245469372962,134.70100000000005,12.910606262759789,44.36401245838761,42.72538127885259,Netherlands
2023,6.120300766919524,166.70856741573039,73.63665639724539,143.5917,19.87723122373687,45.00074967586875,35.12201910039438,Netherlands
