"Year","ODA to agriculture as % of  total ODA","Bilateral funding","Bilateral as earmarked funding through multilaterals","Multilateral as core contributions to organizations","Bilateral","Earmarked","Multilateral"
2018,7.56684173155085,242.682836,76.938981,145.816997755086,"52%","17%","31%"
2019,7.26147149714532,241.161559,57.407083,126.721166909918,"57%","13%","30%"
2020,7.05852397538747,216.031539,81.442605,109.058677190003,"53%","20%","27%"
2021,7.00881547828911,188.308036,106.751371,77.661690438389,"51%","29%","21%"
2022,5.85710794072212,192.625725,54.975193,159.308309999802,"47%","14%","39%"
