donor,year,Bilateral as earmarked funding through multilaterals,Bilateral funding,Multilateral as core contributions to organizations,Earmarked,Bilateral,Multilateral,Sector ODA,"ODA to Agriculture (incl. forestry, fishing, rural development) as % of Total ODA"
Netherlands,2019,49.05125317143893,228.97679775280895,144.86579999999992,11.984338228333614,55.94424634003501,32.07141543163139,451.69755699999985,8.178827956877518
Netherlands,2020,59.342281623776735,224.9581968104386,129.85879999999997,14.762906034038584,55.96408884569447,29.273005120266944,443.61280800000003,8.169140346571965
Netherlands,2021,74.33668901776007,231.08727528089884,88.06600000000002,19.297063454569805,59.98795310312725,20.714983442302934,425.131887,8.515027097615008
Netherlands,2022,36.88245469372962,231.66913465023566,134.70100000000005,9.442329293337473,59.30994221059694,31.24772849606561,431.0745340000001,6.596982348854222
Netherlands,2023,73.63665639724539,255.62203334541493,143.5917,16.029895677106428,55.64612419650963,28.323980126383937,506.96158999999994,7.58923426286661
