"Year","ODA to agriculture as % of  total ODA","Bilateral funding","Bilateral as earmarked funding through multilaterals","Multilateral as core contributions to organizations","Bilateral","Earmarked","Multilateral"
2018,9.55769442100485,40.454972,14.14274,3.89412254896443,"69%","24%","7%"
2019,9.96496366054237,47.528184,8.691452,6.17866911959401,"76%","14%","10%"
2020,7.65188878410401,34.289242,7.923096,3.23227356367309,"75%","17%","7%"
2021,6.10481415047699,27.568839,10.524198,3.74081244755863,"66%","25%","9%"
2022,7.18343741082137,25.578514,7.812592,5.68896557083816,"65%","20%","15%"
