year,"ODA to Agriculture (incl. forestry, fishing, rural development) as % of Total ODA",Bilateral funding,Bilateral as earmarked funding through multilaterals,Multilateral as core contributions to organizations,Earmarked,Bilateral,Multilateral,donor
2019,10.546022508050266,53.25036870854467,1.8156545064377683,5.989899999999997,2.980945024826969,87.42655670949846,9.59249826567458,New Zealand
2020,9.016930068559889,45.75504877097151,0.6274765899336715,3.136700000000001,1.2691133504504466,92.54264490072761,6.18824174882194,New Zealand
2021,7.606412172311642,43.36794284042138,1.1498029652750683,3.6246000000000005,2.392768313488866,90.2497580747948,7.357473611716324,New Zealand
2022,10.350826815208743,46.34906554818573,0.28287456106125636,5.523499999999999,0.5437838507805045,89.09911605099252,10.35710009822697,New Zealand
2023,13.841436202585271,77.28818962153728,10.180835934451814,13.460399999999996,10.120259979175563,76.82832503398868,13.051414986835766,New Zealand
