donor,year,Bilateral as earmarked funding through multilaterals,Bilateral funding,Multilateral as core contributions to organizations,Earmarked,Bilateral,Multilateral,Sector ODA,"ODA to Agriculture (incl. forestry, fishing, rural development) as % of Total ODA"
Norway,2019,84.3334315635655,205.00480394544567,42.52920000000001,24.721980759198676,60.09627172425156,15.181747516549768,280.133759,4.830549517856825
Norway,2020,103.28470409157329,220.5796687773989,84.37390000000005,24.21062389559725,51.705346370070366,24.08402973433239,350.331323,5.641528434200865
Norway,2021,87.4914564052606,200.0478433999026,59.78590000000002,24.28008975457135,55.51604456622145,20.20386567920719,295.9131730000001,5.5005601110985625
Norway,2022,119.45845470043835,233.77727959084265,70.80860000000004,27.182916888787947,53.19630475331689,19.62077835789515,360.88578500000006,6.968736676038497
Norway,2023,157.97618363370674,473.7211848514369,95.37119999999996,21.124505644920227,63.34578803799699,15.529706317082786,614.1210789999999,9.48761694539314
