"","RegionName","Funding_2021","perc_region_total"
"1","South of Sahara",77.8,0.482091956871979
"2","Regional and Unspecified",63.9,0.395959846325443
"3","South & Central Asia",8.88,0.0550254058743339
"4","South America",6.73,0.0417028132358409
"5","Far East Asia",2.54,0.0157392489775685
"6","Caribbean & Central America",0.98,0.00607262362126658
"7","North of Sahara",0.41,0.00254058743338704
"8","Africa",0.14,0.000867517660180939
