"Year","ODA to agriculture as % of  total ODA","Bilateral funding","Bilateral as earmarked funding through multilaterals","Multilateral as core contributions to organizations","Bilateral","Earmarked","Multilateral"
2018,3.52410879350532,58.021088,58.19636,44.8409960936131,"36%","36%","28%"
2019,3.85431775751918,64.976385,76.394228,51.4120678130198,"34%","40%","27%"
2020,4.71196207719014,65.352138,92.289801,97.5736005943148,"26%","36%","38%"
2021,4.88702331696933,75.553802,85.87183,68.2605542789051,"33%","37%","30%"
2022,5.99262119230685,80.92526,122.687469,84.0575903808501,"28%","43%","29%"
