year,"ODA to Agriculture (incl. forestry, fishing, rural development) as % of Total ODA",Bilateral funding,Bilateral as earmarked funding through multilaterals,Multilateral as core contributions to organizations,Earmarked,Bilateral,Multilateral,donor
2019,4.830549517856825,205.00480394544567,84.3334315635655,42.52920000000001,24.721980759198676,60.09627172425156,15.181747516549768,Norway
2020,5.641528434200865,220.5796687773989,103.28470409157329,84.37390000000005,24.21062389559725,51.705346370070366,24.08402973433239,Norway
2021,5.5005601110985625,200.0478433999026,87.4914564052606,59.78590000000002,24.28008975457135,55.51604456622145,20.20386567920719,Norway
2022,6.968736676038497,233.77727959084265,119.45845470043835,70.80860000000004,27.182916888787947,53.19630475331689,19.62077835789515,Norway
2023,9.48761694539314,473.7211848514369,157.97618363370674,95.37119999999996,21.124505644920227,63.34578803799699,15.529706317082786,Norway
