"Year","ODA to agriculture as % of  total ODA","Bilateral funding","Bilateral as earmarked funding through multilaterals","Multilateral as core contributions to organizations","Bilateral","Earmarked","Multilateral"
2018,3.33145883127754,58.021088,58.19636,36.0365280737036,"38%","38%","24%"
2019,3.71952529962791,64.976385,76.394228,44.6701090487325,"35%","41%","24%"
2020,4.56607795636122,65.352138,92.289801,89.6720313529513,"26%","37%","36%"
2021,4.78881199704741,75.553802,85.87183,63.6447008116305,"34%","38%","28%"
2022,5.90705753693129,80.92526,122.687469,79.9501850769942,"29%","43%","28%"
