"Year","ODA to agriculture as % of  total ODA","Bilateral funding","Bilateral as earmarked funding through multilaterals","Multilateral as core contributions to organizations","Bilateral","Earmarked","Multilateral"
2018,9.33792426573177,NA,NA,40.1079570202213,"NA%","NA%","52%"
2019,7.14869428465015,20.337721,0.021141,40.941366562398,"33%","0%","67%"
2020,5.87464774430737,10.57732,0.021521,41.5863475336514,"20%","0%","80%"
2021,5.13152151556659,4.12688,0.020284,46.9232775793734,"8%","0%","92%"
2022,1.76992185229239,NA,NA,59.3958824171033,"NA%","NA%","92%"
