donor,year,Bilateral as earmarked funding through multilaterals,Bilateral funding,Multilateral as core contributions to organizations,Earmarked,Bilateral,Multilateral,Sector ODA,"ODA to Agriculture (incl. forestry, fishing, rural development) as % of Total ODA"
Slovenia,2019,0.0,0.5028395612235796,5.409500000000002,0.0,9.439184214376755,90.56081578562325,5.973334000000002,6.554691120402264
Slovenia,2020,0.0,0.31128154820297865,4.986800000000003,0.0,6.541425530000896,93.45857446999912,5.335840000000003,5.768540532780047
Slovenia,2021,0.03495317934540266,0.4929037724070275,5.006400000000005,0.7000892773252378,9.87253955942943,89.42737116324533,5.598286000000004,5.088352111829107
Slovenia,2022,0.03329439043966824,0.5700722375813787,5.824200000000004,0.5742871404936808,9.833042469682361,89.59267038982397,6.500755000000003,3.853441019561354
Slovenia,2023,0.0,0.7230232765539996,6.026500000000002,0.0,11.857528184676058,88.14247181532394,6.837226000000002,4.684355864089056
