year,"ODA to Agriculture (incl. forestry, fishing, rural development) as % of Total ODA",Bilateral funding,Bilateral as earmarked funding through multilaterals,Multilateral as core contributions to organizations,Earmarked,Bilateral,Multilateral,donor
2019,6.554691120402264,0.5028395612235796,0.0,5.409500000000002,0.0,9.439184214376755,90.56081578562325,Slovenia
2020,5.768540532780047,0.31128154820297865,0.0,4.986800000000003,0.0,6.541425530000896,93.45857446999912,Slovenia
2021,5.088352111829107,0.4929037724070275,0.03495317934540266,5.006400000000005,0.7000892773252378,9.87253955942943,89.42737116324533,Slovenia
2022,3.741655008891526,0.401889770801748,0.03329439043966824,5.824200000000004,0.5914445930814303,7.139206599566673,92.2693488073519,Slovenia
2023,4.61102143240867,0.6275644341389457,0.0,6.026500000000002,0.0,10.45569603702006,89.54430396297994,Slovenia
