year,"ODA to Agriculture (incl. forestry, fishing, rural development) as % of Total ODA",Bilateral funding,Bilateral as earmarked funding through multilaterals,Multilateral as core contributions to organizations,Earmarked,Bilateral,Multilateral,donor
2019,8.588821235605943,1.1349206776015062,0.0,9.257099999999998,0.0,12.032606405709375,87.96739359429063,Slovak Republic
2020,6.4464054050442785,0.6583140629201399,0.0,8.509300000000001,0.0,7.945677207194761,92.05432279280524,Slovak Republic
2021,6.304717118747507,0.9453446266917629,0.0,8.3069,0.0,11.266435588452042,88.73356441154797,Slovak Republic
2022,6.165476273551985,0.6148184995966659,0.0,9.916199999999995,0.0,6.469940586595953,93.53005941340405,Slovak Republic
2023,6.053249126581409,0.4071470825490724,0.007686654118490634,9.060300000000005,0.09005442538325105,4.770007340023708,95.13993823459305,Slovak Republic
