year,"ODA to Agriculture (incl. forestry, fishing, rural development) as % of Total ODA",Bilateral funding,Bilateral as earmarked funding through multilaterals,Multilateral as core contributions to organizations,Earmarked,Bilateral,Multilateral,donor
2019,6.554691120402264,0.5028395612235796,0.0,5.409500000000002,0.0,9.439184214376755,90.56081578562325,Slovenia
2020,5.768540532780047,0.31128154820297865,0.0,4.986800000000003,0.0,6.541425530000896,93.45857446999912,Slovenia
2021,5.088352111829107,0.4929037724070275,0.03495317934540266,5.006400000000005,0.7000892773252378,9.87253955942943,89.42737116324533,Slovenia
2022,3.853441019561354,0.5700722375813787,0.03329439043966824,5.824200000000004,0.5742871404936808,9.833042469682361,89.59267038982397,Slovenia
2023,4.684355864089056,0.7230232765539996,0.0,6.026500000000002,0.0,11.857528184676058,88.14247181532394,Slovenia
