"Year","ODA to agriculture as % of  total ODA","Bilateral funding","Bilateral as earmarked funding through multilaterals","Multilateral as core contributions to organizations","Bilateral","Earmarked","Multilateral"
2018,5.02385799550349,0.110162,0.090468,4.26595087039273,"2%","2%","96%"
2019,4.59371942835278,NA,NA,4.12600121525797,"NA%","NA%","93%"
2020,4.20281190754753,NA,NA,3.93069472853852,"NA%","NA%","96%"
2021,4.08337019414015,NA,NA,4.46445282857144,"NA%","NA%","94%"
2022,3.69320984144638,0.220996,0.198889,6.15104156045109,"3%","3%","94%"
