year,"ODA to Agriculture (incl. forestry, fishing, rural development) as % of Total ODA",Bilateral funding,Bilateral as earmarked funding through multilaterals,Multilateral as core contributions to organizations,Earmarked,Bilateral,Multilateral,donor
2019,8.588821235605943,1.1349206776015062,0.0,9.257099999999998,0.0,12.032606405709375,87.96739359429063,Slovak Republic
2020,6.633239128783514,0.8984404409787579,0.0,8.509300000000001,0.0,10.538505775524643,89.46149422447536,Slovak Republic
2021,6.343582740942949,0.9970700008962979,0.0,8.3069,0.0,11.810085026208332,88.18991497379167,Slovak Republic
2022,6.1791579437078346,0.6359057094200949,0.0,9.916199999999995,0.0,6.67703149351383,93.32296850648618,Slovak Republic
2023,6.263549466231234,0.703687371157121,0.007686654118490634,9.060300000000005,0.08703082409341195,7.967379678059013,91.94558949784758,Slovak Republic
