year,"ODA to Agriculture (incl. forestry, fishing, rural development) as % of Total ODA",Bilateral funding,Bilateral as earmarked funding through multilaterals,Multilateral as core contributions to organizations,Earmarked,Bilateral,Multilateral,donor
2019,8.266268595149299,49.49820779939148,2.5723776159306717,194.31360000000004,1.1125671766952652,21.408241527914434,77.47919129539031,Spain
2020,8.33012434439598,57.137222273439654,3.3138720383516187,184.2221000000001,1.439011987994783,24.81120177866026,73.74978623334496,Spain
2021,6.663897147054246,61.20855536092925,7.244580068221628,155.24229999999997,3.424148778194143,28.93020686920272,67.64564435260313,Spain
2022,5.721100851121001,70.0228146031159,7.812044805015211,162.53299999999996,3.431206998988894,30.755426722702364,65.81336627830873,Spain
2023,7.172973849971529,66.68913708859593,2.1579367567069236,184.4125,0.9034334321579721,27.919815453510243,71.1767511143318,Spain
