"Year","ODA to agriculture as % of  total ODA","Bilateral funding","Bilateral as earmarked funding through multilaterals","Multilateral as core contributions to organizations","Bilateral","Earmarked","Multilateral"
2018,7.97462273520822,63.936724,3.999316,182.017597799321,"26%","2%","73%"
2019,7.39017880293076,55.542175,4.1685,181.76754834791,"23%","2%","75%"
2020,7.34662364175889,62.983826,3.867969,170.206259665723,"27%","2%","72%"
2021,6.53322230545323,72.433324,8.958059,161.556288261736,"30%","4%","66%"
2022,6.25161361436019,80.92011,9.276304,204.147359809716,"27%","3%","69%"
