"Year","ODA to agriculture as % of  total ODA","Bilateral funding","Bilateral as earmarked funding through multilaterals","Multilateral as core contributions to organizations","Bilateral","Earmarked","Multilateral"
2018,6.94123391351417,63.936724,3.999316,149.627439189913,"29%","2%","69%"
2019,6.47555751740778,55.542175,4.1685,151.88178658844,"26%","2%","72%"
2020,6.62841543294337,62.983826,3.867969,147.031390619893,"29%","2%","69%"
2021,5.8729350525927,72.433324,8.958059,137.002516333238,"33%","4%","63%"
2022,5.55649958217715,80.92011,9.276304,171.41941146197,"31%","4%","66%"
