donor,year,Bilateral as earmarked funding through multilaterals,Bilateral funding,Multilateral as core contributions to organizations,Earmarked,Bilateral,Multilateral,Sector ODA,"ODA to Agriculture (incl. forestry, fishing, rural development) as % of Total ODA"
Spain,2019,2.5723776159306717,54.49485018899229,194.31360000000004,1.089032373048852,23.07074033482781,75.84022729212334,256.21442199999996,8.444908838625901
Spain,2020,3.3138720383516187,60.645485387664756,184.2221000000001,1.4174186894366996,25.93945795842932,72.64312335213398,253.59881500000006,8.457027470010887
Spain,2021,7.244580068221628,71.49422881902824,155.24229999999997,3.2654006486408265,32.22509779190537,64.50950155945381,240.65028599999988,6.987863888492504
Spain,2022,7.812044805015211,84.4955582188622,162.53299999999996,3.2261309001806118,34.89403070536414,61.87983839445524,262.6590569999998,6.084775196564006
Spain,2023,2.1579367567069236,69.84987646353832,184.4125,0.8916347602915021,28.861169199416235,70.24719604029225,262.519375,7.267891150789765
