"Year","ODA to agriculture as % of  total ODA","Bilateral funding","Bilateral as earmarked funding through multilaterals","Multilateral as core contributions to organizations","Bilateral","Earmarked","Multilateral"
2018,4.82278372236626,106.339677,93.55917,122.306971042274,"33%","29%","38%"
2019,5.19521334767683,111.839605,103.440851,102.596909688369,"35%","33%","32%"
2020,9.17941067572144,102.136837,98.710037,448.591422378268,"16%","15%","69%"
2021,5.33221399740458,112.85227,99.957904,105.737889869149,"35%","31%","33%"
2022,4.38509334727682,100.31189,58.613461,109.544912260274,"37%","22%","41%"
