year,"ODA to Agriculture (incl. forestry, fishing, rural development) as % of Total ODA",Bilateral funding,Bilateral as earmarked funding through multilaterals,Multilateral as core contributions to organizations,Earmarked,Bilateral,Multilateral,donor
2019,7.370603135798112,251.41354005167952,41.33777678393959,109.13769999999997,10.303109028562574,62.6628066610425,27.034084310394935,Sweden
2020,11.025096423131911,243.33862651560335,35.16084675014907,418.0969,5.066257369959149,35.062184899605285,59.87155773043556,Sweden
2021,7.559870873814269,258.3945468097795,42.93926058437687,102.7734,10.64238764352754,64.04243796233044,25.31517439414203,Sweden
2022,6.333790610383072,211.39369210892474,39.18105346849533,97.5058,11.275780876401846,60.83626497665308,27.887954146945077,Sweden
2023,7.9459175708286,218.06985887497476,39.268190220632064,177.98760000000024,9.04320000351551,50.22002128095671,40.73677871552779,Sweden
