year,"ODA to Agriculture (incl. forestry, fishing, rural development) as % of Total ODA",Bilateral funding,Bilateral as earmarked funding through multilaterals,Multilateral as core contributions to organizations,Earmarked,Bilateral,Multilateral,donor
2019,6.887620883665704,149.45051582867808,13.49746275605214,62.41790000000001,6.105647798605921,67.604721677097,26.289630524297074,Switzerland
2020,6.788820185346558,170.16700744878983,14.191556797020484,62.124799999999986,5.859367374485712,70.25804328025812,23.882589345256164,Switzerland
2021,6.857304523707584,173.714024208566,10.161505586592178,68.87219999999998,4.097342534668993,70.04531505620898,25.857342409122037,Switzerland
2022,6.8760549987371835,198.01053538175077,12.630977653631286,92.30220000000003,4.258820058701626,66.76373460890495,28.97744533239341,Switzerland
2023,6.0529801128182985,164.2070623836123,12.930548417132217,105.78390000000007,4.691221617788119,59.57455909811528,35.73421928409661,Switzerland
