year,"ODA to Agriculture (incl. forestry, fishing, rural development) as % of Total ODA",Bilateral funding,Bilateral as earmarked funding through multilaterals,Multilateral as core contributions to organizations,Earmarked,Bilateral,Multilateral,donor
2019,3.8465197147004133,1009.7201927525065,134.90722243639163,283.1270999999998,9.517299920210492,71.23273117900972,19.249968900779788,United States
2020,3.614211425926984,961.8023467617581,137.8752708172706,317.0349,9.811622439815583,68.44477209159449,21.743605468589926,United States
2021,2.75703808712152,1059.2630936777182,98.71216557440248,222.47839999999985,7.192711266878235,77.1837345898501,15.623554143271658,United States
2022,2.062026605210613,878.5032536622961,25.01326715497302,324.45689999999996,2.056646905873624,72.23250714312461,25.710845951001776,United States
2023,3.316469762493217,1201.3220479953773,151.89972340015416,676.6397999999998,7.574754545217162,59.90609752034174,32.5191479344411,United States
