"Year","ODA to agriculture as % of  total ODA","Bilateral funding","Bilateral as earmarked funding through multilaterals","Multilateral as core contributions to organizations","Bilateral","Earmarked","Multilateral"
2018,5.9894970347029,446.219339,112.913214,758.122081551772,"34%","9%","58%"
2019,4.46000107808073,487.151893,137.446338,377.739843799042,"49%","14%","38%"
2020,4.98436378820752,328.549117,110.162764,605.3700084579,"31%","11%","58%"
2021,4.79220087014953,303.668093,46.479812,440.083622387223,"38%","6%","56%"
2022,4.00875364805124,204.503058,70.892053,403.275484848717,"30%","10%","59%"
