"Year","ODA to agriculture as % of  total ODA","Bilateral funding","Bilateral as earmarked funding through multilaterals","Multilateral as core contributions to organizations","Bilateral","Earmarked","Multilateral"
2018,3.9971283120095,1002.738205,163.607889,320.497195488025,"67%","11%","22%"
2019,3.53053344501448,830.099949,143.400255,286.353733936005,"66%","11%","23%"
2020,3.29436809801795,766.873249,156.973102,316.654649641044,"62%","13%","26%"
2021,2.50122989185545,849.24705,138.63512,219.010276926133,"70%","11%","18%"
2022,1.86822007991375,695.0477,55.950092,318.458831200303,"65%","5%","30%"
