"Year","ODA to agriculture as % of  total ODA","Bilateral funding","Bilateral as earmarked funding through multilaterals","Multilateral as core contributions to organizations","Bilateral","Earmarked","Multilateral"
2018,3.86495614842105,1002.738205,163.607889,271.332075144463,"70%","11%","19%"
2019,3.4416710093958,830.099949,143.400255,254.643599704911,"68%","12%","21%"
2020,3.21079382239102,766.873249,156.973102,285.184586351687,"63%","13%","24%"
2021,2.46246426033701,849.24705,138.63512,200.305099912109,"71%","12%","17%"
2022,1.82284425489672,695.0477,55.950092,292.483584964926,"67%","5%","28%"
