donor,year,Bilateral as earmarked funding through multilaterals,Bilateral funding,Multilateral as core contributions to organizations,Earmarked,Bilateral,Multilateral,Sector ODA,"ODA to Agriculture (incl. forestry, fishing, rural development) as % of Total ODA"
United States,2019,134.90722243639163,1009.7201927525065,283.1270999999998,9.517299920210492,71.23273117900972,19.249968900779788,1470.7925060000007,3.8465197147004133
United States,2020,137.8752708172706,961.8023467617581,317.0349,9.811622439815583,68.44477209159449,21.743605468589926,1458.0603960000003,3.614211425926984
United States,2021,98.71216557440248,1059.2630936777182,222.47839999999985,7.192711266878235,77.1837345898501,15.623554143271658,1423.9935290000003,2.75703808712152
United States,2022,25.01326715497302,878.5032536622961,324.45689999999996,2.056646905873624,72.23250714312461,25.710845951001776,1261.9456419999983,2.062026605210613
United States,2023,151.89972340015416,1201.3220479953773,676.6397999999998,7.574754545217162,59.90609752034174,32.5191479344411,2080.742710000003,3.316469762493217
