Year,Gender funding as % of bilateral allocable ODA,Funding for projects with gender equality as a principal objective,Funding for projects with gender equality as a significant objective,Principal,Significant,Not targeted or screened,Donor
2019,89.21,242.69,2312.89,8.47,80.73,10.799999999999997,Canada
2020,89.71,873.38,2248.8,25.1,64.62,10.280000000000001,Canada
2021,90.16,378.52,3428.12,8.97,81.19,9.840000000000003,Canada
2022,62.05,379.81,3176.06,6.63,55.42,37.949999999999996,Canada
2023,52.8,434.95,2257.29,8.53,44.27,47.199999999999996,Canada
