donor,Year,Gender funding as % of bilateral allocable ODA,Funding for projects with gender equality as a principal objective,Funding for projects with gender equality as a significant objective,Principal,Significant,Not targeted or screened
Canada,2019,82.05133142095907,254.41013002969189,2424.560321490736,7.7920567896029915,74.25927463135608,17.948668579040927
Canada,2020,128.16941451801281,915.5503563018326,2357.3774680045126,35.853388595220174,92.31602592279262,-28.169414518012786
Canada,2021,101.29449554401148,396.79781713934784,3593.6284949319506,10.072466342382368,91.22202920162913,-1.2944955440114967
Canada,2022,115.42850999545627,398.1515583085897,3329.40070748436,12.329281483100285,103.09922851235596,-15.428509995456253
Canada,2023,119.09443380216366,455.9484765025106,2366.2775130541177,19.240459783504548,99.85397401865913,-19.094433802163678
