Year,Gender funding as % of bilateral allocable ODA,Funding for projects with gender equality as a principal objective,Funding for projects with gender equality as a significant objective,Principal,Significant,Not targeted or screened,donor
2019,63.1996463811711,122.2573326742462,621.9463994068212,10.382399146146556,52.81724723502454,36.80035361882891,Denmark
2020,70.85952926093812,84.16319130004945,604.804554621849,8.656086082287864,62.203443178650254,29.140470739061882,Denmark
2021,52.71113777433087,162.53108452792873,461.69845872466635,13.724435957521388,38.986701816809486,47.28886222566913,Denmark
2022,74.65891906692785,119.55666633712308,391.7427147800293,17.45742671636403,57.20149235056382,25.34108093307215,Denmark
2023,95.37909299925269,123.45119327731092,747.4387128027665,13.52026560677888,81.85882739247384,4.62090700074728,Denmark
