donor,Year,Gender funding as % of bilateral allocable ODA,Funding for projects with gender equality as a principal objective,Funding for projects with gender equality as a significant objective,Principal,Significant,Not targeted or screened
Greece,2019,587.6830550125286,0.0,21.71459661079388,0.0,587.6830550125286,-487.6830550125286
Greece,2020,28207.988669482922,0.0,15.866409099281636,0.0,28207.988669482922,-28107.988669482922
Greece,2021,1.5140448308014525,0.0,0.41692116411862223,0.0,1.5140448308014525,98.48595516919855
Greece,2022,0.1411024651493817,0.029055995579296372,0.0,0.1411024651493817,0.0,99.85889753485061
Greece,2023,0.0,0.0,0.0,0.0,0.0,100.0
