donor,Year,Gender funding as % of bilateral allocable ODA,Funding for projects with gender equality as a principal objective,Funding for projects with gender equality as a significant objective,Principal,Significant,Not targeted or screened
Ireland,2019,115.26481786690256,56.070197183098614,261.467994366197,20.353208647243466,94.9116092196591,-15.264817866902561
Ireland,2020,111.67087841460084,51.8631906103286,256.1402572769951,18.803711752467155,92.86716666213368,-11.670878414600836
Ireland,2021,109.11038387622332,48.0108938967136,269.3123295774648,16.50836332102658,92.60202055519675,-9.110383876223324
Ireland,2022,108.48558246429907,58.66387511737089,265.5533934272307,19.629382143306106,88.85620032099295,-8.485582464299057
Ireland,2023,112.39697804300546,58.968391549295816,308.15203098591564,18.05366469243986,94.3433133505656,-12.396978043005447
