Year,Gender funding as % of bilateral allocable ODA,Funding for projects with gender equality as a principal objective,Funding for projects with gender equality as a significant objective,Principal,Significant,Not targeted or screened,donor
2019,6.973131417477335,71.0880942460317,142.88566567460316,2.3166701542257155,4.656461263251619,93.02686858252267,Korea
2020,25.34868252320183,57.158986111111105,417.1163561507937,3.0549869731126407,22.29369555008919,74.65131747679817,Korea
2021,13.80786460768079,134.86733134920667,338.85251488095116,3.9310783917722967,9.876786215908494,86.19213539231922,Korea
2022,10.314420892767343,89.1471240079365,338.26497519841297,2.151321780794178,8.163099111973166,89.68557910723266,Korea
2023,15.42600652199881,75.76234027777781,593.8828313492041,1.7452680983383688,13.68073842366044,84.5739934780012,Korea
