donor,Year,Gender funding as % of bilateral allocable ODA,Funding for projects with gender equality as a principal objective,Funding for projects with gender equality as a significant objective,Principal,Significant,Not targeted or screened
Slovenia,2019,40.47856546512387,0.6180585035226969,2.707469901007759,7.523051543338833,32.955513921785034,59.521434534876136
Slovenia,2020,47.49407729791135,0.7065138678319808,2.1521234281637387,11.738188785916082,35.75588851199527,52.50592270208865
Slovenia,2021,8.112039849039375,0.5403219477392314,1.0215098546330148,2.8063925735881172,5.305647275451258,91.88796015096062
Slovenia,2022,17.219497143058135,0.92032908231517,1.4023356817979131,6.823026830413404,10.396470312644734,82.78050285694187
Slovenia,2023,18.37984239190708,1.0266770712565771,1.567235351823776,7.274787918503325,11.105054473403753,81.62015760809292
