Year,Gender funding as % of bilateral allocable ODA,Funding for projects with gender equality as a principal objective,Funding for projects with gender equality as a significant objective,Principal,Significant,Not targeted or screened,Donor
2019,85.12,560.72,2145.63,17.64,67.48,14.879999999999995,Sweden
2020,78.54,500.49,2012.4,15.64,62.9,21.460000000000008,Sweden
2021,73.15,459.85,1905.61,14.22,58.93,26.849999999999994,Sweden
2022,67.52,340.92,1639.21,11.62,55.89,32.489999999999995,Sweden
2023,67.3,289.83,1574.23,10.46,56.84,32.69999999999999,Sweden
