donor,Year,Gender funding as % of bilateral allocable ODA,Funding for projects with gender equality as a principal objective,Funding for projects with gender equality as a significant objective,Principal,Significant,Not targeted or screened
Sweden,2019,132.5906946672223,553.8273842178492,2119.265241502683,27.4709364324334,105.11975823478886,-32.590694667222266
Sweden,2020,176.2058654371386,494.33831345656955,1987.6724001192613,35.094655258702645,141.11121017843595,-76.20586543713858
Sweden,2021,114.37729964527774,454.20183760683756,1882.196327767844,22.235242455372287,92.14205718990543,-14.377299645277716
Sweden,2022,98.95352921157746,336.7361160803026,1619.06800238521,17.03709833952522,81.91643087205225,1.046470788422539
Sweden,2023,114.16466323147094,286.2701381435098,1554.8902295766213,17.75072638286788,96.41393684860306,-14.16466323147094
