"donor_name","CSOs","Other Channels"
"Australia",0.113234524838213,0.886765475161787
"DAC average",0.11400004113726,0.885999958862741
