"donor_name","CSOs","Other Channels"
"Austria",0.121854551919002,0.878145448080998
"DAC average",0.11400004113726,0.885999958862741
