"donor_name","Grants","Loans/Equity Investment"
"Austria",0.723976840740794,0.276023159259206
"DAC average",0.762365188584907,0.237634811415093
