"donor_name","Grants","Loans/Equity Investment"
"Austria",0.892636759555749,0.107363240444251
"DAC average",0.916671395040976,0.0833286049590244
