"donor_name","CSOs","Other Channels"
"Austria",12.1854551919002,87.8145448080999
"DAC average",13.8516592791199,86.1483407208801
