"donor_name","CSOs","Other Channels"
"Australia",11.3234524838213,88.6765475161787
"DAC average",13.8516592791199,86.1483407208801
