"donor_name","Grants","Loans/Equity Investment"
"Australia",0.939568220499128,0.0604317795008718
"DAC average",0.762365188584907,0.237634811415093
