"donor_name","Grants","Loans/Equity Investment"
"Australia",0.965551058512228,0.0344489414877722
"DAC average",0.916671395040976,0.0833286049590244
