"donor_name","CSOs","Other Channels"
"Belgium",21.2993810029985,78.7006189970015
"DAC average",13.8516592791199,86.1483407208801
