"donor_name","Grants","Loans/Equity Investment"
"Belgium",0.987606470399784,0.012393529600216
"DAC average",0.916671395040976,0.0833286049590244
