"donor_name","Grants","Loans/Equity Investment"
"Belgium",0.722043909147378,0.277956090852622
"DAC average",0.762365188584907,0.237634811415093
