"donor_name","CSOs","Other Channels"
"Belgium",0.212993810029985,0.787006189970015
"DAC average",0.11400004113726,0.885999958862741
