"donor_name","Grants","Loans/Equity Investment"
"Canada",0.682828426643023,0.317171573356977
"DAC average",0.916671395040976,0.0833286049590244
