"donor_name","Grants","Loans/Equity Investment"
"Canada",0.663675435274875,0.336324564725125
"DAC average",0.762365188584907,0.237634811415093
