"donor_name","CSOs","Other Channels"
"Canada",0.136820587774498,0.863179412225502
"DAC average",0.11400004113726,0.885999958862741
