"donor_name","CSOs","Other Channels"
"Canada",13.6820587774498,86.3179412225502
"DAC average",13.8516592791199,86.1483407208801
