"donor_name","CSOs","Other Channels"
"Czechia",0.0364636600294886,0.963536339970512
"DAC average",0.11400004113726,0.885999958862741
