"donor_name","CSOs","Other Channels"
"Denmark",0.261723954203766,0.738276045796234
"DAC average",0.11400004113726,0.885999958862741
