"donor_name","CSOs","Other Channels"
"Denmark",26.1723954203766,73.8276045796234
"DAC average",13.8516592791199,86.1483407208801
