"donor_name","Grants","Loans/Equity Investment"
"Denmark",0.944444376254577,0.0555556237454229
"DAC average",0.762365188584907,0.237634811415093
