"donor_name","CSOs","Other Channels"
"Estonia",0.0419489066408993,0.958051093359101
"DAC average",0.11400004113726,0.885999958862741
