"donor_name","CSOs","Other Channels"
"EU Institutions",8.30784124066963,91.6921587593304
"DAC average",13.8516592791199,86.1483407208801
