"donor_name","Grants","Loans/Equity Investment"
"EU Institutions",0.572377194664761,0.427622805335239
"DAC average",0.916671395040976,0.0833286049590244
