"donor_name","CSOs","Other Channels"
"EU Institutions",0.0830784124066963,0.916921587593304
"DAC average",0.11400004113726,0.885999958862741
