"donor_name","Grants","Loans/Equity Investment"
"EU Institutions",0.545548499768541,0.454451500231459
"DAC average",0.762365188584907,0.237634811415093
