"donor_name","Grants","Loans/Equity Investment"
"Finland",0.896565440263817,0.103434559736183
"DAC average",0.916671395040976,0.0833286049590244
