"donor_name","CSOs","Other Channels"
"Finland",0.132293794443791,0.867706205556209
"DAC average",0.11400004113726,0.885999958862741
