"donor_name","CSOs","Other Channels"
"Finland",13.2293794443791,86.770620555621
"DAC average",13.8516592791199,86.1483407208801
