"donor_name","Grants","Loans/Equity Investment"
"Finland",0.844758228917907,0.155241771082093
"DAC average",0.762365188584907,0.237634811415093
