"donor_name","CSOs","Other Channels"
"France",5.61765280187623,94.3823471981238
"DAC average",13.8516592791199,86.1483407208801
