"donor_name","Grants","Loans/Equity Investment"
"France",0.460500655893171,0.539499344106829
"DAC average",0.762365188584907,0.237634811415093
