"donor_name","CSOs","Other Channels"
"France",0.0561765280187623,0.943823471981238
"DAC average",0.11400004113726,0.885999958862741
