"donor_name","Grants","Loans/Equity Investment"
"France",0.503826283962221,0.496173716037779
"DAC average",0.916671395040976,0.0833286049590244
