"donor_name","Grants","Loans/Equity Investment"
"Germany",0.755908807030763,0.244091192969237
"DAC average",0.762365188584907,0.237634811415093
