"donor_name","CSOs","Other Channels"
"Germany",5.97199020168103,94.028009798319
"DAC average",13.8516592791199,86.1483407208801
