"donor_name","Grants","Loans/Equity Investment"
"Germany",0.786420327105547,0.213579672894453
"DAC average",0.916671395040976,0.0833286049590244
