"donor_name","CSOs","Other Channels"
"Greece",0.000526010402676809,0.999473989597323
"DAC average",0.11400004113726,0.885999958862741
