"donor_name","CSOs","Other Channels"
"Hungary",0.304313351898407,0.695686648101593
"DAC average",0.11400004113726,0.885999958862741
