"donor_name","CSOs","Other Channels"
"Iceland",0.0939364064014431,0.906063593598557
"DAC average",0.11400004113726,0.885999958862741
