"donor_name","CSOs","Other Channels"
"Ireland",12.9626515327017,87.0373484672983
"DAC average",13.8516592791199,86.1483407208801
