"donor_name","CSOs","Other Channels"
"Ireland",0.129626515327017,0.870373484672983
"DAC average",0.11400004113726,0.885999958862741
