"donor_name","Grants","Loans/Equity Investment"
"Italy",0.854239289982749,0.145760710017251
"DAC average",0.762365188584907,0.237634811415093
