"donor_name","CSOs","Other Channels"
"Italy",8.81982122242553,91.1801787775745
"DAC average",13.8516592791199,86.1483407208801
