"donor_name","CSOs","Other Channels"
"Italy",0.0881982122242553,0.911801787775745
"DAC average",0.11400004113726,0.885999958862741
