"donor_name","Grants","Loans/Equity Investment"
"Italy",0.877787494431615,0.122212505568386
"DAC average",0.916671395040976,0.0833286049590244
