"donor_name","CSOs","Other Channels"
"Japan",0.00944379107559374,0.990556208924406
"DAC average",0.11400004113726,0.885999958862741
