"donor_name","Grants","Loans/Equity Investment"
"Japan",0.286150460598942,0.713849539401058
"DAC average",0.916671395040976,0.0833286049590244
