"donor_name","Grants","Loans/Equity Investment"
"Japan",0.286150460598942,0.713849539401058
"DAC average",0.762365188584907,0.237634811415093
