"donor_name","CSOs","Other Channels"
"Japan",0.944379107559374,99.0556208924406
"DAC average",13.8516592791199,86.1483407208801
