"donor_name","Grants","Loans/Equity Investment"
"Korea",0.43962703081656,0.56037296918344
"DAC average",0.762365188584907,0.237634811415093
