"donor_name","CSOs","Other Channels"
"Korea",0.0205003598175096,0.97949964018249
"DAC average",0.11400004113726,0.885999958862741
