"donor_name","CSOs","Other Channels"
"Korea",2.05003598175096,97.949964018249
"DAC average",13.8516592791199,86.1483407208801
