"donor_name","Grants","Loans/Equity Investment"
"Korea",0.619050616163815,0.380949383836185
"DAC average",0.916671395040976,0.0833286049590244
