"donor_name","CSOs","Other Channels"
"Lithuania",0.0127291577449195,0.98727084225508
"DAC average",0.11400004113726,0.885999958862741
