"donor_name","CSOs","Other Channels"
"Luxembourg",29.8681377948951,70.1318622051049
"DAC average",13.8516592791199,86.1483407208801
