"donor_name","CSOs","Other Channels"
"Luxembourg",0.298681377948951,0.701318622051049
"DAC average",0.11400004113726,0.885999958862741
