"donor_name","CSOs","Other Channels"
"Netherlands",18.8764742955924,81.1235257044076
"DAC average",13.8516592791199,86.1483407208801
