"donor_name","CSOs","Other Channels"
"Netherlands",0.188764742955924,0.811235257044076
"DAC average",0.11400004113726,0.885999958862741
