"donor_name","CSOs","Other Channels"
"New Zealand",0.145870468108334,0.854129531891666
"DAC average",0.11400004113726,0.885999958862741
