"donor_name","Grants","Loans/Equity Investment"
"New Zealand",0.954358830278629,0.0456411697213705
"DAC average",0.762365188584907,0.237634811415093
