"donor_name","CSOs","Other Channels"
"Norway",0.210404736745188,0.789595263254812
"DAC average",0.11400004113726,0.885999958862741
