"donor_name","CSOs","Other Channels"
"Norway",21.0404736745188,78.9595263254812
"DAC average",13.8516592791199,86.1483407208801
