"donor_name","Grants","Loans/Equity Investment"
"Norway",0.881158534401194,0.118841465598806
"DAC average",0.762365188584907,0.237634811415093
