"donor_name","CSOs","Other Channels"
"Poland",0.00902940861072961,0.99097059138927
"DAC average",0.11400004113726,0.885999958862741
