"donor_name","Grants","Loans/Equity Investment"
"Poland",0.984233645234972,0.0157663547650278
"DAC average",0.762365188584907,0.237634811415093
