"donor_name","Grants","Loans/Equity Investment"
"Portugal",0.975997682201378,0.0240023177986218
"DAC average",0.762365188584907,0.237634811415093
