"donor_name","CSOs","Other Channels"
"Portugal",0.0476617206119288,0.952338279388071
"DAC average",0.11400004113726,0.885999958862741
