"donor_name","CSOs","Other Channels"
"Slovak Republic",0.136719513583687,0.863280486416312
"DAC average",0.11400004113726,0.885999958862741
