"donor_name","CSOs","Other Channels"
"Slovenia",0.0469750101839772,0.953024989816023
"DAC average",0.11400004113726,0.885999958862741
