"donor_name","CSOs","Other Channels"
"Spain",0.574901199951039,0.425098800048961
"DAC average",0.11400004113726,0.885999958862741
