"donor_name","CSOs","Other Channels"
"Spain",57.4901199951039,42.5098800048961
"DAC average",13.8516592791199,86.1483407208801
