"donor_name","Grants","Loans/Equity Investment"
"Spain",0.984199953753397,0.0158000462466034
"DAC average",0.916671395040976,0.0833286049590244
