"donor_name","Grants","Loans/Equity Investment"
"Spain",0.975005240303803,0.0249947596961975
"DAC average",0.762365188584907,0.237634811415093
