"donor_name","Grants","Loans/Equity Investment"
"Sweden",0.942386748924754,0.0576132510752455
"DAC average",0.762365188584907,0.237634811415093
