"donor_name","CSOs","Other Channels"
"Sweden",0.296150124597296,0.703849875402704
"DAC average",0.11400004113726,0.885999958862741
