"donor_name","Grants","Loans/Equity Investment"
"Sweden",0.966564666083516,0.0334353339164838
"DAC average",0.916671395040976,0.0833286049590244
