"donor_name","CSOs","Other Channels"
"Sweden",29.6150124597296,70.3849875402704
"DAC average",13.8516592791199,86.1483407208801
