"donor_name","Grants","Loans/Equity Investment"
"Switzerland",0.969781060475163,0.0302189395248369
"DAC average",0.762365188584907,0.237634811415093
