"donor_name","Grants","Loans/Equity Investment"
"Switzerland",0.993078275168781,0.00692172483121864
"DAC average",0.916671395040976,0.0833286049590244
