"donor_name","CSOs","Other Channels"
"Switzerland",0.245833135103792,0.754166864896208
"DAC average",0.11400004113726,0.885999958862741
