"donor_name","CSOs","Other Channels"
"Switzerland",24.5833135103792,75.4166864896208
"DAC average",13.8516592791199,86.1483407208801
