"donor_name","CSOs","Other Channels"
"United States",15.9560025446664,84.0439974553336
"DAC average",13.8516592791199,86.1483407208801
