"donor_name","CSOs","Other Channels"
"United Kingdom",10.0958887872608,89.9041112127392
"DAC average",13.8516592791199,86.1483407208801
