"donor_name","Grants","Loans/Equity Investment"
"United Kingdom",0.85101453814251,0.14898546185749
"DAC average",0.762365188584907,0.237634811415093
