"donor_name","Grants","Loans/Equity Investment"
"United States",0.961499474886649,0.0385005251133508
"DAC average",0.762365188584907,0.237634811415093
