"donor_name","CSOs","Other Channels"
"United Kingdom",0.100958887872608,0.899041112127392
"DAC average",0.11400004113726,0.885999958862741
