"donor_name","Grants","Loans/Equity Investment"
"United Kingdom",0.990038255556786,0.00996174444321377
"DAC average",0.916671395040976,0.0833286049590244
