"donor_name","CSOs","Other Channels"
"United States",0.159560025446664,0.840439974553336
"DAC average",0.11400004113726,0.885999958862741
