"Year","ODA to global health as % of  total ODA","Bilateral funding","Bilateral as earmarked funding through multilaterals","Multilateral as core contributions to organizations","Bilateral","Earmarked","Multilateral"
2018,10.5575230236112,223.698269,105.364929,38.3652283445593,"61%","29%","10%"
2019,10.1451771454243,193.583835,51.012485,93.278705101606,"57%","15%","28%"
2020,15.8219553760939,302.881646,117.660474,101.706422428851,"58%","23%","19%"
2021,23.4308113072421,334.383465,434.433036,65.1961982378913,"40%","52%","8%"
2022,18.2185789300076,261.000381,220.252294,83.5337354888568,"46%","39%","15%"
