donor,year,Bilateral as earmarked funding through multilaterals,Bilateral funding,Multilateral as core contributions to organizations,Earmarked,Bilateral,Multilateral,Sector ODA,ODA to Health & populations as % of Total ODA
Austria,2019,2.5661047670835595,5.156469095522929,42.51720000000004,5.547678245006959,11.147803390270449,83.3045183647226,51.03828800000004,3.981210853244986
Austria,2020,2.6653398586188146,4.159235997824903,40.890699999999946,6.073686678140912,9.477926872831897,84.4483864490272,48.420936999999945,3.676489696889013
Austria,2021,4.330517491390248,35.2885997824905,49.132099999999994,5.146369919625696,41.936832904470364,52.91679717590395,92.847834,6.592893836446278
Austria,2022,3.0915207540329885,36.96315660685155,58.02440000000002,3.3370765075041375,39.899095419303926,56.76382807319194,102.22073100000001,5.49021849001273
Austria,2023,2.930773971361247,7.659163494652888,72.64849999999993,3.8345597132487357,10.021079776459253,86.14436051029202,84.33343699999992,5.047644944371412
