year,ODA to Health & populations as % of Total ODA,Bilateral funding,Bilateral as earmarked funding through multilaterals,Multilateral as core contributions to organizations,Earmarked,Bilateral,Multilateral,donor
2019,10.123799827687094,232.47224607013297,13.222799274486096,92.27590000000002,3.9042436737739457,68.64116116461366,27.454595161612392,Australia
2020,15.803788344987705,385.1222591696897,37.659179766223296,100.8726,7.181020938208353,73.4368359596642,19.382143102127444,Australia
2021,23.438148336987677,482.00674627166524,290.1477478839177,65.24190000000002,34.628132555292574,57.5258420034962,7.846025441211227,Australia
2022,18.045651624197586,407.7276380491725,70.68647924224102,81.858,12.60235424514367,72.69181016389928,14.705835590957049,Australia
2023,13.33924300976748,307.54280330511847,55.64420999596941,77.08219999999999,12.621755211833472,69.75981833077383,17.618426457392687,Australia
