"Year","ODA to global health as % of  total ODA","Bilateral funding","Bilateral as earmarked funding through multilaterals","Multilateral as core contributions to organizations","Bilateral","Earmarked","Multilateral"
2018,3.07193093027473,5.218095,2.088542,31.0797540026885,"14%","5%","81%"
2019,3.17100660893383,6.06153,3.016507,34.230666703473,"14%","7%","79%"
2020,2.96619993197698,4.896165,3.137578,33.644485804379,"12%","8%","81%"
2021,5.9204116970402,28.188033,18.504524,42.3622757468787,"32%","21%","48%"
2022,5.02180528966106,12.976035,34.66252,53.1431131670994,"13%","34%","53%"
