year,ODA to Health & populations as % of Total ODA,Bilateral funding,Bilateral as earmarked funding through multilaterals,Multilateral as core contributions to organizations,Earmarked,Bilateral,Multilateral,donor
2019,5.053477175874411,62.8516686819831,13.222799274486096,92.27590000000002,7.821501919608826,37.17778944094684,55.000708639444326,Australia
2020,8.88401729746604,155.4993661829907,37.659179766223296,100.8726,12.774326209466011,52.74675766486934,34.478916125664654,Australia
2021,14.594012807220125,165.83560761789593,290.1477478839177,65.24190000000002,55.61316946784406,31.786025628386863,12.600804903769067,Australia
2022,8.286547364326008,104.39296453043134,70.68647924224102,81.858,27.44420376230932,40.53083164754122,32.02496459014946,Australia
2023,9.118868085165444,168.0601894397421,55.64420999596941,77.08219999999999,18.463328826342075,55.764122457090544,25.77254871656737,Australia
