"Year","ODA to global health as % of  total ODA","Bilateral funding","Bilateral as earmarked funding through multilaterals","Multilateral as core contributions to organizations","Bilateral","Earmarked","Multilateral"
2018,3.07193093027473,5.218095,2.088542,31.0797540026885,"14%","5%","81%"
2019,3.17100660893383,6.06153,3.016507,34.230666703473,"14%","7%","79%"
2020,2.89954779925934,4.896165,3.137578,32.7079532369826,"12%","8%","80%"
2021,5.62549461274619,28.188033,18.504524,37.9261329649282,"33%","22%","45%"
2022,4.72026984396535,12.976035,34.66252,47.0916548815125,"14%","37%","50%"
