year,ODA to Health & populations as % of Total ODA,Bilateral funding,Bilateral as earmarked funding through multilaterals,Multilateral as core contributions to organizations,Earmarked,Bilateral,Multilateral,donor
2019,3.937266998478807,4.645909914808773,2.5661047670835595,42.51720000000004,5.609595906974579,10.156123622303872,84.23428047072154,Austria
2020,3.643855673766294,3.769709081022295,2.6653398586188146,40.890699999999946,6.128082035487688,8.667219838298054,85.20469812621425,Austria
2021,5.6853113722431345,23.70485952510422,4.330517491390248,49.132099999999994,5.967917727219563,32.667839735639205,61.36424253714124,Austria
2022,3.871642649594226,9.651412905564618,3.0915207540329885,58.02440000000002,4.732172052605762,14.773359150279251,80.494468797115,Austria
2023,4.786090629806504,3.698755664310315,2.930773971361247,72.64849999999993,4.044113964313457,5.103835907780108,90.85205012790645,Austria
