donor,year,Bilateral as earmarked funding through multilaterals,Bilateral funding,Multilateral as core contributions to organizations,Earmarked,Bilateral,Multilateral,Sector ODA,ODA to Health & populations as % of Total ODA
Australia,2019,13.222799274486096,232.47224607013297,92.27590000000002,3.9042436737739457,68.64116116461366,27.454595161612392,336.103663,10.123799827687094
Australia,2020,37.659179766223296,385.1222591696897,100.8726,7.181020938208353,73.4368359596642,19.382143102127444,520.4409,15.803788344987705
Australia,2021,290.1477478839177,482.00674627166524,65.24190000000002,34.628132555292574,57.5258420034962,7.846025441211227,831.5280200000004,23.438148336987677
Australia,2022,70.68647924224102,407.7276380491725,81.858,12.60235424514367,72.69181016389928,14.705835590957049,556.6361699999987,18.045651624197586
Australia,2023,55.64420999596941,307.54280330511847,77.08219999999999,12.621755211833472,69.75981833077383,17.618426457392687,437.50899199999964,13.33924300976748
