"Year","ODA to the education sector as % of  total ODA","Bilateral funding","Bilateral as earmarked funding through multilaterals","Multilateral as core contributions to organizations","Bilateral","Earmarked","Multilateral"
2018,7.2405502653202,178.140196,60.454481,13.3947322492628,"71%","24%","5%"
2019,6.54685013032411,161.329931,43.528932,13.1774630702029,"74%","20%","6%"
2020,5.48835862214613,138.937104,28.818424,13.4033251638401,"77%","16%","7%"
2021,6.14272928540842,151.72728,57.548379,9.37294709532712,"69%","26%","4%"
2022,7.47186992817277,173.368226,50.751899,7.51213416713045,"75%","22%","3%"
