year,ODA to Health & populations as % of Total ODA,Bilateral funding,Bilateral as earmarked funding through multilaterals,Multilateral as core contributions to organizations,Earmarked,Bilateral,Multilateral,donor
2019,8.68828513905327,110.36978299504254,1.1732541389954168,81.89099999999995,0.6236032822658258,58.663299494180876,40.71309722355329,Belgium
2020,8.7540041505069,111.96516322140114,3.9650921335702924,87.10020000000003,2.008650100968893,56.71970003056653,41.271649868464586,Belgium
2021,9.887946999838968,139.16338602562908,3.623594612290712,95.69760000000002,1.5598819769560082,59.90693798286693,38.53318004017706,Belgium
2022,9.885778404824046,123.52186324946219,4.247661584510336,129.31520000000003,1.707763355118968,49.661703837869524,48.6305328070115,Belgium
2023,9.512947441555045,108.43193620802542,5.404104386867458,133.69349999999994,2.262187661478647,45.390201713372434,52.34761062514892,Belgium
