"Year","ODA to global health as % of  total ODA","Bilateral funding","Bilateral as earmarked funding through multilaterals","Multilateral as core contributions to organizations","Bilateral","Earmarked","Multilateral"
2018,8.22534355116209,118.127227,9.656358,79.2896127842682,"57%","5%","38%"
2019,8.18163730590175,120.36468,5.861373,74.2656548023286,"60%","3%","37%"
2020,8.28020553775642,122.258726,9.047605,80.1750920225572,"58%","4%","38%"
2021,9.42248357746508,143.917035,18.194478,89.2115647166529,"57%","7%","35%"
2022,9.34512437105963,134.060741,9.80692,122.337794526885,"50%","4%","46%"
