"Year","ODA to global health as % of  total ODA","Bilateral funding","Bilateral as earmarked funding through multilaterals","Multilateral as core contributions to organizations","Bilateral","Earmarked","Multilateral"
2018,8.22534355116209,118.127227,9.656358,79.2896127842682,"57%","5%","38%"
2019,8.18163730590175,120.36468,5.861373,74.2656548023286,"60%","3%","37%"
2020,8.14873425960693,122.258726,9.047605,76.8172366090814,"59%","4%","37%"
2021,9.04448630600595,143.917035,18.194478,79.1293568942049,"60%","8%","33%"
2022,8.85187202541325,134.060741,9.80692,108.286995399038,"53%","4%","43%"
