year,ODA to Health & populations as % of Total ODA,Bilateral funding,Bilateral as earmarked funding through multilaterals,Multilateral as core contributions to organizations,Earmarked,Bilateral,Multilateral,donor
2019,8.380371945093408,103.70205406416613,1.1732541389954168,81.89099999999995,0.6465158307379429,57.1444987101702,42.208985459091856,Belgium
2020,8.48685755871589,105.94106725282947,3.9650921335702924,87.10020000000003,2.0718777473458996,55.35733657053029,42.570785682123805,Belgium
2021,9.306068544959505,125.49321298288277,3.623594612290712,95.69760000000002,1.657416366495521,57.400048111466624,40.94253552203785,Belgium
2022,9.658922806391411,117.81416705640258,4.247661584510336,129.31520000000003,1.7478729704117293,48.47942662861564,49.77270040097264,Belgium
2023,9.271913295686371,102.37910485455053,5.404104386867458,133.69349999999994,2.320995854932401,43.97055663405514,53.70844751101246,Belgium
