"Year","ODA to global health as % of  total ODA","Bilateral funding","Bilateral as earmarked funding through multilaterals","Multilateral as core contributions to organizations","Bilateral","Earmarked","Multilateral"
2018,18.8813049979978,374.856716,272.135295,364.530660414896,"37%","27%","36%"
2019,17.6519557026082,382.390687,187.628146,394.677290616197,"40%","19%","41%"
2020,15.6252408887714,362.868198,256.139107,297.809254546728,"40%","28%","32%"
2021,31.0737190080896,493.635706,1023.316167,456.937764807071,"25%","52%","23%"
2022,17.9768800744266,487.182134,701.770377,421.736370263675,"30%","44%","26%"
