donor,year,Bilateral as earmarked funding through multilaterals,Bilateral funding,Multilateral as core contributions to organizations,Earmarked,Bilateral,Multilateral,Sector ODA,ODA to Health & populations as % of Total ODA
Canada,2019,84.52250332753147,530.888407904168,397.68459999999993,8.26559168399131,51.91643215411892,39.81797616188976,998.7564370000009,17.714138027733878
Canada,2020,68.92280331729292,592.2107648203137,307.4373,7.062449751169168,60.68323642308286,32.254313825747964,953.1664560000004,15.725055574965326
Canada,2021,424.8501750793494,1281.747513054164,468.9046,19.428930740072484,58.61591948911959,21.95514977080792,2135.7385620000027,32.57128396885923
Canada,2022,360.8295843145279,1093.8119217774188,430.89700000000005,19.03292405789453,57.69604307905715,23.271032863048315,1851.6453590000046,19.841955760680808
Canada,2023,120.21371864441495,633.6909644722023,493.47440000000006,9.547201816122467,50.32683120605291,40.125966977824625,1229.813104,13.189773359999581
