year,ODA to Health & populations as % of Total ODA,Bilateral funding,Bilateral as earmarked funding through multilaterals,Multilateral as core contributions to organizations,Earmarked,Bilateral,Multilateral,donor
2019,14.324342409058612,335.20595065014874,84.52250332753147,397.68459999999993,10.221609326967624,40.53765727149906,49.24073340153331,Canada
2020,11.496521348465437,329.7857540698269,68.92280331729292,307.4373,9.660088601267132,46.22214202582942,44.11776937290346,Canada
2021,21.642695895472407,548.051635097778,424.8501750793494,468.9046,29.239666971367672,37.71882002962475,33.04151299900757,Canada
2022,14.658511975499254,598.5550168936195,360.8295843145279,430.89700000000005,25.76321783441312,42.7368041769802,31.499977988606677,Canada
2023,9.537039299877783,284.98558308590157,120.21371864441495,493.47440000000006,13.20382817112282,31.301757509423084,55.494414319454094,Canada
