year,ODA to Health & populations as % of Total ODA,Bilateral funding,Bilateral as earmarked funding through multilaterals,Multilateral as core contributions to organizations,Earmarked,Bilateral,Multilateral,donor
2019,5.909602745365599,78.18364112703905,3.250167078596144,83.41039999999995,1.9830680287223068,47.70323350733651,50.31369846394117,Denmark
2020,6.450731196567974,75.54460207612456,25.182616905585757,75.3762,14.369830153236302,43.10763670422765,42.522533142536055,Denmark
2021,6.417586340597523,76.83141374196738,30.251631240731584,74.25990000000006,16.76003043142959,42.566194932038655,40.67377463653175,Denmark
2022,6.753248002498872,103.40702125556105,1.3972595155709342,84.2477,0.7428511389554027,54.97620353244921,44.280945328595394,Denmark
2023,3.704987853378418,22.178307464162142,8.895701433514581,79.38870000000003,8.119470428007345,20.24304805465725,71.6374815173354,Denmark
