year,ODA to Health & populations as % of Total ODA,Bilateral funding,Bilateral as earmarked funding through multilaterals,Multilateral as core contributions to organizations,Earmarked,Bilateral,Multilateral,donor
2019,8.18968533340285,141.4190548690064,3.250167078596144,83.41039999999995,1.4309639247048747,62.26312706078355,36.30590901451157,Denmark
2020,7.452691191107374,102.7647612456747,25.182616905585757,75.3762,12.437911256737733,50.75640015831833,36.80568858494393,Denmark
2021,10.056225882819334,179.17044686109742,30.251631240731584,74.25990000000006,10.695756401862607,63.3474419541028,25.956801644034595,Denmark
2022,8.451068268217103,150.69538606030645,1.3972595155709342,84.2477,0.5936122879484128,64.02148770908589,35.384900002965686,Denmark
2023,4.716132317411951,52.07883934750372,8.895701433514581,79.38870000000003,6.378646163206194,37.34303486587918,56.27831897091463,Denmark
