"Year","ODA to global health as % of  total ODA","Bilateral funding","Bilateral as earmarked funding through multilaterals","Multilateral as core contributions to organizations","Bilateral","Earmarked","Multilateral"
2018,7.90073103270677,73.68373,67.694111,81.1709772712675,"33%","30%","36%"
2019,6.68920326652676,59.164733,55.096128,80.3252148976771,"30%","28%","41%"
2020,6.35478036544432,70.871418,37.708553,73.0933134526908,"39%","21%","40%"
2021,8.98532979361851,68.744493,124.796166,72.6218816135882,"26%","47%","27%"
2022,6.77402002727669,84.550994,35.521996,83.8594337844732,"41%","17%","41%"
