"Year","ODA to global health as % of  total ODA","Bilateral funding","Bilateral as earmarked funding through multilaterals","Multilateral as core contributions to organizations","Bilateral","Earmarked","Multilateral"
2018,7.90073103270677,73.68373,67.694111,81.1709772712675,"33%","30%","36%"
2019,6.68920326652676,59.164733,55.096128,80.3252148976771,"30%","28%","41%"
2020,6.31236217602186,70.871418,37.708553,71.8806434075042,"39%","21%","40%"
2021,8.82836684326206,68.744493,124.796166,67.9723407944244,"26%","48%","26%"
2022,6.574859189259,84.550994,35.521996,77.8636805601915,"43%","18%","39%"
