donor,year,Bilateral as earmarked funding through multilaterals,Bilateral funding,Multilateral as core contributions to organizations,Earmarked,Bilateral,Multilateral,Sector ODA,ODA to Health & populations as % of Total ODA
Estonia,2019,0.03425697424892704,0.4247845135908441,1.5519000000000003,1.855088771950891,23.002994249723525,75.14191697832558,2.0652920000000003,3.731135835820572
Estonia,2020,0.1385819027181688,0.7264011087267523,1.7054999999999996,5.79857734884659,30.394250133843546,63.807172517309866,2.6728969999999994,4.723369357790337
Estonia,2021,0.0,3.175292381974249,2.4197000000000015,0.0,59.47543999301952,40.52456000698048,5.970947000000002,9.596868014795092
Estonia,2022,0.0,0.09591022889842632,3.5821000000000014,0.0,2.9074372127894046,97.0925627872106,3.6893660000000015,1.8361449260936653
Estonia,2023,0.0,0.487592095851216,4.101000000000003,0.0,11.736657137267462,88.26334286273254,4.646323000000002,4.745405210078408
