year,ODA to Health & populations as % of Total ODA,Bilateral funding,Bilateral as earmarked funding through multilaterals,Multilateral as core contributions to organizations,Earmarked,Bilateral,Multilateral,donor
2019,3.731135835820572,0.4247845135908441,0.03425697424892704,1.5519000000000003,1.855088771950891,23.002994249723525,75.14191697832558,Estonia
2020,4.723369357790337,0.7264011087267523,0.1385819027181688,1.7054999999999996,5.79857734884659,30.394250133843546,63.807172517309866,Estonia
2021,9.596868014795092,3.175292381974249,0.0,2.4197000000000015,0.0,59.47543999301952,40.52456000698048,Estonia
2022,1.8361449260936653,0.09591022889842632,0.0,3.5821000000000014,0.0,2.9074372127894046,97.0925627872106,Estonia
2023,4.745405210078408,0.487592095851216,0.0,4.101000000000003,0.0,11.736657137267462,88.26334286273254,Estonia
