year,ODA to Health & populations as % of Total ODA,Bilateral funding,Bilateral as earmarked funding through multilaterals,Multilateral as core contributions to organizations,Earmarked,Bilateral,Multilateral,donor
2019,3.5119531129198416,0.3163045422031473,0.03425697424892704,1.5519000000000003,1.9708657755683219,18.197573211081657,79.83156101335001,Estonia
2020,3.6186856694449197,0.1674535050071531,0.1385819027181688,1.7054999999999996,7.568721096607531,9.145558339071286,83.2857205643212,Estonia
2021,4.923830070570156,0.5756366237482117,0.0,2.4197000000000015,0.0,21.014972456268847,78.98502754373115,Estonia
2022,1.822537202010651,0.07146280400572246,0.0,3.5821000000000014,0.0,2.18250890764233,97.81749109235767,Estonia
2023,4.5548178196963125,0.3207394492131616,0.0,4.101000000000003,0.0,8.043451207083855,91.95654879291614,Estonia
