year,ODA to Health & populations as % of Total ODA,Bilateral funding,Bilateral as earmarked funding through multilaterals,Multilateral as core contributions to organizations,Earmarked,Bilateral,Multilateral,donor
2019,6.19680086544657,654.365265580411,151.6528841019976,271.0041,14.367972214199531,61.996196178327715,23.635831607472756,EU Institutions
2020,6.171401966796523,981.3923925250849,226.77156770689496,163.7047,16.688328148920924,72.2215684043854,11.090103446693679,EU Institutions
2021,10.192484837558094,1941.1484755592385,138.24668231611886,28.728600000000004,6.564914122443235,92.17923227856134,1.2558535989954362,EU Institutions
2022,5.904481348610479,1481.8207806315013,163.46178771978276,16.406299999999998,9.8448094763215,89.2455874052918,0.9096031183866996,EU Institutions
2023,3.1933498087047907,985.8267439933717,101.09839178864036,0.0157,9.30119694389753,90.69747338427882,0.0013296718236548578,EU Institutions
