"Year","ODA to global health as % of  total ODA","Bilateral funding","Bilateral as earmarked funding through multilaterals","Multilateral as core contributions to organizations","Bilateral","Earmarked","Multilateral"
2018,3.93125594862672,400.386696,175.003328,258.603569706581,"48%","21%","31%"
2019,5.03508831750475,515.229157,216.511056,267.617706540563,"52%","22%","27%"
2020,4.70030232401968,644.597449,400.11733,161.718428071258,"53%","33%","13%"
2021,7.94245556845428,911.642725,976.357543,28.2648675631675,"48%","51%","1%"
2022,5.08298539008066,633.324594,1020.235192,16.5649925686048,"38%","61%","1%"
