year,ODA to Health & populations as % of Total ODA,Bilateral funding,Bilateral as earmarked funding through multilaterals,Multilateral as core contributions to organizations,Earmarked,Bilateral,Multilateral,donor
2019,5.307330288953601,502.8629605081472,151.6528841019976,271.0041,16.77594153824903,55.62703061790557,27.597027843845403,EU Institutions
2020,5.161787609399068,759.088301574151,226.77156770689496,163.7047,19.952463943549674,66.7882756215038,13.259260434946526,EU Institutions
2021,6.598447111356336,1198.5941609131914,138.24668231611886,28.728600000000004,10.140687122840255,87.9194217861296,1.9398910910301441,EU Institutions
2022,3.0930900211767938,691.2359550768666,163.46178771978276,16.406299999999998,18.793017188503452,79.4706173612893,1.7363654502072505,EU Institutions
2023,1.9122863926275215,549.7835211267605,101.09839178864036,0.0157,15.532179487356819,84.46560007783798,0.0022204348052041255,EU Institutions
