"Year","ODA to global health as % of  total ODA","Bilateral funding","Bilateral as earmarked funding through multilaterals","Multilateral as core contributions to organizations","Bilateral","Earmarked","Multilateral"
2018,5.10270394928592,15.008356,7.453613,31.6826606970766,"28%","14%","59%"
2019,4.03735242643806,14.775504,7.980389,28.3824541980151,"29%","16%","56%"
2020,6.4809561884502,20.470129,20.060939,47.471200342893,"23%","23%","54%"
2021,5.73000689984218,12.766758,32.815547,40.3402944645134,"15%","38%","47%"
2022,5.63962953622529,17.632848,28.206556,51.8157538247068,"18%","29%","53%"
