"Year","ODA to global health as % of  total ODA","Bilateral funding","Bilateral as earmarked funding through multilaterals","Multilateral as core contributions to organizations","Bilateral","Earmarked","Multilateral"
2018,5.10270394928592,15.008356,7.453613,31.6826606970766,"28%","14%","59%"
2019,4.03735242643806,14.775504,7.980389,28.3824541980151,"29%","16%","56%"
2020,6.30338122977925,20.470129,20.060939,45.0599821970601,"24%","23%","53%"
2021,5.50997570001661,12.766758,32.815547,37.040882616889,"15%","40%","45%"
2022,5.39517134704978,17.632848,28.206556,47.582744742792,"19%","30%","51%"
