year,ODA to Health & populations as % of Total ODA,Bilateral funding,Bilateral as earmarked funding through multilaterals,Multilateral as core contributions to organizations,Earmarked,Bilateral,Multilateral,donor
2019,3.4792817294739917,6.070086535777425,1.773455848143668,32.77869999999999,4.625135485925056,15.830657790915414,79.54420672315953,Finland
2020,5.535107141503431,11.690913743370242,5.841857262491858,51.32920000000002,8.946978302596733,17.904982422464535,73.14803927493872,Finland
2021,4.297963205785442,8.346997301572532,7.040900716479016,43.85709999999999,12.529053568708953,14.853209914536224,72.61773651675483,Finland
2022,4.137347538754585,9.754268167860802,2.0940495021866568,54.81749999999998,3.3315254616863883,15.518540859426473,81.14993367888714,Finland
2023,5.091590339172739,12.14131478552154,2.4967507211314786,64.18610000000001,3.357529538320012,16.327149795697768,80.31532066598223,Finland
