"Year","ODA to global health as % of  total ODA","Bilateral funding","Bilateral as earmarked funding through multilaterals","Multilateral as core contributions to organizations","Bilateral","Earmarked","Multilateral"
2018,5.73275155648502,244.882674,12.143189,675.106598856445,"26%","1%","72%"
2019,6.02805579042487,309.181561,29.423918,625.998982692273,"32%","3%","65%"
2020,5.25647031466546,478.141421,43.589439,507.301015783526,"46%","4%","49%"
2021,10.0481064534473,1057.383968,62.633844,826.295383979506,"54%","3%","42%"
2022,8.98771247799779,877.328838,95.267734,1012.07331876738,"44%","5%","51%"
