"Year","ODA to agriculture as % of  total ODA","Bilateral funding","Bilateral as earmarked funding through multilaterals","Multilateral as core contributions to organizations","Bilateral","Earmarked","Multilateral"
2018,6.89008068261076,NA,NA,454.672612186576,"NA%","NA%","41%"
2019,5.64222084446185,597.404293,12.766152,292.693030329156,"66%","1%","32%"
2020,6.23084325435181,701.346363,246.252762,272.180677398985,"57%","20%","22%"
2021,6.37647284335434,613.265379,140.706807,481.147415521314,"50%","11%","39%"
2022,6.53103909586848,585.895525,13.517666,856.846265149162,"40%","1%","59%"
