donor,year,Bilateral as earmarked funding through multilaterals,Bilateral funding,Multilateral as core contributions to organizations,Earmarked,Bilateral,Multilateral,Sector ODA,ODA to Health & populations as % of Total ODA
France,2019,10.046033256351038,393.6861524249422,674.8006000000003,0.9780925530094667,38.32970527609515,60.69220217089537,1111.8406910000003,7.577679933827144
France,2020,17.04728406466512,585.9986318706698,555.8082,1.526857727007151,52.48557692201086,45.98756535098201,1208.605404,6.737218161618827
France,2021,54.85669284064665,1295.828132101619,889.6868000000002,2.5249719850805694,59.645041682343276,37.829986332576155,2351.803123000003,13.26225332031946
France,2022,52.43477413394919,1037.7091501154762,1067.4572,2.5254586596760142,49.98002952562324,47.49451181470074,2247.537998000003,11.075342088003024
France,2023,34.15571639722863,702.6073976905293,1007.1331000000001,2.0487609983059993,42.144472004880186,55.80676699681382,1804.679170999998,11.05734991308853
