year,ODA to Health & populations as % of Total ODA,Bilateral funding,Bilateral as earmarked funding through multilaterals,Multilateral as core contributions to organizations,Earmarked,Bilateral,Multilateral,donor
2019,7.338366176399391,361.2487501154736,10.046033256351038,674.8006000000003,1.0099894355506494,36.31855598246644,62.67145458198292,France
2020,6.307290226300185,514.7507953810622,17.04728406466512,555.8082,1.630933925587688,49.24682032784043,49.12224574657188,France
2021,12.937130892004824,1242.567947344113,54.85669284064665,889.6868000000002,2.5884269373469295,58.63088312181725,38.78068994083582,France
2022,10.50253834171793,930.3280526558893,52.43477413394919,1067.4572,2.6631960460375983,47.25196269600896,50.084841257953435,France
2023,10.11717219139457,560.8548073902988,34.15571639722863,1007.1331000000001,2.239150112106114,36.76802120728284,60.99282868061104,France
