year,ODA to Health & populations as % of Total ODA,Bilateral funding,Bilateral as earmarked funding through multilaterals,Multilateral as core contributions to organizations,Earmarked,Bilateral,Multilateral,donor
2019,7.577679933827144,393.6861524249422,10.046033256351038,674.8006000000003,0.9780925530094667,38.32970527609515,60.69220217089537,France
2020,6.737218161618827,585.9986318706698,17.04728406466512,555.8082,1.526857727007151,52.48557692201086,45.98756535098201,France
2021,13.26225332031946,1295.828132101619,54.85669284064665,889.6868000000002,2.5249719850805694,59.645041682343276,37.829986332576155,France
2022,11.075342088003024,1037.7091501154762,52.43477413394919,1067.4572,2.5254586596760142,49.98002952562324,47.49451181470074,France
2023,11.05734991308853,702.6073976905293,34.15571639722863,1007.1331000000001,2.0487609983059993,42.144472004880186,55.80676699681382,France
