"Year","ODA to global health as % of  total ODA","Bilateral funding","Bilateral as earmarked funding through multilaterals","Multilateral as core contributions to organizations","Bilateral","Earmarked","Multilateral"
2018,5.73275155648502,244.882674,12.143189,675.106598856445,"26%","1%","72%"
2019,6.02805579042487,309.181561,29.423918,625.998982692273,"32%","3%","65%"
2020,5.28655485672271,478.141421,43.589439,513.19051023361,"46%","4%","50%"
2021,10.2212286994101,1057.383968,62.633844,859.829076461394,"53%","3%","43%"
2022,9.19707867452377,877.328838,95.267734,1058.30563732528,"43%","5%","52%"
