"Year","ODA to global health as % of  total ODA","Bilateral funding","Bilateral as earmarked funding through multilaterals","Multilateral as core contributions to organizations","Bilateral","Earmarked","Multilateral"
2018,4.82274232184702,706.36921,181.785585,594.607804629729,"48%","12%","40%"
2019,5.16659812869961,765.520231,156.393878,618.513646780247,"50%","10%","40%"
2020,9.59163477034048,1242.6104,1044.637843,1043.42034807271,"37%","31%","31%"
2021,12.9373681360844,1060.722652,1588.866835,2028.43604480037,"23%","34%","43%"
2022,10.668802909012,1665.442447,1782.934969,942.351191407273,"38%","41%","21%"
