year,ODA to Health & populations as % of Total ODA,Bilateral funding,Bilateral as earmarked funding through multilaterals,Multilateral as core contributions to organizations,Earmarked,Bilateral,Multilateral,donor
2019,7.4793693576932725,1197.8814143262275,79.25855639923154,692.1449000000002,4.148936111218283,62.70532397563958,33.14573991314212,Germany
2020,11.886631297861797,1932.0262299881056,577.2395105662795,1119.6292,16.336032894895705,54.676860244588326,28.987106860515976,Germany
2021,15.061916223074498,2055.885891501237,669.0852611837895,2120.0407999999993,14.34436480508431,44.07566409868814,41.57997109622756,Germany
2022,12.545067199874538,2950.70197420181,747.1730811453666,997.4509,16.20634969428495,64.00137965921692,19.792270646498142,Germany
2023,6.18772796326151,1140.8019595645417,125.26727563809348,1202.5697,5.293993064239406,48.21209394745422,46.493912988306384,Germany
