donor,year,Bilateral as earmarked funding through multilaterals,Bilateral funding,Multilateral as core contributions to organizations,Earmarked,Bilateral,Multilateral,Sector ODA,ODA to Health & populations as % of Total ODA
Germany,2019,79.25855639923154,1197.8814143262275,692.1449000000002,4.148936111218283,62.70532397563958,33.14573991314212,2088.1866019999998,7.4793693576932725
Germany,2020,577.2395105662795,1932.026229988106,1119.6292,16.336032894895702,54.676860244588326,28.98710686051597,3862.507580999999,11.8866312978618
Germany,2021,669.0852611837895,2055.885891501237,2120.0407999999993,14.34436480508431,44.07566409868814,41.57997109622756,5098.7067670000015,15.061916223074498
Germany,2022,747.1730811453666,2950.70197420181,997.4509,16.20634969428495,64.00137965921692,19.792270646498142,5039.598122999999,12.545067199874538
Germany,2023,125.26727563809348,1140.8019595645417,1202.5697,5.293993064239406,48.21209394745422,46.493912988306384,2586.509981,6.18772796326151
