year,ODA to Health & populations as % of Total ODA,Bilateral funding,Bilateral as earmarked funding through multilaterals,Multilateral as core contributions to organizations,Earmarked,Bilateral,Multilateral,donor
2019,7.149235566064187,1113.5606742292557,79.25855639923154,692.1449000000002,4.340523588923593,60.983149249443144,34.67632716163326,Germany
2020,10.32230647523124,1466.9998444790033,577.2395105662795,1119.6292,18.811725882903232,47.8082294081496,33.38004470894717,Germany
2021,12.458370554035463,1249.6073268685386,669.0852611837895,2120.0407999999993,17.342044854928083,32.38861707289691,50.26933807217498,Germany
2022,10.278785426149346,2117.8325377367137,747.1730811453666,997.4509,19.779549582020515,56.06435074235467,24.15609967562483,Germany
2023,5.763113704335289,978.4275345348083,125.26727563809348,1202.5697,5.68404348785704,44.396468492537245,49.91948801960571,Germany
