donor,year,Bilateral as earmarked funding through multilaterals,Bilateral funding,Multilateral as core contributions to organizations,Earmarked,Bilateral,Multilateral,Sector ODA,ODA to Health & populations as % of Total ODA
Greece,2019,0.0,0.005693497881746177,10.702900000000001,0.0,0.05772670337196035,99.94227329662803,10.709082000000002,2.845710547503529
Greece,2020,0.0,0.06383864431755389,10.7956,0.0,0.63798008194449,99.3620199180555,10.864916000000001,3.2909801859379715
Greece,2021,0.0,41.891672499539524,14.883199999999993,0.0,75.34635969368343,24.65364030631656,60.36917800000001,18.507313606220222
Greece,2022,0.0,21.20926229508197,19.73319999999999,0.0,53.85365543605938,46.14634456394062,42.76221699999999,11.863893297081344
Greece,2023,0.0,0.014345183275004607,18.380899999999997,0.0,0.08466838975029785,99.91533161024971,18.396475999999996,5.974875409078051
