"Year","ODA to global health as % of  total ODA","Bilateral funding","Bilateral as earmarked funding through multilaterals","Multilateral as core contributions to organizations","Bilateral","Earmarked","Multilateral"
2018,2.80750704448599,NA,NA,8.27496985901001,"NA%","NA%","100%"
2019,1.45983007944161,NA,NA,5.73734309009596,"NA%","NA%","100%"
2020,1.80569243953175,NA,NA,6.19304286110901,"NA%","NA%","99%"
2021,11.8426461563722,18.036932,11.456256,10.8724714239947,"45%","28%","27%"
2022,10.1013090493965,2.950551,18.149404,16.8375664483609,"8%","48%","44%"
