year,ODA to Health & populations as % of Total ODA,Bilateral funding,Bilateral as earmarked funding through multilaterals,Multilateral as core contributions to organizations,Earmarked,Bilateral,Multilateral,donor
2019,2.845710547503529,0.005693497881746177,0.0,10.702900000000001,0.0,0.05772670337196035,99.94227329662803,Greece
2020,3.2909801859379715,0.06383864431755389,0.0,10.7956,0.0,0.63798008194449,99.3620199180555,Greece
2021,18.507313606220222,41.891672499539524,0.0,14.883199999999993,0.0,75.34635969368343,24.65364030631656,Greece
2022,11.863893297081344,21.20926229508197,0.0,19.73319999999999,0.0,53.85365543605938,46.14634456394062,Greece
2023,5.974875409078051,0.014345183275004607,0.0,18.380899999999997,0.0,0.08466838975029785,99.91533161024971,Greece
