"Year","ODA to global health as % of  total ODA","Bilateral funding","Bilateral as earmarked funding through multilaterals","Multilateral as core contributions to organizations","Bilateral","Earmarked","Multilateral"
2018,2.80750704448599,NA,NA,8.27496985901001,"NA%","NA%","100%"
2019,1.45983007944161,NA,NA,5.73734309009596,"NA%","NA%","100%"
2020,1.67179491654252,NA,NA,5.73112466319044,"NA%","NA%","99%"
2021,11.2250806825003,18.036932,11.456256,8.76749950630233,"47%","30%","23%"
2022,9.23569480623672,2.950551,18.149404,13.5865760316442,"9%","52%","39%"
