"Year","ODA to global health as % of  total ODA","Bilateral funding","Bilateral as earmarked funding through multilaterals","Multilateral as core contributions to organizations","Bilateral","Earmarked","Multilateral"
2018,3.44918106556778,7.487293,0.762604,2.13186514264493,"72%","7%","21%"
2019,3.85918419290361,6.29969,1.169925,5.58821836672754,"48%","9%","43%"
2020,7.23401391798205,25.639767,0.203265,6.80415260302653,"79%","1%","21%"
2021,15.9829978405344,NA,NA,7.37827040502896,"NA%","NA%","11%"
2022,12.5618752655609,NA,NA,3.09035140767295,"NA%","NA%","6%"
