donor,year,Bilateral as earmarked funding through multilaterals,Bilateral funding,Multilateral as core contributions to organizations,Earmarked,Bilateral,Multilateral,Sector ODA,ODA to Health & populations as % of Total ODA
Hungary,2019,0.9131590413943355,9.187720797720797,7.595400000000002,5.545932043039644,55.80021974789551,38.65384820906483,19.649790000000003,6.225787369010411
Hungary,2020,0.0,20.200341042399863,10.391599999999993,0.0,69.87827391807696,30.12172608192305,34.49868699999999,8.194735446484325
Hungary,2021,0.0,91.932968828557,11.824299999999994,0.0,90.2710369808463,9.7289630191537,121.53710499999991,29.987466499792152
Hungary,2022,0.0,72.54790933467407,4.3289,0.0,95.23813059582768,4.761869404172312,90.90757500000004,24.484910310277968
Hungary,2023,0.0,75.04798893916539,2.576800000000001,0.0,97.20335792405977,2.796642075940207,92.13907,40.0122289097447
