"Year","ODA to global health as % of  total ODA","Bilateral funding","Bilateral as earmarked funding through multilaterals","Multilateral as core contributions to organizations","Bilateral","Earmarked","Multilateral"
2018,3.44918106556778,7.487293,0.762604,2.13186514264493,"72%","7%","21%"
2019,3.85918419290361,6.29969,1.169925,5.58821836672754,"48%","9%","43%"
2020,7.61863164968901,25.639767,0.203265,8.5399366685536,"75%","1%","25%"
2021,16.4595132353824,NA,NA,9.45139828185473,"NA%","NA%","13%"
2022,12.5657248847346,NA,NA,3.10681930992134,"NA%","NA%","6%"
