year,ODA to Health & populations as % of Total ODA,Bilateral funding,Bilateral as earmarked funding through multilaterals,Multilateral as core contributions to organizations,Earmarked,Bilateral,Multilateral,donor
2019,7.063086567812006,3.1394841117917305,0.714968415007657,0.7179999999999999,15.742428240141686,69.126275096246,15.131296663612305,Iceland
2020,17.35838156695822,8.781756316998468,1.333771056661562,1.0987999999999998,11.94363524054804,78.63875415330942,9.417610606142548,Iceland
2021,10.02105104066367,3.635785796324656,2.3828378637059724,0.9680999999999998,34.30907074871443,52.34952575382857,13.341403497456986,Iceland
2022,7.6578427632973085,4.717874234303214,0.45438074272588047,1.8235000000000001,6.568506941292889,68.20137110181817,25.230121956888944,Iceland
2023,11.800881427131,8.519036179173048,1.386804173047473,2.160399999999999,11.582177873068488,71.14846800429288,17.269354122638628,Iceland
