"Year","ODA to agriculture as % of  total ODA","Bilateral funding","Bilateral as earmarked funding through multilaterals","Multilateral as core contributions to organizations","Bilateral","Earmarked","Multilateral"
2018,10.4402001557197,1.908168,4.682379,0.991746292168865,"25%","62%","13%"
2019,12.2646323729291,2.208966,5.196577,0.586222563120684,"28%","65%","7%"
2020,8.57686592734008,4.009825,0.821089,0.782504346148852,"71%","15%","14%"
2021,8.79127146382316,4.513859,0.64094,1.07293770497233,"72%","10%","17%"
2022,7.85383445156503,4.683995,1.083003,1.6717185759404,"63%","15%","22%"
