"Year","ODA to global health as % of  total ODA","Bilateral funding","Bilateral as earmarked funding through multilaterals","Multilateral as core contributions to organizations","Bilateral","Earmarked","Multilateral"
2018,4.68974544686474,0.598862,1.798041,1.00906862059781,"18%","53%","30%"
2019,7.66040454174691,1.781366,2.543838,0.666397489126837,"36%","51%","13%"
2020,17.7967854619215,5.620562,5.003276,1.0238667514496,"48%","43%","9%"
2021,21.9741805032389,2.101944,12.558151,0.90641446849441,"14%","81%","6%"
2022,10.9910094944594,3.16431,5.347952,1.75111441903176,"31%","52%","17%"
