donor,year,Bilateral as earmarked funding through multilaterals,Bilateral funding,Multilateral as core contributions to organizations,Earmarked,Bilateral,Multilateral,Sector ODA,ODA to Health & populations as % of Total ODA
Iceland,2019,0.714968415007657,5.034972243491578,0.7179999999999999,11.106903269299792,78.21737086311906,10.675725867581146,6.725538000000001,10.010903197025758
Iceland,2020,1.333771056661562,12.806132274119449,1.0987999999999998,8.77966851541607,84.29752300425696,6.9228084803269825,15.872170999999998,23.61389583649636
Iceland,2021,2.3828378637059724,13.7989519525268,0.9680999999999998,13.927899973784372,80.65610567348486,5.415994352730771,17.874834,24.68519660377704
Iceland,2022,0.45438074272588047,9.865032542113322,1.8235000000000001,3.7661927916705635,81.76758158106367,14.46622562726578,12.605222999999999,13.355820089001906
Iceland,2023,1.386804173047473,12.091244257274115,2.160399999999999,8.920757049586374,77.77814239578039,13.301100554633233,16.242264999999996,15.321559256493702
