"Year","ODA to the education sector as % of  total ODA","Bilateral funding","Bilateral as earmarked funding through multilaterals","Multilateral as core contributions to organizations","Bilateral","Earmarked","Multilateral"
2018,1.49178732996448,0.306628,0.047668,0.729128541351858,"28%","4%","67%"
2019,8.770402483035,5.232081,0.017676,0.465131013548146,"92%","0%","8%"
2020,9.86405320111,5.726291,0.202518,0.527052345575594,"89%","3%","8%"
2021,9.80719339181631,6.13712,0.30748,0.502815798762672,"88%","4%","7%"
2022,6.51590571076656,4.918937,0.346437,0.819162006836142,"81%","6%","13%"
