donor,year,Bilateral as earmarked funding through multilaterals,Bilateral funding,Multilateral as core contributions to organizations,Earmarked,Bilateral,Multilateral,Sector ODA,ODA to Health & populations as % of Total ODA
Ireland,2019,7.245690140845071,82.31791455399065,38.59699999999999,5.759464879520335,65.43298548697938,28.807549633500283,133.98223900000005,13.705725951201487
Ireland,2020,18.55705915492958,77.29055211267605,42.80020000000002,13.641326373118616,56.81641892311722,29.542254703764158,144.87790600000002,14.816143603968168
Ireland,2021,11.40640281690141,108.39836431924881,49.465600000000016,6.8609388792557136,65.20149815362143,27.93756296712286,177.057677,16.16960266887387
Ireland,2022,10.827230985915492,87.76018967136157,65.27560000000004,6.772138093133687,54.89160841836537,38.33625348850092,170.27120300000013,7.064520937835813
Ireland,2023,13.609288262910798,69.02202816901408,76.49450000000006,8.811045210761844,44.686849083288216,46.502105705949944,164.49685200000005,6.219811877286042
