"Year","ODA to global health as % of  total ODA","Bilateral funding","Bilateral as earmarked funding through multilaterals","Multilateral as core contributions to organizations","Bilateral","Earmarked","Multilateral"
2018,11.186562323404,56.520651,14.82577,36.5753341576149,"52%","14%","34%"
2019,11.012202202119,60.389537,15.882357,36.8809338417631,"53%","14%","33%"
2020,12.1871312287906,59.20232,26.391288,39.8804504940453,"47%","21%","32%"
2021,12.2608452623784,72.756373,25.850798,42.9921048506814,"51%","18%","30%"
2022,5.77390324439828,53.284891,39.703177,57.1128988469153,"35%","26%","38%"
