"Year","ODA to global health as % of  total ODA","Bilateral funding","Bilateral as earmarked funding through multilaterals","Multilateral as core contributions to organizations","Bilateral","Earmarked","Multilateral"
2018,11.186562323404,56.520651,14.82577,36.5753341576149,"52%","14%","34%"
2019,11.012202202119,60.389537,15.882357,36.8809338417631,"53%","14%","33%"
2020,12.3282651274058,59.20232,26.391288,41.3335113266476,"47%","21%","33%"
2021,12.6557716838348,72.756373,25.850798,47.5530705994401,"50%","18%","33%"
2022,6.0028733682572,53.284891,39.703177,63.0653084242018,"34%","25%","40%"
