year,ODA to Health & populations as % of Total ODA,Bilateral funding,Bilateral as earmarked funding through multilaterals,Multilateral as core contributions to organizations,Earmarked,Bilateral,Multilateral,donor
2019,13.705725951201487,82.31791455399065,7.245690140845071,38.59699999999999,5.759464879520335,65.43298548697938,28.807549633500283,Ireland
2020,14.816143603968168,77.29055211267605,18.55705915492958,42.80020000000002,13.641326373118616,56.81641892311722,29.542254703764158,Ireland
2021,16.16960266887387,108.39836431924881,11.40640281690141,49.465600000000016,6.8609388792557136,65.20149815362143,27.93756296712286,Ireland
2022,7.064520937835813,87.76018967136157,10.827230985915492,65.27560000000004,6.772138093133687,54.89160841836537,38.33625348850092,Ireland
2023,6.219811877286042,69.02202816901408,13.609288262910798,76.49450000000006,8.811045210761844,44.686849083288216,46.502105705949944,Ireland
