year,ODA to Health & populations as % of Total ODA,Bilateral funding,Bilateral as earmarked funding through multilaterals,Multilateral as core contributions to organizations,Earmarked,Bilateral,Multilateral,donor
2019,11.86609197172827,65.43190610328638,7.245690140845071,38.59699999999999,6.6523710967645835,60.073962936117184,33.27366596711823,Ireland
2020,13.3173612287743,63.52936338028169,18.55705915492958,42.80020000000002,15.17656891787455,51.95638778752384,32.86704329460161,Ireland
2021,14.090318455890925,87.01974460093899,11.40640281690141,49.465600000000016,7.873395903739288,60.06634270975125,32.06026138650948,Ireland
2022,5.612935031096621,54.90896056338033,10.827230985915492,65.27560000000004,8.523510621057621,43.22592814007776,48.250561238864634,Ireland
2023,5.4730185764660675,50.4768441314554,13.609288262910798,76.49450000000006,10.01331219463669,37.13937048903192,52.84731731633138,Ireland
