"Year","ODA to global health as % of  total ODA","Bilateral funding","Bilateral as earmarked funding through multilaterals","Multilateral as core contributions to organizations","Bilateral","Earmarked","Multilateral"
2018,5.90786836910373,97.846172,26.62601,193.364575333642,"31%","8%","61%"
2019,6.74679224667603,92.938932,29.617279,200.936440305349,"29%","9%","62%"
2020,6.81055609992432,87.763831,42.535173,188.9718423121,"27%","13%","59%"
2021,15.1163219483812,118.823299,245.747038,625.725611585768,"12%","25%","63%"
2022,9.68369834635012,138.863506,330.779819,261.712052918038,"19%","45%","36%"
