"Year","ODA to global health as % of  total ODA","Bilateral funding","Bilateral as earmarked funding through multilaterals","Multilateral as core contributions to organizations","Bilateral","Earmarked","Multilateral"
2018,5.90786836910373,97.846172,26.62601,193.364575333642,"31%","8%","61%"
2019,6.74736431376945,92.938932,29.617279,200.963869562692,"29%","9%","62%"
2020,6.90110614167879,87.763831,42.535173,193.216721590734,"27%","13%","60%"
2021,15.5039559819346,118.823299,245.747038,651.120176101707,"12%","24%","64%"
2022,10.4239344864959,138.863506,330.779819,294.940849955768,"18%","43%","39%"
