"Year","ODA to global health as % of  total ODA","Bilateral funding","Bilateral as earmarked funding through multilaterals","Multilateral as core contributions to organizations","Bilateral","Earmarked","Multilateral"
2018,5.90786836910373,97.846172,26.62601,193.364575333642,"31%","8%","61%"
2019,6.74736431376945,92.938932,29.617279,200.963869562692,"29%","9%","62%"
2020,6.81285704372064,87.763831,42.535173,189.079707846483,"27%","13%","59%"
2021,15.1206982192449,118.823299,245.747038,626.012308529704,"12%","25%","63%"
2022,9.98137218031773,138.863506,330.779819,262.479389633455,"19%","45%","36%"
