year,ODA to Health & populations as % of Total ODA,Bilateral funding,Bilateral as earmarked funding through multilaterals,Multilateral as core contributions to organizations,Earmarked,Bilateral,Multilateral,donor
2019,7.75610772673579,90.91912552496498,10.771637890807279,233.95190000000002,3.365807475098542,28.409446680574913,68.22474584432655,Italy
2020,7.524916655540113,77.14357069528693,18.26247970135324,223.16300000000004,6.0137717630260985,25.40311254182791,68.58311569514599,Italy
2021,13.761096846301887,128.12241623891737,21.06790293980401,665.6729000000007,2.7345158938055563,16.629694211100723,80.63578989509372,Italy
2022,8.056314906519606,116.57780027998123,117.01782641157256,308.2038999999999,22.45017701954216,22.365756851689234,55.18406612876861,Italy
2023,6.875105897184876,78.56835930937937,3.793286047596826,307.97980000000024,1.025793829807105,21.246733619967465,77.72747255022543,Italy
