year,ODA to Health & populations as % of Total ODA,Bilateral funding,Bilateral as earmarked funding through multilaterals,Multilateral as core contributions to organizations,Earmarked,Bilateral,Multilateral,donor
2019,8.57535789107797,124.72289874008393,10.771637890807279,233.95190000000002,3.0442537437974226,35.24887814422359,61.706868111979,Italy
2020,8.4211171291841,113.31088660755951,18.26247970135324,223.16300000000004,5.373768183960216,33.341936435001614,61.28429538103816,Italy
2021,17.50318031935968,337.6307372841813,21.06790293980401,665.6729000000007,2.1498914686257797,34.45380604358555,63.39630248778867,Italy
2022,11.144975903249499,316.4102753149795,117.01782641157256,308.2038999999999,16.228451038984037,43.88090958996646,39.89063937104949,Italy
2023,7.355062653834252,104.38372188520765,3.793286047596826,307.97980000000024,0.9588553545395284,26.385800965315013,72.65534368014546,Italy
