"Year","ODA to the education sector as % of  total ODA","Bilateral funding","Bilateral as earmarked funding through multilaterals","Multilateral as core contributions to organizations","Bilateral","Earmarked","Multilateral"
2018,4.93143313970897,114.282101,13.541283,137.482242362584,"43%","5%","52%"
2019,5.89079785037601,140.729122,7.07425,134.646382675763,"50%","3%","48%"
2020,5.76699717690019,130.144552,12.034002,128.171479438367,"48%","4%","47%"
2021,5.23202105281735,195.320139,19.202745,128.235709605855,"57%","6%","37%"
2022,8.01958073084403,415.371263,11.37782,161.478377996328,"71%","2%","27%"
