"Year","ODA to global health as % of  total ODA","Bilateral funding","Bilateral as earmarked funding through multilaterals","Multilateral as core contributions to organizations","Bilateral","Earmarked","Multilateral"
2018,5.20635193067499,301.473122,82.312855,525.898817254223,"33%","9%","58%"
2019,5.2668145573337,287.875488,110.732228,591.857645733953,"29%","11%","60%"
2020,9.16170231882167,509.12291,594.543108,689.938458878051,"28%","33%","38%"
2021,9.3468403088146,1028.132289,610.363981,413.255752024789,"50%","30%","20%"
2022,11.8650005604214,1477.647045,1221.634137,468.034359386204,"47%","39%","15%"
