"Year","ODA to global health as % of  total ODA","Bilateral funding","Bilateral as earmarked funding through multilaterals","Multilateral as core contributions to organizations","Bilateral","Earmarked","Multilateral"
2018,5.20635193067499,301.473122,82.312855,525.898817254223,"33%","9%","58%"
2019,5.2665394661634,287.875488,110.732228,591.805912703953,"29%","11%","60%"
2020,9.16051866775409,509.12291,594.543108,689.706733181234,"28%","33%","38%"
2021,9.34384132433232,1028.132289,610.363981,412.759084698939,"50%","30%","20%"
2022,11.8482266166393,1477.647045,1221.634137,467.082389249779,"47%","39%","15%"
