year,ODA to Health & populations as % of Total ODA,Bilateral funding,Bilateral as earmarked funding through multilaterals,Multilateral as core contributions to organizations,Earmarked,Bilateral,Multilateral,donor
2019,5.632670903064366,373.25580252014055,50.19036149555879,483.18349999999987,5.440692175801305,40.46135281419448,54.09795501000422,Japan
2020,10.549513900192913,963.6891685602154,250.7648585003099,565.0938000000003,13.946039677803155,53.59462032353823,32.45933999865861,Japan
2021,10.3834360451353,1423.4834052881668,196.92992563519934,340.1905999999999,9.987432409582166,72.19290948605467,17.81965810436317,Japan
2022,12.295611178013372,2190.450659987606,244.4513096467672,379.8986000000002,8.646171273916327,77.47559872222743,13.878230003856261,Japan
2023,7.7583446118180115,1333.3658428010729,35.99805308820491,597.4419,1.8121998359593634,67.12377904652998,31.06402111751065,Japan
