donor,year,Bilateral as earmarked funding through multilaterals,Bilateral funding,Multilateral as core contributions to organizations,Earmarked,Bilateral,Multilateral,Sector ODA,ODA to Health & populations as % of Total ODA
Japan,2019,50.19036149555879,373.25580252014055,483.18349999999987,5.440692175801305,40.46135281419448,54.09795501000422,893.1640759999999,5.632670903064366
Japan,2020,250.7648585003099,963.6891685602154,565.0938000000003,13.946039677803155,53.59462032353823,32.45933999865861,1740.9281890000009,10.549513900192913
Japan,2021,196.92992563519934,1423.4834052881668,340.1905999999999,9.987432409582166,72.19290948605467,17.81965810436317,1909.0747870000027,10.3834360451353
Japan,2022,244.4513096467672,2190.450659987606,379.8986000000002,8.646171273916327,77.47559872222743,13.878230003856261,2737.3706869999996,12.295611178013372
Japan,2023,35.99805308820491,1333.3658428010729,597.4419,1.8121998359593634,67.12377904652998,31.06402111751065,1923.2600239999988,7.7583446118180115
