"Year","ODA to global health as % of  total ODA","Bilateral funding","Bilateral as earmarked funding through multilaterals","Multilateral as core contributions to organizations","Bilateral","Earmarked","Multilateral"
2018,9.41704284822627,163.634585,39.245865,33.9000889807632,"69%","17%","14%"
2019,8.33376687034842,163.378228,35.647666,35.2398663280657,"70%","15%","15%"
2020,27.6542964136518,586.588973,77.517461,44.3369284078566,"83%","11%","6%"
2021,21.9228074782847,498.888236,148.522867,44.5866996135534,"72%","21%","6%"
2022,15.5588800690991,282.708298,176.580083,62.868960202315,"54%","34%","12%"
