"Year","ODA to global health as % of  total ODA","Bilateral funding","Bilateral as earmarked funding through multilaterals","Multilateral as core contributions to organizations","Bilateral","Earmarked","Multilateral"
2018,9.41704284822627,163.634585,39.245865,33.9000889807632,"69%","17%","14%"
2019,8.33376687034842,163.378228,35.647666,35.2398663280657,"70%","15%","15%"
2020,27.5930569848072,586.588973,77.517461,42.7681064702576,"83%","11%","6%"
2021,21.7698724908246,498.888236,148.522867,39.7592761473766,"73%","22%","6%"
2022,15.5003072169875,282.708298,176.580083,60.9032502932845,"54%","34%","12%"
