year,ODA to Health & populations as % of Total ODA,Bilateral funding,Bilateral as earmarked funding through multilaterals,Multilateral as core contributions to organizations,Earmarked,Bilateral,Multilateral,donor
2019,8.060966707663006,145.66868253968264,24.903854166666665,31.9628,12.311473868819666,72.01279635636146,15.675729774818883,Korea
2020,43.67506957174016,919.9598541666663,38.94404067460315,40.21409999999999,3.8990875136758754,92.10662063640319,3.9942918499209292,Korea
2021,19.152832247705163,479.5953849206358,18.684608134920637,40.336,3.4710666220203286,89.0951268901247,7.433806487854969,Korea
2022,11.10895166535391,259.5611577380954,21.02575198412699,57.070100000000004,6.235319708090313,76.97450267276535,16.790177619144327,Korea
2023,10.486272289875586,188.8850039682541,52.99610615079365,119.58890000000002,14.699871032890593,52.392249167890654,32.90787979921875,Korea
