year,ODA to Health & populations as % of Total ODA,Bilateral funding,Bilateral as earmarked funding through multilaterals,Multilateral as core contributions to organizations,Earmarked,Bilateral,Multilateral,donor
2019,8.465916512799495,155.83048115079376,24.903854166666665,31.9628,11.722579691020492,73.3515070139343,14.925913295045206,Korea
2020,45.31392880820405,957.4386884920625,38.94404067460315,40.21409999999999,3.758070043912543,92.3920988109331,3.849831145154359,Korea
2021,23.23839665617015,594.4213492063501,18.684608134920637,40.336,2.8608151291931887,91.01232290479486,6.126861966011964,Korea
2022,15.796542286687307,401.84952976190493,21.02575198412699,57.070100000000004,4.385001730003922,83.80727046231159,11.80772780768447,Korea
2023,13.328874407737617,286.6144374999999,52.99610615079365,119.58890000000002,11.564881291661118,62.54538657486036,25.889732133478525,Korea
