"Year","ODA to global health as % of  total ODA","Bilateral funding","Bilateral as earmarked funding through multilaterals","Multilateral as core contributions to organizations","Bilateral","Earmarked","Multilateral"
2018,9.41704284822627,163.634585,39.245865,33.9000889807632,"69%","17%","14%"
2019,8.3333412337686,163.378228,35.647666,35.2279015012898,"70%","15%","15%"
2020,27.5909581486952,586.588973,77.517461,42.7143388209177,"83%","11%","6%"
2021,21.7664621733619,498.888236,148.522867,39.6516287946032,"73%","22%","6%"
2022,15.3739884484266,282.708298,176.580083,60.6711081226316,"54%","34%","12%"
