donor,year,Bilateral as earmarked funding through multilaterals,Bilateral funding,Multilateral as core contributions to organizations,Earmarked,Bilateral,Multilateral,Sector ODA,ODA to Health & populations as % of Total ODA
Korea,2019,24.903854166666665,155.83048115079376,31.9628,11.722579691020492,73.3515070139343,14.925913295045206,214.14301000000012,8.465916512799495
Korea,2020,38.94404067460315,957.4386884920625,40.21409999999999,3.758070043912543,92.3920988109331,3.849831145154359,1044.5678909999988,45.31392880820405
Korea,2021,18.684608134920637,594.4213492063501,40.336,2.8608151291931887,91.01232290479486,6.126861966011964,658.3468050000008,23.23839665617015
Korea,2022,21.02575198412699,401.849529761905,57.070100000000004,4.385001730003921,83.8072704623116,11.807727807684469,483.32838400000026,15.796542286687307
Korea,2023,52.99610615079365,286.6144375000001,119.58890000000002,11.564881291661113,62.54538657486038,25.88973213347851,461.91632800000014,13.328874407737624
