year,ODA to Health & populations as % of Total ODA,Bilateral funding,Bilateral as earmarked funding through multilaterals,Multilateral as core contributions to organizations,Earmarked,Bilateral,Multilateral,donor
2019,3.8156699120069577,0.10853949730700178,0.0033240574506283663,2.9430999999999994,0.12070869663293476,3.9414665503586384,95.93782475300843,Lithuania
2020,3.930765588545462,0.2272549371633752,0.0,2.9894000000000016,0.0,7.807468292048074,92.19253170795193,Lithuania
2021,9.470944158038698,3.655284560143625,0.0,4.404,0.0,48.04144933209547,51.958550667904525,Lithuania
2022,4.581356162131053,2.811433572710951,0.003473967684021544,8.008799999999999,0.03472531602056493,28.102713716149886,71.86256096782955,Lithuania
2023,9.294633559028725,9.284431777378808,0.0,7.4636000000000005,0.0,58.08486775330991,41.91513224669008,Lithuania
