"Year","ODA to global health as % of  total ODA","Bilateral funding","Bilateral as earmarked funding through multilaterals","Multilateral as core contributions to organizations","Bilateral","Earmarked","Multilateral"
2018,13.3055419853837,28.137551,14.288348,29.8319768358427,"39%","20%","41%"
2019,14.7694189797829,38.590283,29.773754,14.1911534099817,"47%","36%","17%"
2020,11.6844599885512,23.440445,12.811314,23.0762915372972,"40%","22%","39%"
2021,14.2708529678226,36.86831,17.05375,23.1733689880682,"48%","22%","30%"
2022,14.0394151514043,32.612227,20.778142,25.7251605742779,"41%","26%","33%"
