"Year","ODA to global health as % of  total ODA","Bilateral funding","Bilateral as earmarked funding through multilaterals","Multilateral as core contributions to organizations","Bilateral","Earmarked","Multilateral"
2018,13.3055419853837,28.137551,14.288348,29.8319768358427,"39%","20%","41%"
2019,14.7692932595869,38.590283,29.773754,14.1904506839817,"47%","36%","17%"
2020,11.6762520011026,23.440445,12.811314,23.0346153370584,"40%","22%","39%"
2021,14.2535058758011,36.86831,17.05375,23.0796547928405,"48%","22%","30%"
2022,14.0197995561173,32.612227,20.778142,25.6146219092189,"41%","26%","32%"
