year,ODA to Health & populations as % of Total ODA,Bilateral funding,Bilateral as earmarked funding through multilaterals,Multilateral as core contributions to organizations,Earmarked,Bilateral,Multilateral,donor
2019,14.94271505701001,42.33179183490354,14.74352265589951,14.1057,21.143171061845614,60.70654463040868,18.15028430774571,Luxembourg
2020,12.138668167036151,23.232638851502927,7.02749932705249,23.613299999999995,13.6595580637447,45.157966525088064,41.18247541116724,Luxembourg
2021,18.24254602838115,52.51865410497982,7.7833467922835355,25.858199999999997,9.320969758914169,62.89386812067896,27.78516212040688,Luxembourg
2022,18.81898366025376,54.67489726334679,9.224434275459847,28.75440000000001,10.283696027231311,60.95333404587896,28.76296992688972,Luxembourg
2023,16.815807656375437,47.461777478689996,6.204366980708838,28.1745,7.858992043431561,60.11922452877362,32.021783427794816,Luxembourg
