donor,year,Bilateral as earmarked funding through multilaterals,Bilateral funding,Multilateral as core contributions to organizations,Earmarked,Bilateral,Multilateral,Sector ODA,ODA to Health & populations as % of Total ODA
Luxembourg,2019,14.74352265589951,42.33179183490354,14.1057,21.143171061845614,60.70654463040868,18.15028430774571,77.716138,14.94271505701001
Luxembourg,2020,7.02749932705249,23.232638851502927,23.613299999999995,13.6595580637447,45.157966525088064,41.18247541116724,57.338224000000004,12.138668167036151
Luxembourg,2021,7.7833467922835355,52.51865410497982,25.858199999999997,9.320969758914169,62.89386812067896,27.78516212040688,93.06478,18.24254602838115
Luxembourg,2022,9.224434275459847,54.67489726334679,28.75440000000001,10.283696027231311,60.95333404587896,28.76296992688972,99.97020500000002,18.81898366025376
Luxembourg,2023,6.204366980708838,47.461777478689996,28.1745,7.858992043431561,60.11922452877362,32.021783427794816,87.985418,16.815807656375437
