"Year","ODA to global health as % of  total ODA","Bilateral funding","Bilateral as earmarked funding through multilaterals","Multilateral as core contributions to organizations","Bilateral","Earmarked","Multilateral"
2018,13.3055419853837,28.137551,14.288348,29.8319768358427,"39%","20%","41%"
2019,14.7694189797829,38.590283,29.773754,14.1911534099817,"47%","36%","17%"
2020,11.7423711938432,23.440445,12.811314,23.3703366979295,"39%","21%","39%"
2021,14.4406503911289,36.86831,17.05375,24.0906656079958,"47%","22%","31%"
2022,14.2650960248287,32.612227,20.778142,26.9969273553871,"41%","26%","34%"
