"Year","ODA to agriculture as % of  total ODA","Bilateral funding","Bilateral as earmarked funding through multilaterals","Multilateral as core contributions to organizations","Bilateral","Earmarked","Multilateral"
2018,9.62566122177689,41.191194,2.524952,8.5575482369644,"79%","5%","16%"
2019,10.1224422821452,44.697093,3.162299,8.72104296229854,"79%","6%","15%"
2020,9.43004609660376,NA,NA,7.78339245851413,"NA%","NA%","16%"
2021,7.82820073519742,35.015382,0.650426,6.62448083175703,"83%","2%","16%"
2022,7.77581007772435,NA,NA,8.13573085236139,"NA%","NA%","19%"
