year,ODA to Health & populations as % of Total ODA,Bilateral funding,Bilateral as earmarked funding through multilaterals,Multilateral as core contributions to organizations,Earmarked,Bilateral,Multilateral,donor
2019,12.474967617525422,30.815773889636606,14.74352265589951,14.1057,25.32562730943978,52.93367284029774,21.740699850262487,Luxembourg
2020,10.782563338950666,17.485040825482287,7.02749932705249,23.613299999999995,15.377497672116242,38.26057635547078,46.361925972412976,Luxembourg
2021,16.503291913583503,44.557374607447294,7.7833467922835355,25.858199999999997,10.303291049235192,58.98331543256864,30.713393518196167,Luxembourg
2022,16.999186965852193,46.000941229250785,9.224434275459847,28.75440000000001,11.384586091807874,56.773310979278754,31.84210292891336,Luxembourg
2023,15.547488962615745,41.507332436069994,6.204366980708838,28.1745,8.500105637193261,56.865867464271844,34.634026898534906,Luxembourg
