"Year","ODA to global health as % of  total ODA","Bilateral funding","Bilateral as earmarked funding through multilaterals","Multilateral as core contributions to organizations","Bilateral","Earmarked","Multilateral"
2018,11.0501444230777,264.271317,145.213377,270.213164844432,"39%","21%","40%"
2019,9.85627244880767,219.42875,110.53227,247.301071845352,"38%","19%","43%"
2020,9.51362346247628,234.57054,120.000538,193.362200887471,"43%","22%","35%"
2021,11.3177901785728,200.52129,251.009142,150.337200127303,"33%","42%","25%"
2022,10.2791521322535,211.442385,249.150354,253.527933003888,"30%","35%","36%"
