"Year","ODA to agriculture as % of  total ODA","Bilateral funding","Bilateral as earmarked funding through multilaterals","Multilateral as core contributions to organizations","Bilateral","Earmarked","Multilateral"
2018,7.14908644392165,242.682836,76.938981,120.120738624798,"55%","17%","27%"
2019,6.94858348606525,241.161559,57.407083,108.395944192352,"59%","14%","27%"
2020,6.84558400002231,216.031539,81.442605,96.794485805064,"55%","21%","25%"
2021,6.82623251176016,188.308036,106.751371,67.9521291196421,"52%","29%","19%"
2022,5.51228534506845,192.625725,54.975193,135.352545889875,"50%","14%","35%"
