year,ODA to Health & populations as % of Total ODA,Bilateral funding,Bilateral as earmarked funding through multilaterals,Multilateral as core contributions to organizations,Earmarked,Bilateral,Multilateral,donor
2019,8.108025830500756,123.97238401594781,34.12767125770207,273.3080999999999,8.410979104073386,30.553773316864422,61.035247579062194,Netherlands
2020,6.964582547268484,107.3077102210946,39.60849039507068,216.0644,11.55785316436359,31.31264902471111,57.12949781092531,Netherlands
2021,6.583715841282093,92.74623595505619,53.63082729249729,167.16509999999994,18.006009044649385,31.13861276754073,50.85537818780988,Netherlands
2022,7.431412673198236,90.06953878216744,104.53585810076117,270.83320000000015,23.757380657117185,20.469687218680324,55.77293212420249,Netherlands
2023,7.531583987877125,134.75575299021384,90.5965902500906,254.41170000000005,19.872848580677534,29.559398065171937,50.56775335415053,Netherlands
