"Year","ODA to global health as % of  total ODA","Bilateral funding","Bilateral as earmarked funding through multilaterals","Multilateral as core contributions to organizations","Bilateral","Earmarked","Multilateral"
2018,11.0501444230777,264.271317,145.213377,270.213164844432,"39%","21%","40%"
2019,9.85627244880767,219.42875,110.53227,247.301071845352,"38%","19%","43%"
2020,9.47351973437728,234.57054,120.000538,191.052442957743,"43%","22%","35%"
2021,11.1667294983072,200.52129,251.009142,142.303959317526,"34%","42%","24%"
2022,9.59925613068315,211.442385,249.150354,206.293707526215,"32%","37%","31%"
