"Year","ODA to global health as % of  total ODA","Bilateral funding","Bilateral as earmarked funding through multilaterals","Multilateral as core contributions to organizations","Bilateral","Earmarked","Multilateral"
2018,4.74931517370275,14.924546,6.141869,7.99877008800589,"51%","21%","28%"
2019,4.49201316541719,19.66612,2.135162,6.32666885312728,"70%","8%","22%"
2020,10.2931654040726,27.53902,23.298706,10.2934426234199,"45%","38%","17%"
2021,13.6749819109654,55.461969,18.745595,19.5016170430815,"59%","20%","21%"
2022,11.6294327020306,45.397433,13.778399,6.83994883466343,"69%","21%","10%"
