"Year","ODA to global health as % of  total ODA","Bilateral funding","Bilateral as earmarked funding through multilaterals","Multilateral as core contributions to organizations","Bilateral","Earmarked","Multilateral"
2018,4.74931517370275,14.924546,6.141869,7.99877008800589,"51%","21%","28%"
2019,4.49201316541719,19.66612,2.135162,6.32666885312728,"70%","8%","22%"
2020,10.3115009249063,27.53902,23.298706,10.4023373872638,"45%","38%","17%"
2021,13.7302130588884,55.461969,18.745595,19.8800940073386,"59%","20%","21%"
2022,11.6970195822107,45.397433,13.778399,7.22361335068817,"68%","21%","11%"
