year,ODA to Health & populations as % of Total ODA,Bilateral funding,Bilateral as earmarked funding through multilaterals,Multilateral as core contributions to organizations,Earmarked,Bilateral,Multilateral,donor
2019,3.7591549573204226,13.759249902458055,1.9693552477565348,6.1331999999999995,9.070751831035855,63.37441728128005,27.5548308876841,New Zealand
2020,8.62746636060376,19.607276628950448,17.853531993757315,10.093899999999998,37.740048856133754,41.4472373405476,20.812713803318644,New Zealand
2021,15.172284043507721,60.97055696449473,16.089548380803745,19.26379999999999,16.786106298202164,63.61012913747629,19.603764564321544,New Zealand
2022,11.582800885041634,46.007749707374174,5.361900117050334,7.013899999999996,9.211123048309293,79.0359824836814,11.752894468009304,New Zealand
2023,4.829264241870448,23.066233905579402,3.3570327740928607,8.894100000000002,9.564538016914714,65.7181165461147,24.717345436970607,New Zealand
