"Year","ODA to the education sector as % of  total ODA","Bilateral funding","Bilateral as earmarked funding through multilaterals","Multilateral as core contributions to organizations","Bilateral","Earmarked","Multilateral"
2018,13.2307775615043,68.158892,9.313985,3.49774394608144,"84%","12%","4%"
2019,12.9736492877796,69.8933,8.177651,3.16704989496913,"86%","10%","4%"
2020,12.755547639495,65.785979,8.238158,1.73113390291508,"87%","11%","2%"
2021,9.21511271070487,50.406205,10.749373,1.9919033613762,"80%","17%","3%"
2022,6.89478657347514,30.938115,6.25416,1.94675533781168,"79%","16%","5%"
