donor,year,Bilateral as earmarked funding through multilaterals,Bilateral funding,Multilateral as core contributions to organizations,Earmarked,Bilateral,Multilateral,Sector ODA,ODA to Health & populations as % of Total ODA
New Zealand,2019,1.9693552477565348,20.504619586422162,6.1331999999999995,6.920601522222944,72.0562233167689,21.023175161008172,29.173519,4.927080630602339
New Zealand,2020,17.853531993757315,33.60248439328912,10.093899999999998,29.1239918628544,54.81483901247304,16.061169124672563,62.846607999999996,11.179820523474243
New Zealand,2021,16.089548380803745,71.97590616465082,19.26379999999999,15.057261758681793,67.35801613502638,17.584722106291828,109.54850400000002,16.914335210649465
New Zealand,2022,5.361900117050334,65.79466640655484,7.013899999999996,6.874401821668586,84.354233523118,8.771364655213416,79.96361200000003,15.519983696601523
New Zealand,2023,3.3570327740928607,36.3311792820913,8.894100000000002,6.941225479859762,75.12077608904197,17.93799843109826,49.582455,6.654398646048581
