year,ODA to Health & populations as % of Total ODA,Bilateral funding,Bilateral as earmarked funding through multilaterals,Multilateral as core contributions to organizations,Earmarked,Bilateral,Multilateral,donor
2019,4.927080630602339,20.504619586422162,1.9693552477565348,6.1331999999999995,6.920601522222944,72.0562233167689,21.023175161008172,New Zealand
2020,11.179820523474243,33.60248439328912,17.853531993757315,10.093899999999998,29.1239918628544,54.81483901247304,16.061169124672563,New Zealand
2021,16.914335210649465,71.97590616465082,16.089548380803745,19.26379999999999,15.057261758681793,67.35801613502638,17.584722106291828,New Zealand
2022,15.519983696601523,65.79466640655484,5.361900117050334,7.013899999999996,6.874401821668586,84.354233523118,8.771364655213416,New Zealand
2023,6.654398646048581,36.3311792820913,3.3570327740928607,8.894100000000002,6.941225479859762,75.12077608904197,17.93799843109826,New Zealand
