year,ODA to Health & populations as % of Total ODA,Bilateral funding,Bilateral as earmarked funding through multilaterals,Multilateral as core contributions to organizations,Earmarked,Bilateral,Multilateral,donor
2019,10.74175616303666,212.27320750121768,184.77258524111053,296.88309999999996,24.35803643451292,27.98336406690688,47.65859949858019,Norway
2020,13.938847646970736,296.290105942523,372.2579688261082,316.57200000000006,35.31700647973979,28.1097530952868,36.573240424973406,Norway
2021,17.132356610067053,400.3429870920603,341.9806344374087,312.0718000000001,30.47024631402017,35.67029298852981,33.859460697450004,Norway
2022,9.388525172632198,157.02664150024358,172.80180467608378,215.34280000000004,29.18664111109319,26.52217804633965,44.29118084256716,Norway
2023,7.78372748458044,166.0110789089139,194.1243753044325,208.08730000000017,31.640586650826926,27.058363582508953,41.301049766664114,Norway
