"Year","ODA to the education sector as % of  total ODA","Bilateral funding","Bilateral as earmarked funding through multilaterals","Multilateral as core contributions to organizations","Bilateral","Earmarked","Multilateral"
2018,9.30143622743885,160.338649,236.34587,28.4087270961791,"38%","56%","7%"
2019,8.44607554278909,161.55523,234.539438,26.3554743920443,"38%","56%","6%"
2020,8.32614403595984,155.401437,265.041172,30.5290474070149,"34%","59%","7%"
2021,8.19711452482091,148.532982,211.59932,25.1255229749628,"39%","55%","7%"
2022,5.21622888006872,123.10453,104.450532,22.8452519426452,"49%","42%","9%"
