"Year","ODA to global health as % of  total ODA","Bilateral funding","Bilateral as earmarked funding through multilaterals","Multilateral as core contributions to organizations","Bilateral","Earmarked","Multilateral"
2018,13.09984708652,120.457867,166.742112,311.487834925451,"20%","28%","52%"
2019,11.8567244738956,107.838152,173.378549,311.824992378745,"18%","29%","53%"
2020,15.0491579613851,197.82834,281.027438,336.256675503729,"24%","34%","41%"
2021,18.3957788358207,185.920322,346.647971,332.018595660503,"22%","40%","38%"
2022,10.553531513734,83.7941,176.921551,245.897012094604,"17%","35%","49%"
