"Year","ODA to global health as % of  total ODA","Bilateral funding","Bilateral as earmarked funding through multilaterals","Multilateral as core contributions to organizations","Bilateral","Earmarked","Multilateral"
2018,13.09984708652,120.457867,166.742112,311.487834925451,"20%","28%","52%"
2019,11.8566254135487,107.838152,173.378549,311.820037644745,"18%","29%","53%"
2020,14.960326987275,197.82834,281.027438,331.445294465679,"24%","35%","41%"
2021,18.190297206102,185.920322,346.647971,322.361123449027,"22%","41%","38%"
2022,10.5021698259708,83.7941,176.921551,243.431441078411,"17%","35%","48%"
