"Year","ODA to global health as % of  total ODA","Bilateral funding","Bilateral as earmarked funding through multilaterals","Multilateral as core contributions to organizations","Bilateral","Earmarked","Multilateral"
2018,13.09984708652,120.457867,166.742112,311.487834925451,"20%","28%","52%"
2019,11.8567244738956,107.838152,173.378549,311.824992378745,"18%","29%","53%"
2020,14.9606893556507,197.82834,281.027438,331.464921542261,"24%","35%","41%"
2021,18.1911432016441,185.920322,346.647971,322.400884562714,"22%","41%","38%"
2022,10.5037510508662,83.7941,176.921551,243.507346338575,"17%","35%","48%"
