"Year","ODA to the education sector as % of  total ODA","Bilateral funding","Bilateral as earmarked funding through multilaterals","Multilateral as core contributions to organizations","Bilateral","Earmarked","Multilateral"
2018,15.3108701148718,97.940871,0.082,28.9902101851343,"77%","0%","23%"
2019,20.5598840937016,145.84778,0.089158,30.3645716150523,"83%","0%","17%"
2020,19.1398668321662,135.57494,0.069674,34.3770796604318,"80%","0%","20%"
2021,17.4340411653454,NA,NA,35.0699108898673,"NA%","NA%","20%"
2022,5.30089493156612,138.024185,0.097995,48.0986378008785,"74%","0%","26%"
