"Year","ODA to global health as % of  total ODA","Bilateral funding","Bilateral as earmarked funding through multilaterals","Multilateral as core contributions to organizations","Bilateral","Earmarked","Multilateral"
2018,2.84834158099191,1.507729,0.067223,22.0537926601821,"6%","0%","93%"
2019,4.14918375673179,13.824699,0.056734,21.6979193274853,"39%","0%","61%"
2020,4.03502987700301,12.99953,0.236026,22.6080901274402,"36%","1%","63%"
2021,9.36015621010605,56.647311,0.979152,35.5286196498384,"61%","1%","38%"
2022,2.10799434605486,16.493121,0.092907,57.4679640352631,"22%","0%","78%"
