year,ODA to Health & populations as % of Total ODA,Bilateral funding,Bilateral as earmarked funding through multilaterals,Multilateral as core contributions to organizations,Earmarked,Bilateral,Multilateral,donor
2019,6.389740077818075,20.654990636704124,0.0,28.290600000000005,0.0,46.17064593645611,53.82935406354389,Poland
2020,5.7864181836050115,17.986018896833507,0.06140279196458972,28.082400000000007,0.14636647201389497,42.87345977725131,56.98017375073479,Poland
2021,14.76111635280119,81.91514725910794,0.0,44.09759999999999,0.0,68.57612489967063,31.423875100329383,Poland
2022,2.4595982103443474,13.813181818181818,0.0,70.13590000000003,0.0,18.790000781115875,81.20999921888412,Poland
2023,3.238718834665939,2.883736806264897,0.0,68.14920000000004,0.0,4.735749803591186,95.26425019640881,Poland
