year,ODA to Health & populations as % of Total ODA,Bilateral funding,Bilateral as earmarked funding through multilaterals,Multilateral as core contributions to organizations,Earmarked,Bilateral,Multilateral,donor
2019,6.466824007263089,21.19467483827034,0.0,28.290600000000005,0.0,46.81228673664559,53.187713263354404,Poland
2020,5.919418244122025,18.95026642832823,0.06140279196458972,28.082400000000007,0.14307784653877498,44.15700369886857,55.69991845459264,Poland
2021,15.440115115142335,87.40981018045626,0.0,44.09759999999999,0.0,69.95802990115348,30.041970098846516,Poland
2022,2.47667711866579,14.323643173306086,0.0,70.13590000000003,0.0,19.35001650581032,80.64998349418968,Poland
2023,3.331992669306206,4.637429349676542,0.0,68.14920000000004,0.0,7.402520952820356,92.59747904717965,Poland
