year,ODA to Health & populations as % of Total ODA,Bilateral funding,Bilateral as earmarked funding through multilaterals,Multilateral as core contributions to organizations,Earmarked,Bilateral,Multilateral,donor
2019,7.871779596165604,20.28310739596584,0.0,13.269699999999997,0.0,62.7185327750558,37.281467224944194,Portugal
2020,6.597964051724547,17.761951662729427,0.25558513538070143,11.668200000000006,0.893054517448417,62.06304270189049,37.04390278066109,Portugal
2021,15.230921210934516,47.53972651281122,0.2006541886243867,18.274699999999996,0.31184266580123393,73.88290844487705,25.80524888932172,Portugal
2022,11.09995896297862,35.81558604397601,0.12421679084135925,23.468000000000014,0.2169243724869134,62.5460815338798,37.236994093633285,Portugal
2023,8.177563107853715,16.796069416681814,0.20532436852625843,25.208799999999997,0.5145201558797077,42.08909208617547,57.39638775794482,Portugal
