"Year","ODA to the education sector as % of  total ODA","Bilateral funding","Bilateral as earmarked funding through multilaterals","Multilateral as core contributions to organizations","Bilateral","Earmarked","Multilateral"
2018,15.7897819374207,59.384244,0.964965,13.480927493606,"80%","1%","18%"
2019,17.0133905450663,67.710279,1.408045,12.9828207990022,"82%","2%","16%"
2020,14.817483241208,61.857402,1.020649,12.5523233507595,"82%","1%","17%"
2021,16.4495369019177,67.20149,1.462199,13.3076432896365,"82%","2%","16%"
2022,13.941570104278,64.23876,1.002773,16.6632559938713,"78%","1%","20%"
