"Year","ODA to agriculture as % of  total ODA","Bilateral funding","Bilateral as earmarked funding through multilaterals","Multilateral as core contributions to organizations","Bilateral","Earmarked","Multilateral"
2018,4.29431029558442,NA,NA,18.7941246293203,"NA%","NA%","94%"
2019,4.45112779840656,NA,NA,20.2487525809815,"NA%","NA%","94%"
2020,3.33919240267472,1.056109,0.034868,15.9076272071225,"6%","0%","94%"
2021,3.8381973361192,0.839257,0.034362,18.2528859653492,"4%","0%","95%"
2022,3.98921703592503,1.168735,0.033729,23.0027064741768,"5%","0%","95%"
