"Year","ODA to global health as % of  total ODA","Bilateral funding","Bilateral as earmarked funding through multilaterals","Multilateral as core contributions to organizations","Bilateral","Earmarked","Multilateral"
2018,3.98335680098308,8.557649,0.11182,9.95597988111074,"46%","1%","53%"
2019,4.74356887902457,13.160897,0.034661,9.69537807586488,"57%","0%","42%"
2020,4.05039144289747,11.581425,0.394354,8.6432787597685,"56%","2%","42%"
2021,10.6304496571835,21.152958,16.515552,15.3051467316768,"40%","31%","29%"
2022,8.41835808344574,15.255919,13.383487,20.8172791037746,"31%","27%","42%"
