"Year","ODA to global health as % of  total ODA","Bilateral funding","Bilateral as earmarked funding through multilaterals","Multilateral as core contributions to organizations","Bilateral","Earmarked","Multilateral"
2018,3.98335680098308,8.557649,0.11182,9.95597988111074,"46%","1%","53%"
2019,4.74356887902457,13.160897,0.034661,9.69537807586488,"57%","0%","42%"
2020,3.95600855987121,11.581425,0.394354,8.16281010776586,"58%","2%","41%"
2021,10.0450822956004,21.152958,16.515552,12.3881440954361,"42%","33%","25%"
2022,7.77708553363769,15.255919,13.383487,17.0498918951077,"33%","29%","37%"
