year,ODA to Health & populations as % of Total ODA,Bilateral funding,Bilateral as earmarked funding through multilaterals,Multilateral as core contributions to organizations,Earmarked,Bilateral,Multilateral,donor
2019,2.848350584404236,0.014377062338357265,0.0,2.579600000000002,0.0,0.6210605839379497,99.37893941606205,Slovenia
2020,4.250766711323026,1.0850156068848655,0.06152412378489255,2.646300000000001,1.7545394546931963,30.942377950693224,67.30308259461358,Slovenia
2021,12.299233045091729,8.530466422901988,0.0,3.9666000000000006,0.0,70.68685258116209,29.31314741883793,Slovenia
2022,6.006320094842917,3.489229465798627,0.050645679122447156,6.163399999999999,0.5604548932945754,38.61248899844878,60.82705610825664,Slovenia
2023,5.2087383636536755,0.25756532596093823,0.0,7.3138,0.0,3.798801674372794,96.2011983256272,Slovenia
