donor,year,Bilateral as earmarked funding through multilaterals,Bilateral funding,Multilateral as core contributions to organizations,Earmarked,Bilateral,Multilateral,Sector ODA,ODA to Health & populations as % of Total ODA
Slovak Republic,2019,0.49871829344805957,0.6083714260105764,4.501600000000001,9.699169220364036,11.831724416833135,78.46910636280282,5.736780000000001,4.682184556201784
Slovak Republic,2020,0.22820292193241912,1.8927901765707607,4.668,3.619445717554553,30.020874583048517,66.35967969939693,7.034391999999998,4.905627103238405
Slovak Republic,2021,0.15196827104060234,15.00800215111589,6.942599999999999,0.710709611801424,70.18788402142654,29.101406366772032,23.856578999999996,16.06655321936791
Slovak Republic,2022,0.0,23.412010397060136,9.745199999999997,0.0,72.82884783853667,27.17115216146331,35.86597999999999,20.857164456850427
Slovak Republic,2023,0.0,12.849792058797167,10.466999999999997,0.0,57.80033255773083,42.19966744226916,24.803512999999995,15.766018462774369
