"Year","ODA to global health as % of  total ODA","Bilateral funding","Bilateral as earmarked funding through multilaterals","Multilateral as core contributions to organizations","Bilateral","Earmarked","Multilateral"
2018,4.08403601183752,1.627623,0.127038,4.30094711302486,"27%","2%","71%"
2019,3.70335576306605,0.636205,0.582125,3.52877136691235,"13%","12%","74%"
2020,4.12889713407798,2.116802,0.266369,3.8109558058768,"34%","4%","62%"
2021,12.3892517614284,5.279116,8.031725,5.93586161137907,"27%","42%","31%"
2022,14.4744256820673,11.131928,6.510433,8.43615009032734,"43%","25%","32%"
