donor,year,Bilateral as earmarked funding through multilaterals,Bilateral funding,Multilateral as core contributions to organizations,Earmarked,Bilateral,Multilateral,Sector ODA,ODA to Health & populations as % of Total ODA
Slovenia,2019,0.0,0.17770890930170335,2.579600000000002,0.0,7.1707333749570354,92.82926662504296,2.778865000000002,3.049319147447078
Slovenia,2020,0.06152412378489255,1.2182359760991708,2.646300000000001,1.6903213318321757,33.46996480283831,64.83971386532953,4.081295000000001,4.412260418927954
Slovenia,2021,0.0,15.15902434674039,3.9666000000000006,0.0,81.07936620599078,18.920633794009227,20.964413999999998,19.054817894291148
Slovenia,2022,0.050645679122447156,6.054856862570231,6.163399999999999,0.4365194665436796,52.187332334063576,47.376148199392745,13.0095,7.71161825726141
Slovenia,2023,0.0,1.012920717024882,7.3138,0.0,13.441933500189595,86.5580664998104,8.449588,5.78902570968643
