"Year","ODA to global health as % of  total ODA","Bilateral funding","Bilateral as earmarked funding through multilaterals","Multilateral as core contributions to organizations","Bilateral","Earmarked","Multilateral"
2018,2.64861573358139,0.178038,0.031412,2.1453650403981,"8%","1%","91%"
2019,2.31415074647376,0.179858,0.030718,2.0180360056206,"8%","1%","91%"
2020,3.11310486849126,0.815256,0.072805,2.1509191916269,"27%","2%","71%"
2021,13.9579417242343,5.260382,7.639674,3.31767648938786,"32%","47%","20%"
2022,6.12521970268541,2.696656,2.50202,5.38466156261237,"25%","24%","51%"
