"Year","ODA to global health as % of  total ODA","Bilateral funding","Bilateral as earmarked funding through multilaterals","Multilateral as core contributions to organizations","Bilateral","Earmarked","Multilateral"
2018,4.08403601183752,1.627623,0.127038,4.30094711302486,"27%","2%","71%"
2019,3.70335576306605,0.636205,0.582125,3.52877136691235,"13%","12%","74%"
2020,3.99013874422024,2.116802,0.266369,3.60279197077799,"35%","4%","60%"
2021,11.6528993841257,5.279116,8.031725,4.7919381932392,"29%","44%","26%"
2022,13.5633753495848,11.131928,6.510433,6.7947145873679,"46%","27%","28%"
