"Year","ODA to global health as % of  total ODA","Bilateral funding","Bilateral as earmarked funding through multilaterals","Multilateral as core contributions to organizations","Bilateral","Earmarked","Multilateral"
2018,2.64861573358139,0.178038,0.031412,2.1453650403981,"8%","1%","91%"
2019,2.31415074647376,0.179858,0.030718,2.0180360056206,"8%","1%","91%"
2020,2.9888445252985,0.815256,0.072805,2.02961755306355,"28%","2%","70%"
2021,13.3619626209783,5.260382,7.639674,2.62520836931472,"34%","49%","17%"
2022,5.5232479425951,2.696656,2.50202,4.34455677463187,"28%","26%","46%"
