year,ODA to Health & populations as % of Total ODA,Bilateral funding,Bilateral as earmarked funding through multilaterals,Multilateral as core contributions to organizations,Earmarked,Bilateral,Multilateral,donor
2019,3.049319147447078,0.17770890930170335,0.0,2.579600000000002,0.0,7.1707333749570354,92.82926662504296,Slovenia
2020,4.412260418927954,1.2182359760991708,0.06152412378489255,2.646300000000001,1.6903213318321757,33.46996480283831,64.83971386532953,Slovenia
2021,19.054817894291148,15.15902434674039,0.0,3.9666000000000006,0.0,81.07936620599078,18.920633794009227,Slovenia
2022,7.71161825726141,6.054856862570231,0.050645679122447156,6.163399999999999,0.4365194665436796,52.187332334063576,47.376148199392745,Slovenia
2023,5.78902570968643,1.012920717024882,0.0,7.3138,0.0,13.441933500189595,86.5580664998104,Slovenia
