"Year","ODA to global health as % of  total ODA","Bilateral funding","Bilateral as earmarked funding through multilaterals","Multilateral as core contributions to organizations","Bilateral","Earmarked","Multilateral"
2018,4.38177326132263,54.810897,2.671066,79.858724208169,"40%","2%","58%"
2019,3.85810486962443,49.779233,3.11614,73.1703602184384,"39%","2%","58%"
2020,5.87554090004484,87.279387,11.797348,90.5129818267156,"46%","6%","48%"
2021,15.8551140246002,84.848227,372.82706,131.920910675795,"14%","63%","22%"
2022,10.5368261460539,101.948422,192.042142,194.692943148244,"21%","39%","40%"
