year,ODA to Health & populations as % of Total ODA,Bilateral funding,Bilateral as earmarked funding through multilaterals,Multilateral as core contributions to organizations,Earmarked,Bilateral,Multilateral,donor
2019,4.6987455177041,43.99499492947358,1.6191389324237115,93.08000000000001,1.2319787732753817,33.47513841961383,65.2928828071108,Spain
2020,6.7758537264893555,79.86754217756074,7.146442334285976,108.80180000000004,3.8151009409025347,42.63698229919722,53.54791675990024,Spain
2021,16.65260485954311,72.02462339817451,319.878040011063,148.39090000000004,60.502029686881585,13.622804187721393,25.87516612539702,Spain
2022,11.017177933865538,80.92099658891857,168.40666359362032,205.1284000000002,38.41056588376583,18.456640637208093,43.132793479026084,Spain
2023,8.403939216902435,68.28407854706371,13.270750437909097,215.09139999999988,4.742084324833451,24.400191988294626,70.85772368687192,Spain
