"Year","ODA to global health as % of  total ODA","Bilateral funding","Bilateral as earmarked funding through multilaterals","Multilateral as core contributions to organizations","Bilateral","Earmarked","Multilateral"
2018,4.38177326132263,54.810897,2.671066,79.858724208169,"40%","2%","58%"
2019,3.85810486962443,49.779233,3.11614,73.1703602184384,"39%","2%","58%"
2020,5.7742502317636,87.279387,11.797348,87.2445731059996,"47%","6%","47%"
2021,15.438527763802,84.848227,372.82706,116.429525688623,"15%","65%","20%"
2022,10.053614020074,101.948422,192.042142,172.282229224786,"22%","41%","37%"
