donor,year,Bilateral as earmarked funding through multilaterals,Bilateral funding,Multilateral as core contributions to organizations,Earmarked,Bilateral,Multilateral,Sector ODA,ODA to Health & populations as % of Total ODA
Spain,2019,1.6191389324237115,43.99499492947358,93.08000000000001,1.2319787732753817,33.47513841961383,65.2928828071108,142.557651,4.6987455177041
Spain,2020,7.146442334285976,79.86754217756074,108.80180000000004,3.8151009409025347,42.63698229919722,53.54791675990024,203.18586900000017,6.7758537264893555
Spain,2021,319.878040011063,72.02462339817451,148.39090000000004,60.502029686881585,13.622804187721393,25.87516612539702,573.487719,16.65260485954311
Spain,2022,168.40666359362032,80.92099658891857,205.1284000000002,38.41056588376583,18.456640637208093,43.132793479026084,475.5741130000001,11.017177933865538
Spain,2023,13.270750437909097,68.28407854706371,215.09139999999988,4.742084324833451,24.400191988294626,70.85772368687192,303.5539229999999,8.403939216902435
