"Year","ODA to global health as % of  total ODA","Bilateral funding","Bilateral as earmarked funding through multilaterals","Multilateral as core contributions to organizations","Bilateral","Earmarked","Multilateral"
2018,8.67957917468875,143.293119,125.150029,311.431685547613,"25%","22%","54%"
2019,9.1418538913917,153.120322,130.171301,276.067201754146,"27%","23%","49%"
2020,9.13838911816108,138.051017,236.025469,272.459557565106,"21%","37%","42%"
2021,11.4412584644848,172.0781,249.301084,262.125029045862,"25%","36%","38%"
2022,9.31470621034366,134.978665,170.71997,264.579220096526,"24%","30%","46%"
