"Year","ODA to global health as % of  total ODA","Bilateral funding","Bilateral as earmarked funding through multilaterals","Multilateral as core contributions to organizations","Bilateral","Earmarked","Multilateral"
2018,8.67957917468875,143.293119,125.150029,311.431685547613,"25%","22%","54%"
2019,9.1418538913917,153.120322,130.171301,276.067201754146,"27%","23%","49%"
2020,9.05463309026631,138.051017,236.025469,266.533864294703,"22%","37%","42%"
2021,11.3128182505887,172.0781,249.301084,254.451972135646,"25%","37%","38%"
2022,9.14362353263521,134.978665,170.71997,254.104959257316,"24%","30%","45%"
