year,ODA to Health & populations as % of Total ODA,Bilateral funding,Bilateral as earmarked funding through multilaterals,Multilateral as core contributions to organizations,Earmarked,Bilateral,Multilateral,donor
2019,7.171848731237373,90.49101868415826,44.68495130192804,256.80379999999985,11.446016707473495,23.179206456704392,65.37477683582212,Sweden
2020,6.710595170737487,75.17775094414627,96.42950308089841,252.3739,22.827545044694418,17.79666431130103,59.37579064400455,Sweden
2021,8.112009377025817,90.28808884913532,101.3235937189425,242.82640000000006,23.40351183064511,20.854553988762028,55.74193418059286,Sweden
2022,6.874879948696956,69.23006658715967,66.4921536473862,242.9393000000001,17.629479965267617,18.35539992229522,64.01512011243716,Sweden
2023,8.098789862639842,81.66758000397536,75.39941860465117,287.2863,17.036217336634035,18.452485019809508,64.51129764355646,Sweden
