year,ODA to Health & populations as % of Total ODA,Bilateral funding,Bilateral as earmarked funding through multilaterals,Multilateral as core contributions to organizations,Earmarked,Bilateral,Multilateral,donor
2019,9.779977785971287,232.4637278870999,44.68495130192804,256.80379999999985,8.39358761315049,43.66581164464106,47.94060074220845,Sweden
2020,9.624124577216756,258.58187040349827,96.42950308089841,252.3739,15.916919228098717,42.682235348763,41.400845423138286,Sweden
2021,11.68355243939959,280.9030570463128,101.3235937189425,242.82640000000006,16.24929647127805,45.048511270682816,38.70219225803915,Sweden
2022,9.477939164586408,212.03717551182675,66.4921536473862,242.9393000000001,12.787648898616025,40.778600258288535,46.433750843095446,Sweden
2023,9.943481368560814,182.47637944742652,75.39941860465117,287.2863,13.875697972332055,33.58099008128108,52.54331194638686,Sweden
