"Year","ODA to global health as % of  total ODA","Bilateral funding","Bilateral as earmarked funding through multilaterals","Multilateral as core contributions to organizations","Bilateral","Earmarked","Multilateral"
2018,8.67957917468875,143.293119,125.150029,311.431685547613,"25%","22%","54%"
2019,9.14171784734001,153.120322,130.171301,276.058877683146,"27%","23%","49%"
2020,9.05419960074408,138.051017,236.025469,266.503195147547,"22%","37%","42%"
2021,11.3117010284545,172.0781,249.301084,254.385228950178,"25%","37%","38%"
2022,9.13410168548264,134.978665,170.71997,253.521999532328,"24%","31%","45%"
