"Year","ODA to global health as % of  total ODA","Bilateral funding","Bilateral as earmarked funding through multilaterals","Multilateral as core contributions to organizations","Bilateral","Earmarked","Multilateral"
2018,6.29601174238397,105.719321,30.328486,75.5882772390834,"50%","14%","36%"
2019,6.25037349051051,114.66002,32.279662,72.0694548089387,"52%","15%","33%"
2020,9.24936411134628,180.706468,93.984143,85.7178099984093,"50%","26%","24%"
2021,13.8829299330089,213.213302,246.339481,89.7780949332412,"39%","45%","16%"
2022,6.523033358228,157.468006,64.108929,82.8812164205745,"52%","21%","27%"
