year,ODA to Health & populations as % of Total ODA,Bilateral funding,Bilateral as earmarked funding through multilaterals,Multilateral as core contributions to organizations,Earmarked,Bilateral,Multilateral,donor
2019,6.882087614612683,130.35662756052153,19.63591527001863,76.14130000000002,8.889550413057329,59.01491203441596,32.09553755252671,Switzerland
2020,9.784999813040267,232.28408286778432,32.522460893854756,90.52770000000005,9.316173607778778,66.53859464641086,24.145231745810367,Switzerland
2021,15.603557916412132,459.70973743016714,16.47708100558659,94.65579999999994,2.919807956911755,81.46249622510918,15.61769581797907,Switzerland
2022,6.8324052611241886,197.98255493482282,14.987765363128489,87.779,5.085749123617685,67.1807691711282,27.73348170525412,Switzerland
2023,6.178963752317305,165.27018994413334,25.496202048417132,97.30799999999998,9.061458311289497,58.73772624776619,32.20081544094431,Switzerland
