"Year","ODA to global health as % of  total ODA","Bilateral funding","Bilateral as earmarked funding through multilaterals","Multilateral as core contributions to organizations","Bilateral","Earmarked","Multilateral"
2018,6.29601174238397,105.719321,30.328486,75.5882772390834,"50%","14%","36%"
2019,6.25037349051051,114.66002,32.279662,72.0694548089387,"52%","15%","33%"
2020,9.1206953995337,180.706468,93.984143,80.7041369828356,"51%","26%","23%"
2021,13.5985582360879,213.213302,246.339481,78.5258481321159,"40%","46%","15%"
2022,6.47159101546073,157.468006,64.108929,80.4801800125802,"52%","21%","27%"
