"Year","ODA to global health as % of  total ODA","Bilateral funding","Bilateral as earmarked funding through multilaterals","Multilateral as core contributions to organizations","Bilateral","Earmarked","Multilateral"
2018,6.29601174238397,105.719321,30.328486,75.5882772390834,"50%","14%","36%"
2019,6.2501716912086,114.66002,32.279662,72.0623838889387,"52%","15%","33%"
2020,9.11997410308891,180.706468,93.984143,80.6760311250048,"51%","26%","23%"
2021,13.5964342585532,213.213302,246.339481,78.4418048898404,"40%","46%","15%"
2022,6.42707291267135,157.468006,64.108929,80.3675050936923,"52%","21%","27%"
