donor,year,Bilateral as earmarked funding through multilaterals,Bilateral funding,Multilateral as core contributions to organizations,Earmarked,Bilateral,Multilateral,Sector ODA,ODA to Health & populations as % of Total ODA
Switzerland,2019,19.63591527001863,130.35662756052153,76.14130000000002,8.889550413057329,59.01491203441596,32.09553755252671,237.23329100000018,6.882087614612683
Switzerland,2020,32.522460893854756,232.28408286778432,90.52770000000005,9.316173607778778,66.53859464641086,24.145231745810367,374.9299280000004,9.784999813040267
Switzerland,2021,16.47708100558659,459.70973743016714,94.65579999999994,2.919807956911755,81.46249622510918,15.61769581797907,606.0804429999995,15.603557916412132
Switzerland,2022,14.987765363128489,197.98255493482282,87.779,5.085749123617685,67.1807691711282,27.73348170525412,316.5091239999997,6.8324052611241886
Switzerland,2023,25.496202048417132,165.27018994413334,97.30799999999998,9.061458311289497,58.73772624776619,32.20081544094431,302.1911049999992,6.178963752317305
