donor,year,Bilateral as earmarked funding through multilaterals,Bilateral funding,Multilateral as core contributions to organizations,Earmarked,Bilateral,Multilateral,Sector ODA,ODA to Health & populations as % of Total ODA
United States,2019,584.8441374325369,8054.91140805703,1837.7298999999998,5.617618615330108,77.37005019727269,17.0123311873972,10802.340253999975,28.251037846879512
United States,2020,297.97283442559757,11158.048691210473,3046.7618000000007,2.070351875855426,77.52749368332775,20.402154440816823,14933.529734999987,37.0169397274112
United States,2021,265.7922417116421,10017.012803585136,7078.051700000001,1.5539438346437808,58.56406939283936,39.88198677251687,17747.490214999936,34.36146687262882
United States,2022,324.919480531997,16788.549347532815,4333.3619,1.5261743679551587,78.85724071515524,19.61658491688961,22090.297156000048,36.095675547869995
United States,2023,326.50417212798783,8180.169449691606,1436.2297999999998,3.301070233645414,82.7043455541738,13.9945842121808,10262.75435000001,16.357675707858522
