"Year","ODA to global health as % of  total ODA","Bilateral funding","Bilateral as earmarked funding through multilaterals","Multilateral as core contributions to organizations","Bilateral","Earmarked","Multilateral"
2018,14.713722200425,1414.706473,604.137503,1217.10699746577,"44%","19%","38%"
2019,14.2974720793562,1427.874188,711.843551,1073.48790548876,"44%","22%","33%"
2020,16.0353055547431,1700.392708,511.200378,1147.34555351928,"51%","15%","34%"
2021,14.9674491692075,1139.23561,231.999899,1096.88937527773,"46%","9%","44%"
2022,12.1571120877572,987.765052,293.497875,776.901587152344,"48%","14%","38%"
