year,ODA to Health & populations as % of Total ODA,Bilateral funding,Bilateral as earmarked funding through multilaterals,Multilateral as core contributions to organizations,Earmarked,Bilateral,Multilateral,donor
2019,20.838921359562196,5323.445913646842,584.8441374325369,1837.7298999999998,7.615727962724072,69.32088963153205,23.063382405743873,United States
2020,29.590950262902734,8270.785827872009,297.97283442559757,3046.7618000000007,2.589916509006196,71.88791152506496,25.522171965928848,United States
2021,27.484679654681482,6593.9026590208305,265.7922417116421,7078.051700000001,1.9427473875229664,48.19661808748857,49.860634524988455,United States
2022,29.354204112498724,12812.322811295318,324.919480531997,4333.3619,1.876674789207755,74.0016054801661,24.121719730626147,United States
2023,10.784887795179538,4810.518689282954,326.50417212798783,1436.2297999999998,5.0068055779839975,73.7673018066576,21.2258926153584,United States
