year,ODA to Health & populations as % of Total ODA,Bilateral funding,Bilateral as earmarked funding through multilaterals,Multilateral as core contributions to organizations,Earmarked,Bilateral,Multilateral,donor
2019,16.103351575903375,1743.009171674214,302.45007858001287,1154.1112,9.717579797515873,56.00207079815763,34.280349404326486,United Kingdom
2020,18.31220253427878,1931.552607007497,296.48205879633923,1187.1724999999992,8.915303319922637,58.082358979058036,33.002337701019336,United Kingdom
2021,18.143980553196872,1426.6296089488742,83.57106868817598,1185.9648999999997,3.206144878690144,54.73163483867598,42.06222028263387,United Kingdom
2022,13.969856124288729,1182.213937320888,113.88624664879359,820.2605000000003,5.543509429847662,57.545263826684355,36.911226743467985,United Kingdom
2023,16.96243248687939,852.1028778774169,108.4911750023112,1918.1082000000004,3.9684697380189347,31.168843774282426,64.86268648769862,United Kingdom
