"Year","ODA to global health as % of  total ODA","Bilateral funding","Bilateral as earmarked funding through multilaterals","Multilateral as core contributions to organizations","Bilateral","Earmarked","Multilateral"
2018,29.1894297553766,8892.474868,368.966075,1596.38106520692,"82%","3%","15%"
2019,24.0110716394893,6322.406577,593.119165,1652.71008700517,"74%","7%","19%"
2020,28.9924459978224,7741.150939,437.619745,2738.39376188217,"71%","4%","25%"
2021,30.2084522826017,7730.06509,505.66176,6340.44346202007,"53%","3%","43%"
2022,27.5394134279516,10866.262171,1007.127752,3891.45941473647,"69%","6%","25%"
