"Year","ODA to global health as % of  total ODA","Bilateral funding","Bilateral as earmarked funding through multilaterals","Multilateral as core contributions to organizations","Bilateral","Earmarked","Multilateral"
2018,29.1894297553766,8892.474868,368.966075,1596.38106520692,"82%","3%","15%"
2019,24.0114666978643,6322.406577,593.119165,1652.85106169275,"74%","7%","19%"
2020,28.9984976857466,7741.150939,437.619745,2740.67253726557,"71%","4%","25%"
2021,30.2751694926048,7730.06509,505.66176,6372.63582350386,"53%","3%","44%"
2022,30.2482391943261,10866.262171,1007.127752,3913.1211802719,"69%","6%","25%"
