"Year","ODA to agriculture as % of  total ODA","Bilateral funding","Bilateral as earmarked funding through multilaterals","Multilateral as core contributions to organizations","Bilateral","Earmarked","Multilateral"
2018,5.34646246249719,446.219339,112.913214,616.701146620631,"38%","10%","52%"
2019,4.21788974559056,487.151893,137.446338,323.327882311433,"51%","14%","34%"
2020,4.6778082081557,328.549117,110.162764,541.155367864928,"34%","11%","55%"
2021,4.54088525386355,303.668093,46.479812,398.641802919473,"41%","6%","53%"
2022,3.83276765602761,204.503058,70.892053,373.481556722011,"32%","11%","58%"
