"Year","ODA to global health as % of  total ODA","Bilateral funding","Bilateral as earmarked funding through multilaterals","Multilateral as core contributions to organizations","Bilateral","Earmarked","Multilateral"
2018,14.713722200425,1414.706473,604.137503,1217.10699746577,"44%","19%","38%"
2019,14.2975591657663,1427.874188,711.843551,1073.50747723843,"44%","22%","33%"
2020,16.0637558295884,1700.392708,511.200378,1153.30507372653,"51%","15%","34%"
2021,15.0806816910063,1139.23561,231.999899,1115.56136150609,"46%","9%","45%"
2022,12.2877669268352,987.765052,293.497875,792.515076005703,"48%","14%","38%"
