"","Year","FLN"
"1","2017",0.438522
"2","2018",0.235309
"3","2019",0.814631
"4","2020",1.258792
"5","2021",1.173174
