"","Year","FLN"
"1","2017",4.90741
"2","2018",4.129005
"3","2019",4.371854
"4","2020",9.287256
"5","2021",8.354052
