"","Year","FLN"
"1","2017",373.056595
"2","2018",449.467397
"3","2019",462.588267
"4","2020",364.533264
"5","2021",307.61322
