"","Year","FLN"
"1","2017",44.373082
"2","2018",139.53869
"3","2019",171.212043
"4","2020",144.970075
"5","2021",97.875346
