"","Year","BilateralODA","BilateralODA_Share"
"1",2017,461.88,27.5425320667633
"2",2018,447.38,26.1608902351311
"3",2019,396.76,22.8028230534035
"4",2020,411.58,18.58887503839
"5",2021,359.75,19.5310379274026
