"","Year","BilateralODA","BilateralODA_Share"
"1",2017,297.14,5.7136923636042
"2",2018,226.06,4.46315224194131
"3",2019,209.54,4.36338042246951
"4",2020,193.16,4.05532508103932
"5",2021,190.85,3.30368641896664
