"","Year","BilateralODA","BilateralODA_Share"
"1",2017,27.49,4.88190374711419
"2",2018,28.73,4.65346053548001
"3",2019,18.75,3.31652958344388
"4",2020,17.67,2.69285866682922
"5",2021,28.14,4.62342271293375
