"","Year","BilateralODA","BilateralODA_Share"
"1",2017,162.57,7.73020137419462
"2",2018,182.77,8.32828298937833
"3",2019,146.95,6.10085191889334
"4",2020,86.1,4.35759618596459
"5",2021,65.59,4.40038911811076
