"","DonorType","Funding_2021","Share"
"1","DAC",4303.63,42.9722713157396
"2","MDBs",4910.87,49.0356369010175
"3","NON-DAC",296.58,2.96138753257646
"4","Other multilaterals",396.77,3.96179692258535
"5","Private Donors",107.05,1.06890732808116
