"","Year","% of Total ODA","ODA for WASH"
"1",2017,3.71917804257549,11124.14
"2",2018,4.00742392422495,12146.98
"3",2019,3.99719920011209,12203.96
"4",2020,2.99390201873722,10719.95
"5",2021,2.83265045929418,10014.9
