"","Year","DAC_WASH_1721","Percent_WASH"
"1",2017,5410.61,3.52180411642722
"2",2018,5390.44,3.62364104385686
"3",2019,5053.48,3.42599522724807
"4",2020,4456.05,2.76112354408289
"5",2021,4266.93,2.54714367504958
