"","Year","BilateralODA","BilateralODA_Share"
"1",2017,673.81,30.7540986599481
"2",2018,636.73,33.4216907943773
"3",2019,537.99,29.0885595488486
"4",2020,399.93,19.1993432675321
"5",2021,435.53,20.4650004463929
