"","Year","BilateralODA","BilateralODA_Share"
"1",2017,536.74,13.191961048888
"2",2018,574.44,14.9013605883345
"3",2019,574.18,15.1638716492803
"4",2020,535.7,12.849850800687
"5",2021,488.2,11.8497158932312
