"Year","Bilateral funding","Bilateral as earmarked funding through multilaterals","Multilateral as core contributions to organizations","Bilateral","Earmarked","Multilateral"
"2018",1286.419628,695.751996,834.64137,"46%","25%","30%"
"2019",1266.974305,765.147277,876.835856,"44%","26%","30%"
"2020",1088.306633,749.131667,1021.406129,"38%","26%","36%"
"2021",1169.25,885.21,907.73,"39%","30%","31%"
"2022",1460.511676,677.808015,787.324843,"50%","23%","27%"
