Year,Bilateral funding,Bilateral as earmarked funding through multilaterals,Multilateral as core contributions to organizations,Bilateral,Earmarked,Multilateral
2019,373.023791,97.02931,811.925922,29%,8%,63%
2020,403.376659,160.051688,753.614294,31%,12%,57%
2021,490.15301999999997,184.712031,733.436619,35%,13%,52%
2022,907.5699999999999,186.95,767.34,49%,10%,41%
2023,0.0,0.0,0.0,0%,0%,0%
