"Year","Bilateral ODA for Development Priorities","Contributions to EU Institutions","In-donor Refugee Costs"
"2018",447.795909,402.787661,65.69375
"2019",456.258476,402.787661,33.938041
"2020",561.229615,402.787661,32.646358
"2021",645.65,402.787661,63.12
"2022",750.908395,402.787661,401.048571
