Year,Bilateral funding,Bilateral as earmarked funding through multilaterals,Multilateral as core contributions to organizations,Bilateral,Earmarked,Multilateral
2019,368.13086,94.904202,811.905189,29%,7%,64%
2020,399.995356,109.04457,753.604378,32%,9%,60%
2021,483.50567200000006,156.325043,733.436619,35%,11%,53%
2022,895.75,183.97,767.34,48%,10%,42%
2023,931.744945,0.0,839.107858,53%,0%,47%
