Year,Bilateral funding,Multilateral as core contributions to organizations,Bilateral,Multilateral
2019,463.035062,811.905189,36%,64%
2020,509.039926,753.604378,40%,60%
2021,639.830715,733.436619,47%,53%
2022,1079.72,767.34,58%,42%
2023,931.744945,839.107858,53%,47%
