"Year","ODA to global health as % of  total ODA","Bilateral funding","Bilateral as earmarked funding through multilaterals","Multilateral as core contributions to organizations","Bilateral","Earmarked","Multilateral"
2017,"9%",131.688024,13.38411,89.5205866913725,"56%","6%","38%"
2018,"9%",118.127227,9.656358,87.1835741486439,"55%","4%","41%"
2019,"8%",120.36468,5.861373,77.8075735656405,"59%","3%","38%"
2020,"8%",122.258726,9.047605,76.505022579834,"59%","4%","37%"
2021,"9%",143.917035,18.194478,88.3006528392842,"57%","7%","35%"
