Year,Bilateral funding,Bilateral as earmarked funding through multilaterals,Multilateral as core contributions to organizations,Bilateral,Earmarked,Multilateral
2019,1027.3163120000002,154.233004,1085.98137,45%,7%,48%
2020,985.1979350000001,182.882805,1194.666295,42%,8%,51%
2021,1078.433537,192.776174,1191.705547,44%,8%,48%
2022,1078.5700000000002,229.33,1348.63,41%,9%,51%
2023,1309.298809,0.0,1333.505072,50%,0%,50%
