Year,Bilateral funding,Bilateral as earmarked funding through multilaterals,Multilateral as core contributions to organizations,Bilateral,Earmarked,Multilateral
2019,1043.812601,154.233004,1117.044863,45%,7%,48%
2020,1002.679676,182.882805,1225.234137,42%,8%,51%
2021,1097.3796909999999,192.776174,1221.499598,44%,8%,49%
2022,1083.76,229.33,1376.77,40%,9%,51%
2023,0.0,0.0,0.0,0%,0%,0%
