"Year","Bilateral ODA for Development Priorities","Contributions to EU Institutions","In-donor Refugee Costs"
"2018",1162.533762,658.856491,260.478643
"2019",1102.131646,679.508409,152.173063
"2020",1096.731816,704.338471,143.401194
"2021",1101.33,708.16,250.67
"2022",1216.991463,825.97437,262.061286
