Year,Bilateral funding,Multilateral as core contributions to organizations,Bilateral,Multilateral
2019,1181.549316,1085.98137,52%,48%
2020,1168.08074,1194.666295,49%,51%
2021,1271.209711,1191.705547,52%,48%
2022,1307.9,1348.63,49%,51%
2023,1309.298809,1333.505072,50%,50%
