"Year","Bilateral ODA for Development Priorities","Contributions to EU Institutions","In-donor Refugee Costs"
"2018",1162.533762,658.856491,260.478643
"2019",1102.131646,658.856491,152.173063
"2020",1096.731816,658.856491,143.401194
"2021",1101.33,658.856491,250.67
"2022",1216.991463,658.856491,262.061286
