"Year","ODA for Deveopment Priorities","Contributions to EU Institutions","In-donor Refugee Costs"
"2018",1582.069506,658.856491,260.478643
"2019",1605.008044,679.508409,152.173063
"2020",1690.437965,704.338471,143.401194
"2021",1690.35,708.16,250.67
"2022",1746.169474,825.97437,262.061286
