Year,Bilateral funding,Multilateral as core contributions to organizations,Bilateral,Multilateral
2019,1908.459344,845.260198,69%,31%
2020,1745.115718,979.960742,64%,36%
2021,1933.75999,871.588427,69%,31%
2022,2013.43,757.48,73%,27%
2023,2122.259467,925.386593,70%,30%
