"Year","Bilateral ODA for Development Priorities","Contributions to EU Institutions","In-donor Refugee Costs"
"2018",1850.695817,330.583025,71.857038
"2019",1904.967914,342.703231,60.361929
"2020",1742.781092,369.230473,61.3513
"2021",1943.02,365.93,63.2
"2022",1702.038546,388.106618,470.882896
