Year,Bilateral funding,Bilateral as earmarked funding through multilaterals,Multilateral as core contributions to organizations,Bilateral,Earmarked,Multilateral
2019,1186.5541010000002,721.905243,845.260198,43%,26%,31%
2020,1035.889788,709.22593,979.960742,38%,26%,36%
2021,1098.3404850000002,835.419505,871.588427,39%,30%,31%
2022,1380.35,633.08,757.48,50%,23%,27%
2023,2122.259467,0.0,925.386593,70%,0%,30%
