"Year","ODA to global health as % of  total ODA","Bilateral funding","Bilateral as earmarked funding through multilaterals","Multilateral as core contributions to organizations","Bilateral","Earmarked","Multilateral"
2017,"7%",82.304025,45.667165,65.7349778793873,"42%","24%","34%"
2018,"8%",73.68373,67.694111,85.430275423522,"32%","30%","38%"
2019,"7%",59.164733,55.096128,81.5325859411933,"30%","28%","42%"
2020,"6%",70.871418,37.708553,71.482464632316,"39%","21%","40%"
2021,"9%",68.744493,124.796166,67.5682876909796,"26%","48%","26%"
