"Year","Bilateral funding","Bilateral as earmarked funding  through multilaterals","Multilateral as core contributions  to organizations","Bilateral","Earmarked","Multilateral"
"2017",1350.45692,673.735178,821.474333,"47%","24%","29%"
"2018",1286.419628,695.751996,834.64137,"46%","25%","30%"
"2019",1266.974305,765.147277,876.835856,"44%","26%","30%"
"2020",1088.306633,749.131667,1021.406129,"38%","26%","36%"
"2021",1169.25,885.21,907.73,"39%","30%","31%"
