Year,Bilateral funding,Bilateral as earmarked funding through multilaterals,Multilateral as core contributions to organizations,Bilateral,Earmarked,Multilateral
2019,1221.81686,737.87593,845.583709,44%,26%,30%
2020,1046.084866,720.068477,981.779824,38%,26%,36%
2021,1122.955713,850.16175,871.790113,39%,30%,31%
2022,1406.41,652.7,758.16,50%,23%,27%
2023,0.0,0.0,0.0,0%,0%,0%
