Year,Bilateral funding,Bilateral as earmarked funding through multilaterals,Multilateral as core contributions to organizations,Bilateral,Earmarked,Multilateral
2019,420.227833,201.144793,563.014217,35%,17%,48%
2020,438.77031400000004,213.930583,618.284422,35%,17%,49%
2021,427.604467,232.192665,745.391119,30%,17%,53%
2022,795.1899999999999,241.39,596.12,49%,15%,37%
2023,0.0,0.0,0.0,0%,0%,0%
