"Year","ODA to global health as % of  total ODA","Bilateral funding","Bilateral as earmarked funding through multilaterals","Multilateral as core contributions to organizations","Bilateral","Earmarked","Multilateral"
2017,"5%",14.049461,7.335624,39.0337693784232,"23%","12%","65%"
2018,"6%",15.008356,7.453613,36.1162619236149,"26%","13%","62%"
2019,"4%",14.775504,7.980389,31.1461576134622,"27%","15%","58%"
2020,"6%",20.470129,20.060939,43.0494945619051,"24%","24%","52%"
2021,"6%",12.766758,32.815547,39.8743759510466,"15%","38%","47%"
