Year,Bilateral funding,Multilateral as core contributions to organizations,Bilateral,Multilateral
2019,618.442884,543.965752,53%,47%
2020,651.647737,618.284422,51%,49%
2021,657.997916,692.567241,49%,51%
2022,1019.5,596.12,63%,37%
2023,818.987962,642.37324,56%,44%
