"Year","Bilateral ODA for Development Priorities","Contributions to EU Institutions","In-donor Refugee Costs"
"2018",443.254366,254.007898,60.284541
"2019",562.895695,259.988287,98.491905
"2020",634.378548,283.471319,63.275038
"2021",633.4,288.97,68.77
"2022",645.934535,304.826376,434.723858
