"Year","Bilateral ODA for Development Priorities","Contributions to EU Institutions","In-donor Refugee Costs"
"2018",443.254366,254.007898,60.284541
"2019",562.895695,254.007898,98.491905
"2020",634.378548,254.007898,63.275038
"2021",633.4,254.007898,68.77
"2022",645.934535,254.007898,434.723858
