Year,Bilateral funding,Bilateral as earmarked funding through multilaterals,Multilateral as core contributions to organizations,Bilateral,Earmarked,Multilateral
2019,417.29809100000006,201.144793,543.965752,36%,17%,47%
2020,437.717154,213.930583,618.284422,34%,17%,49%
2021,425.805251,232.192665,692.567241,32%,17%,51%
2022,779.94,239.56,596.12,48%,15%,37%
2023,818.987962,0.0,642.37324,56%,0%,44%
