"","Year","Bilateral funding","Bilateral as earmarked funding  through multilaterals","Multilateral as core contributions  to organizations","Bilateral","Earmarked","Multilateral"
"1","2017",400.121597,136.734004,376.408104,"0.438122740244013%","0.149720177481487%","0.4121570822745%"
"2","2018",399.797182,147.884477,417.062934,"0.414407279295319%","0.153288733694929%","0.432303987009751%"
"3","2019",457.323984,142.504704,427.693562,"0.445074531476082%","0.138687706275947%","0.416237762247971%"
"4","2020",397.52873,146.493611,485.539548,"0.386114457272806%","0.142287328780485%","0.471598213946709%"
"5","2021",420.32,201.83,532.75,"0.36394808163548%","0.17476123267151%","0.461299344526318%"
