"Year","ODA to global health as % of  total ODA","Bilateral funding","Bilateral as earmarked funding through multilaterals","Multilateral as core contributions to organizations","Bilateral","Earmarked","Multilateral"
2017,"13%",65.061004,13.666713,37.5021770759285,"56%","12%","32%"
2018,"11%",56.520651,14.82577,38.2822056100833,"52%","14%","35%"
2019,"11%",60.389537,15.882357,37.6394313356573,"53%","14%","33%"
2020,"12%",59.20232,26.391288,41.6496729113968,"47%","21%","33%"
2021,"13%",72.756373,25.850798,46.4765918360615,"50%","18%","32%"
