Year,Bilateral funding,Multilateral as core contributions to organizations,Bilateral,Multilateral
2019,570.65489,406.89904,58%,42%
2020,516.69143,461.14673,53%,47%
2021,589.888458,505.124288,54%,46%
2022,1824.49,585.74,76%,24%
2023,2010.048015,633.380104,76%,24%
