Year,ODA for Development Priorities,Contributions to EUI,In-donor Refugee Costs
2019,665.0962000000001,228.591356,83.866374
2020,689.4729649999999,251.015319,37.349876
2021,754.524368,292.806162,47.682216
2022,835.3599999999999,369.42,1205.45
2023,890.595113,369.535891,1383.297115
