"Year","Bilateral ODA for Development Priorities","Contributions to EU Institutions","In-donor Refugee Costs"
"2018",489.471702,238.292173,58.209957
"2019",511.665778,240.273487,88.152354
"2020",504.696806,264.293026,39.325535
"2021",571.86,308.82,50.29
"2022",649.966825,389.742602,1327.096886
