"Year","Bilateral ODA for Development Priorities","Contributions to EU Institutions","In-donor Refugee Costs"
"2018",489.471702,NA,58.209957
"2019",511.665778,NA,88.152354
"2020",504.696806,NA,39.325535
"2021",571.86,NA,50.29
"2022",649.966825,NA,1327.096886
