"Year","climate funding as a % of bilateral allocable ODA","Funding for projects with climate change as a principal objective","Funding for projects with a significant climate change component"
"2017","21.3769975199788%",43.421052,53.479534
"2018","15.4221771457945%",19.88687,49.372602
"2019","22.9152415172114%",46.024249,59.268953
"2020","18.3594965510471%",40.316563,43.730889
"2021","17.9923702591948%",31.722076,61.105154
