Year,Bilateral funding,Bilateral as earmarked funding through multilaterals,Multilateral as core contributions to organizations,Bilateral,Earmarked,Multilateral
2019,435.07878500000004,135.576105,406.89904,45%,14%,42%
2020,377.55745099999996,139.133979,461.14673,39%,14%,47%
2021,398.524338,191.36412,505.124288,36%,17%,46%
2022,1569.94,254.55,585.74,65%,11%,24%
2023,2010.048015,0.0,633.380104,76%,0%,24%
