"Year","Bilateral ODA for Development Priorities","Contributions to EU Institutions","In-donor Refugee Costs"
"2018",489.471702,238.292173,58.209957
"2019",511.665778,238.292173,88.152354
"2020",504.696806,238.292173,39.325535
"2021",571.86,238.292173,50.29
"2022",649.966825,238.292173,1327.096886
