Year,Bilateral funding,Bilateral as earmarked funding through multilaterals,Multilateral as core contributions to organizations,Bilateral,Earmarked,Multilateral
2019,283.745096,116.667984,119.680743,55%,22%,23%
2020,258.646552,63.854872,149.848422,55%,14%,32%
2021,263.768689,81.117465,165.266212,52%,16%,32%
2022,275.3,99.05,156.87,52%,19%,30%
2023,283.014942,99.004086,141.211374,54%,19%,27%
