"Year","ODA to global health as % of  total ODA","Bilateral funding","Bilateral as earmarked funding through multilaterals","Multilateral as core contributions to organizations","Bilateral","Earmarked","Multilateral"
2017,"13%",30.732131,11.23976,27.2867973273425,"44%","16%","39%"
2018,"13%",28.137551,14.288348,28.6766936441354,"40%","20%","40%"
2019,"15%",38.590283,29.773754,13.5370683359593,"47%","36%","17%"
2020,"12%",23.440445,12.811314,23.2269081662408,"39%","22%","39%"
2021,"14%",36.86831,17.05375,19.080219496508,"51%","23%","26%"
