"Year","Bilateral ODA for Development Priorities","Contributions to EU Institutions","In-donor Refugee Costs"
"2018",387.467557,46.015086,0
"2019",424.317582,47.254589,0.281557
"2020",336.864018,54.048009,0.176196
"2021",364.36,50.44,0
"2022",395.958579,63.977554,0
