Year,ODA for Development Priorities,Contributions to EUI,In-donor Refugee Costs
2019,470.525212,43.96881,0.261979
2020,412.951395,50.280718,0.163914
2021,461.70852499999995,47.631722,0.0
2022,469.82,60.31,0.0
2023,472.858013,47.833132,0.0
