Year,Bilateral funding,Bilateral as earmarked funding through multilaterals,Multilateral as core contributions to organizations,Bilateral,Earmarked,Multilateral
2019,278.40727400000003,116.667984,119.680743,54%,23%,23%
2020,249.69273299999998,63.854872,149.848422,54%,14%,32%
2021,262.95657,81.117465,165.266212,52%,16%,32%
2022,274.21,99.05,156.87,52%,19%,30%
2023,280.475685,99.004086,141.211374,54%,19%,27%
