Year,Bilateral funding,Multilateral as core contributions to organizations,Bilateral,Multilateral
2019,395.075258,119.680743,77%,23%
2020,313.547605,149.848422,68%,32%
2021,344.074035,165.266212,68%,32%
2022,373.26,156.87,70%,30%
2023,379.479771,141.211374,73%,27%
