Year,Bilateral funding,Multilateral as core contributions to organizations,Bilateral,Multilateral
2019,2520.070418,804.199289,76%,24%
2020,2739.141697,898.257488,75%,25%
2021,2894.483563,945.725074,75%,25%
2022,3667.14,830.05,82%,18%
2023,3872.708588,935.709665,81%,19%
