Year,Bilateral funding,Bilateral as earmarked funding through multilaterals,Multilateral as core contributions to organizations,Bilateral,Earmarked,Multilateral
2019,1860.4442329999997,659.626185,804.199289,56%,20%,24%
2020,2015.022733,724.118964,898.257488,55%,20%,25%
2021,2012.0941219999997,882.389441,945.725074,52%,23%,25%
2022,2902.58,764.56,830.05,65%,17%,18%
2023,3872.708588,0.0,935.709665,81%,0%,19%
