"Year","Bilateral ODA for Development Priorities","Contributions to EU Institutions","In-donor Refugee Costs"
"2018",2197.106698,0,302.014276
"2019",2259.873502,0,309.276722
"2020",2626.624027,0,335.238601
"2021",2584.18,0,368.35
"2022",2434.938117,0,1281.801516
