Year,Bilateral funding,Bilateral as earmarked funding through multilaterals,Multilateral as core contributions to organizations,Bilateral,Earmarked,Multilateral
2019,1910.6409940000003,671.349488,865.111127,55%,19%,25%
2020,2202.412812,730.509931,898.74753,57%,19%,23%
2021,2045.283485,893.030456,945.921402,53%,23%,24%
2022,2969.96,783.65,878.85,64%,17%,19%
2023,0.0,0.0,0.0,0%,0%,0%
