"Year","Bilateral funding","Bilateral as earmarked funding  through multilaterals","Multilateral as core contributions  to organizations","Bilateral","Earmarked","Multilateral"
"2017",1931.885002,652.841271,878.580465,"56%","19%","25%"
"2018",1894.985233,645.874937,820.58145,"56%","19%","24%"
"2019",1942.299245,693.743723,867.89383,"55%","20%","25%"
"2020",2239.713622,755.216052,901.635066,"57%","19%","23%"
"2021",2083.53,914.32,959.03,"53%","23%","24%"
