"","Year","Gender funding as a % of bilateral allocable ODA","Funding for projects with gender equality as a principal objective","Funding for projects with gender equality as a Significant objective","Principal","Significant","Not targeted","Not screened"
"1",2017,"0.832043219112454%",70.602964,306.556997,"0.155755444691651%","0.676287774420803%","0.123677036033198%","0.0442797448543484%"
"2",2018,"0.775963482143766%",32.61461,315.862914,"0.0726237550527388%","0.703339727091027%","0.222306468616316%","0.00173004923991779%"
"3",2019,"0.770293970821813%",62.750693,291.191545,"0.136566013584371%","0.633727957237442%","0.19242821745213%","0.0372778117260574%"
"4",2020,"0.754205261497114%",58.133254,287.132371,"0.12698746373824%","0.627217797758875%","0.19156553095288%","0.0542292075500051%"
"5",2021,"0.690548692589293%",53.767779,302.503915,"0.10421616456535%","0.586332528023943%","0.149302282722316%","0.160149024688391%"
