donor,Rio Marker,Cross-cutting,Bilateral ODA,Share
Austria,Adaptation,45.862241714999996,80.89351344360001,84.0%
Austria,Mitigation,45.862241714999996,24.2010906732,46.4%
