donor,Rio Marker,Cross-cutting,Bilateral ODA,Share
Australia,Adaptation,611.6120461979987,466.9647931295999,93.4%
Australia,Mitigation,611.6120461979987,76.04772414119999,59.6%
