donor,Rio Marker,Cross-cutting,Bilateral ODA,Share
Belgium,Adaptation,197.3052049729001,85.95496325969997,89.0%
Belgium,Mitigation,197.3052049729001,24.030348861600004,69.5%
