donor,Rio Marker,Cross-cutting,Bilateral ODA,Share
Canada,Adaptation,199.19795327959886,565.6942469352998,96.9%
Canada,Mitigation,199.19795327959886,24.511282733999998,28.3%
