donor,Year,Climate Funding as % of bilateral allocable ODA,Funding for projects with climate change as a principal objective,Funding for projects with a significant climate change component,Principal,Significant,Not targeted and not screened
Canada,2019,20.27817511811125,219.31477116821932,442.76628237944067,6.717158438392782,13.561016679718469,79.72182488188875
Canada,2020,21.991000760421727,436.5632087642062,124.99789802395811,17.096023460056607,4.894977300365126,78.00899923957826
Canada,2021,17.51796955917641,404.6870799631402,285.42116617180307,10.272730383227508,7.245239175948901,82.48203044082359
Canada,2022,38.01006808363702,1005.0909808538986,222.3745336336643,31.123951069578748,6.886117014058286,61.98993191636296
Canada,2023,34.920169246169195,567.6309480905096,259.885553394082,23.953321463829635,10.96684778233956,65.0798307538308
