Year,Climate Funding as % of bilateral allocable ODA,Funding for projects with climate change as a principal objective,Funding for projects with a significant climate change component,Principal,Significant,Not targeted and not screened
2019,28.23,13934.47,22943.24,10.67,17.56,71.77000000000001
2020,31.0,15174.75,28615.57,10.74,20.25,69.00999999999999
2021,27.88,14312.5,24954.23,10.16,17.72,72.12
2022,36.65,23789.77,34964.24,14.84,21.81,63.35
2023,36.38,30550.64,25385.86,19.87,16.51,63.62
