Year,Climate Funding as % of bilateral allocable ODA,Funding for projects with climate change as a principal objective,Funding for projects with a significant climate change component,Principal,Significant,Not targeted and not screened,donor
2019,16.847407668812995,2.1766109847822284,5.211975686548889,4.963094327542923,11.88431334127007,83.15259233118701,Czechia
2020,17.20596332393195,0.9109830330592967,6.184204128039181,2.2091511188713793,14.996812205060571,82.79403667606805,Czechia
2021,14.813613126076673,1.0101075739023964,6.753620780129435,1.927339820917265,12.886273305159406,85.18638687392333,Czechia
2022,12.243611483547275,0.7450865838726606,4.140341087983208,1.8672982730035705,10.376313210543705,87.75638851645273,Czechia
2023,22.727684482433506,3.438183487843274,5.422384992128743,8.819067273284194,13.90861720914931,77.2723155175665,Czechia
