donor,Rio Marker,Cross-cutting,Bilateral ODA,Share
Denmark,Adaptation,257.5959304555001,164.78003803800001,86.5%
Denmark,Mitigation,257.5959304555001,65.6252774205,66.2%
