donor,Rio Marker,Cross-cutting,Bilateral ODA,Share
France,Adaptation,2854.9327421975,974.8846567600008,73.8%
France,Mitigation,2854.9327421975,1359.7930484499998,81.2%
