donor,Rio Marker,Cross-cutting,Bilateral ODA,Share
Germany,Adaptation,2464.8528650799008,2582.6470110124965,49.2%
Germany,Mitigation,2464.852865079901,5185.436497021791,74.6%
