donor,Year,Climate Funding as % of bilateral allocable ODA,Funding for projects with climate change as a principal objective,Funding for projects with a significant climate change component,Principal,Significant,Not targeted and not screened
Greece,2019,0.0,0.0,0.0,0.0,0.0,100.0
Greece,2020,31.666502930870745,0.0,0.017811751703812856,0.0,31.666502930870745,68.33349706912925
Greece,2021,0.0,0.0,0.0,0.0,0.0,100.0
Greece,2022,0.0,0.0,0.0,0.0,0.0,100.0
Greece,2023,0.5108810479611241,0.007746362129305581,0.0011613556824461226,0.4442742446651172,0.06660680329600675,99.48911895203888
