donor,Rio Marker,Cross-cutting,Bilateral ODA,Share
Ireland,Adaptation,51.987142169999984,91.40269099499997,94.1%
Ireland,Mitigation,51.987142169999984,5.387604960000001,37.6%
