donor,Rio Marker,Cross-cutting,Bilateral ODA,Share
Japan,Adaptation,783.7501815095994,3372.331773457597,25.1%
Japan,Mitigation,783.7501815095994,12379.945032496604,79.6%
