donor,Year,Climate Funding as % of bilateral allocable ODA,Funding for projects with climate change as a principal objective,Funding for projects with a significant climate change component,Principal,Significant,Not targeted and not screened
Korea,2019,31.66213244870704,124.99154464285719,846.575621031746,4.073314724157801,27.58881772454924,68.33786755129296
Korea,2020,10.223252162932587,117.72880257936492,73.54884722222218,6.2922732313860195,3.9309789315465666,89.77674783706742
Korea,2021,37.33374553216378,532.3794325396831,748.4657013888876,15.517659188064421,21.816086344099368,62.66625446783621
Korea,2022,51.625144878084676,561.3198789682541,1577.9385218253974,13.545918559410277,38.0792263186744,48.374855121915324
Korea,2023,69.57948544414388,1405.4441984126986,1615.011316468253,32.37593921321736,37.20354623092653,30.420514555856116
