donor,Rio Marker,Cross-cutting,Bilateral ODA,Share
Lithuania,Adaptation,0.40253276000000004,0.031466044,10.4%
Lithuania,Mitigation,0.40253276000000004,0.034712240000000005,10.4%
