Year,Climate Funding as % of bilateral allocable ODA,Funding for projects with climate change as a principal objective,Funding for projects with a significant climate change component,Principal,Significant,Not targeted and not screened,donor
2019,8.37180121017156,8.437280394795874,12.611135935397034,3.355845547314937,5.015955662856624,91.62819878982845,Luxembourg
2020,1.6552534776426397,0.9421659937191565,2.289263346792284,0.4826110594680188,1.1726424181746211,98.34474652235735,Luxembourg
2021,10.30326393238606,9.37117990130103,12.010593091072227,4.515703160603946,5.78756077178211,89.69673606761394,Luxembourg
2022,26.10178086410518,4.91507671601615,45.48996410946616,2.5452266930187872,23.556554171086393,73.89821913589482,Luxembourg
2023,16.54286596412724,5.908171377299237,28.17171287572903,2.867911359736191,13.674954604391049,83.45713403587276,Luxembourg
