donor,Rio Marker,Cross-cutting,Bilateral ODA,Share
Netherlands,Adaptation,792.0951447296003,1574.0721922051996,91.7%
Netherlands,Mitigation,792.0951447296003,213.80496821039998,39.0%
