donor,Rio Marker,Cross-cutting,Bilateral ODA,Share
Norway,Adaptation,170.53034026439994,495.251927946,50.2%
Norway,Mitigation,170.53034026439994,659.4757839751999,62.6%
