donor,Year,Climate Funding as % of bilateral allocable ODA,Funding for projects with climate change as a principal objective,Funding for projects with a significant climate change component,Principal,Significant,Not targeted and not screened
Poland,2019,9.575572608317485,3.735023833844058,3.187481273408239,5.166481116395459,4.409091491922025,90.42442739168251
Poland,2020,9.634421402318443,3.284780388151175,2.6833929179434794,5.302620559158683,4.33180084315976,90.36557859768156
Poland,2021,2.4595731388674618,0.7786099761661558,2.0116087844739527,0.686343382836827,1.7732297560306347,97.54042686113254
Poland,2022,8.899494948428506,2.2610708205652017,6.3131894790602665,2.346836653249036,6.55265829517947,91.10050505157149
Poland,2023,9.12995932167514,1.3737180796731356,5.512654068777664,1.821276851801705,7.308682469873434,90.87004067832486
