donor,Year,Climate Funding as % of bilateral allocable ODA,Funding for projects with climate change as a principal objective,Funding for projects with a significant climate change component,Principal,Significant,Not targeted and not screened
Portugal,2019,3.7568927348039374,1.0764655642376884,2.160629656550972,1.2493193377752736,2.5075733970286636,96.24310726519606
Portugal,2020,2.087930089779093,1.1969225876794476,0.4013029256769035,1.5636658688447302,0.5242642209343631,97.91206991022091
Portugal,2021,2.8370177249189608,2.033825186262039,0.9518017445029983,1.9325917928177003,0.9044259321012603,97.16298227508103
Portugal,2022,3.367874475897807,2.6983118299109576,0.7588315464292203,2.628637158112477,0.73923731778533,96.6321255241022
Portugal,2023,6.8049720449496,3.0316590950390694,6.195983100127203,2.235712542296546,4.569259502653054,93.1950279550504
