donor,Rio Marker,Cross-cutting,Bilateral ODA,Share
Slovenia,Adaptation,6.048210345099999,0.22793562139999998,97.6%
Slovenia,Mitigation,6.048210345099999,0.15678465119999999,96.5%
