donor,Rio Marker,Cross-cutting,Bilateral ODA,Share
Sweden,Adaptation,201.61263510179984,294.0477595613999,87.3%
Sweden,Mitigation,201.61263510179984,64.43611827119999,46.9%
