Year,Climate Funding as % of bilateral allocable ODA,Funding for projects with climate change as a principal objective,Funding for projects with a significant climate change component,Principal,Significant,Not targeted and not screened,donor
2019,35.45814581134947,346.336795865633,368.5165980918307,17.17899182048217,18.27915399086729,64.54185418865055,Sweden
2020,18.073512319562294,133.6598817332538,120.92103756708406,9.488941770562597,8.584570548999693,81.9264876804377,Sweden
2021,30.538728220013066,275.288909759491,348.5291800834823,13.476642203891506,17.062086016121558,69.46127177998693,Sweden
2022,38.397537250821635,272.3930679785331,486.5294494136357,13.781674327586952,24.615862923234683,61.602462749178365,Sweden
2023,34.77625602184101,204.6233720930233,356.22148578811397,12.688062796623791,22.088193225217218,65.22374397815899,Sweden
