Year,Climate Funding as % of bilateral allocable ODA,Funding for projects with climate change as a principal objective,Funding for projects with a significant climate change component,Principal,Significant,Not targeted and not screened,donor
2019,25.895789005376727,130.43029981378027,281.78508938547475,8.193763775891037,17.702025229485688,74.10421099462327,Switzerland
2020,24.825411082909,145.11565363128494,289.5836452513966,8.287466221411957,16.53794486149704,75.174588917091,Switzerland
2021,33.712496104951796,168.482886405959,489.0216452513961,8.638691261023784,25.073804843928016,66.2875038950482,Switzerland
2022,38.50979063468029,144.68649999999994,668.8736536312847,6.848721385622208,31.661069249058084,61.49020936531971,Switzerland
2023,29.093588610075937,123.07909776536297,315.94718249534424,8.156260337669059,20.937328272406877,70.90641138992407,Switzerland
