donor,Rio Marker,Cross-cutting,Bilateral ODA,Share
United States,Adaptation,1763.3889542448003,2965.4139793376066,89.2%
United States,Mitigation,1763.3889542448003,573.5776277000002,44.1%
