Year,Climate Funding as % of bilateral allocable ODA,Funding for projects with climate change as a principal objective,Funding for projects with a significant climate change component,Principal,Significant,Not targeted and not screened,donor
2019,5.573397792138987,523.0678585196614,490.05382131842714,2.877507515462753,2.695890276676234,94.42660220786101,United States
2020,4.635040102007113,391.6036430223591,576.1944198149562,1.875493100471133,2.7595470015359806,95.36495989799289,United States
2021,4.922682458618091,423.73560138781806,604.1119680030841,2.029401901762441,2.89328055685565,95.07731754138192,United States
2022,17.717500003941076,334.0907006553589,3897.9534868928254,1.398674429627657,16.31882557431342,82.28249999605893,United States
2023,17.413143204440754,468.90383191981516,4456.149848689299,1.657868137859754,15.755275066581001,82.58685679555924,United States
