year,ODA to Education as % of Total ODA,Bilateral funding,Bilateral as earmarked funding through multilaterals,Multilateral as core contributions to organizations,Earmarked,Bilateral,Multilateral,donor
2019,6.604536227788672,185.89263603385731,19.886453043127773,15.051200000000001,9.000612442305789,84.13504254332338,6.864345014370832,Australia
2020,5.800573343651081,166.25340890769837,10.264033655783958,15.8451,5.332411864014333,86.37263670629737,8.29495142968829,Australia
2021,6.214323249051333,206.97469568722295,3.2095525997581618,11.8821,1.444720460134821,93.16581308311953,5.3894664567456445,Australia
2022,7.497436620631521,210.965737605804,13.017263200322452,8.985200000000003,5.5859209352627115,90.52885481229336,3.885224252443932,Australia
2023,6.4141596407548365,186.12591092301508,15.698650745667075,10.084999999999999,7.405485220143891,87.80071005826031,4.793804721595805,Australia
