"Year","ODA to the education sector as % of  total ODA","Bilateral funding","Bilateral as earmarked funding through multilaterals","Multilateral as core contributions to organizations","Bilateral","Earmarked","Multilateral"
2018,16.7920501971203,NA,NA,39.6117582402125,"NA%","NA%","19%"
2019,16.1007098862803,175.363708,0.989047,43.5461477383146,"80%","0%","20%"
2020,15.1559517800854,173.400976,0.003617,39.5524700856039,"81%","0%","19%"
2021,15.0071230876581,185.738525,1.898503,38.1001174845537,"82%","1%","17%"
2022,11.8884284677832,195.238109,0.403545,42.944986412991,"82%","0%","18%"
