"Year","ODA to the education sector as % of  total ODA","Bilateral funding","Bilateral as earmarked funding through multilaterals","Multilateral as core contributions to organizations","Bilateral","Earmarked","Multilateral"
2018,16.792048919455,NA,NA,39.6117422746977,"NA%","NA%","19%"
2019,16.1007086281954,175.363708,0.989047,43.546130555749,"80%","0%","20%"
2020,15.1559504765235,173.400976,0.003617,39.5524517691883,"81%","0%","19%"
2021,15.0071230876581,185.738525,1.898503,38.1001174845537,"82%","1%","17%"
2022,11.8656407361018,195.238109,0.403545,42.4876637013121,"82%","0%","18%"
