year,ODA to Education as % of Total ODA,Bilateral funding,Bilateral as earmarked funding through multilaterals,Multilateral as core contributions to organizations,Earmarked,Bilateral,Multilateral,donor
2019,1.8779834983204606,27.772402257154376,19.886453043127773,15.051200000000001,31.653564049235506,44.20574708528833,24.140688865476157,Australia
2020,2.7145844935955967,63.84919891172915,10.264033655783958,15.8451,11.39439431292141,70.88080313867862,17.724802548399982,Australia
2021,2.524549198362204,75.06807134220078,3.2095525997581618,11.8821,3.556262618934259,83.17725530027899,13.266482080786764,Australia
2022,3.5432878817350724,88.06199717855708,13.017263200322452,8.985200000000003,11.819555615527108,79.95948589566535,8.220958488807549,Australia
2023,2.9394354836182037,71.28691757355905,15.698650745667075,10.084999999999999,16.159553316946706,73.3798569057702,10.4605897772831,Australia
