"Year","ODA to the education sector as % of  total ODA","Bilateral funding","Bilateral as earmarked funding through multilaterals","Multilateral as core contributions to organizations","Bilateral","Earmarked","Multilateral"
2018,16.514618003578,170.219198,0,36.145006903751,"82%","0%","18%"
2019,15.8127687670541,175.363708,0.989047,39.6135300700068,"81%","0%","18%"
2020,14.9218950499699,173.400976,0.003617,36.2637268536339,"83%","0%","17%"
2021,14.7471453680663,185.738525,1.898503,34.1895326264531,"84%","1%","15%"
2022,11.6591933475666,195.238109,0.403545,38.3445097944586,"83%","0%","16%"
