"Year","ODA to the education sector as % of  total ODA","Bilateral funding","Bilateral as earmarked funding through multilaterals","Multilateral as core contributions to organizations","Bilateral","Earmarked","Multilateral"
2018,7.32383427184083,178.140196,60.454481,16.2932257109494,"70%","24%","6%"
2019,6.60802349920277,161.329931,43.528932,15.2147812213942,"73%","20%","7%"
2020,5.56791954311576,138.937104,28.818424,16.0294591670662,"76%","16%","9%"
2021,6.21716781450497,151.72728,57.548379,12.0225642069601,"69%","26%","5%"
2022,7.52601059473837,173.368226,50.751899,9.19052592581441,"74%","22%","4%"
