"Year","ODA to the education sector as % of  total ODA","Bilateral funding","Bilateral as earmarked funding through multilaterals","Multilateral as core contributions to organizations","Bilateral","Earmarked","Multilateral"
2018,7.2945468804849,111.079126,8.986623,63.5746229229283,"60%","5%","35%"
2019,7.67840822397036,118.701371,8.142468,61.3161979790028,"63%","4%","33%"
2020,7.10285896160643,108.7769,7.973817,64.6605672826921,"60%","4%","36%"
2021,6.8025900781642,108.586338,10.439681,62.4174253778503,"60%","6%","34%"
2022,6.98082162764382,111.750055,8.347264,78.7585471769996,"56%","4%","40%"
