"Year","ODA to the education sector as % of  total ODA","Bilateral funding","Bilateral as earmarked funding through multilaterals","Multilateral as core contributions to organizations","Bilateral","Earmarked","Multilateral"
2018,7.0995900751023,111.079126,8.986623,58.6665812260347,"62%","5%","33%"
2019,7.4763514690385,118.701371,8.142468,56.3647802670415,"65%","4%","31%"
2020,6.88952658039912,108.7769,7.973817,59.2119301264293,"62%","5%","34%"
2021,6.58182413495612,108.586338,10.439681,56.5290016044441,"62%","6%","32%"
2022,6.74018485392072,111.750055,8.347264,70.852418726024,"59%","4%","37%"
