year,ODA to Education as % of Total ODA,Bilateral funding,Bilateral as earmarked funding through multilaterals,Multilateral as core contributions to organizations,Earmarked,Bilateral,Multilateral,donor
2019,8.45975182359904,104.89365073426248,7.19531007389393,76.01660000000001,3.9277356835128896,57.25876032190773,38.81350399457939,Belgium
2020,7.834762567266885,96.03904686184642,7.04007670002806,78.67830000000002,3.9848254918378383,54.360038740113296,41.655135768048865,Belgium
2021,7.360212605720757,95.6422925825461,9.19521747264054,72.78140000000002,5.317774417623082,55.31181162942441,39.37041395295252,Belgium
2022,7.426453904664182,99.24573473014688,7.413242914601066,85.73209999999999,3.967485920302256,53.11522362451815,42.917290455179604,Belgium
2023,7.446698371007216,92.46720793190535,7.835003273781687,92.6896,4.189820491314508,49.447458926298786,46.36272058238671,Belgium
