year,ODA to Education as % of Total ODA,Bilateral funding,Bilateral as earmarked funding through multilaterals,Multilateral as core contributions to organizations,Earmarked,Bilateral,Multilateral,donor
2019,7.017459583789128,250.13550629671303,86.64894850005119,66.7202,21.389714975684665,61.7471680568877,16.863116967427636,Canada
2020,6.770954058356644,219.71352615951685,149.23141804033992,50.06950000000001,35.51362669554473,52.28673861345765,12.199634690997627,Canada
2021,4.995468326091198,216.67648817446525,72.99558308590146,44.63620000000001,21.76548504349652,64.60759217566338,13.626922780840102,Canada
2022,3.9415578597016494,193.23975734616565,108.92938056721619,72.6964,28.924441478347934,51.3117032663226,19.763855255329478,Canada
2023,4.801414742195554,256.81773215931304,91.85690078836879,107.1329,20.04019630711618,56.02929908857436,23.930504604309466,Canada
