donor,year,Bilateral as earmarked funding through multilaterals,Bilateral funding,Multilateral as core contributions to organizations,Earmarked,Bilateral,Multilateral,Sector ODA,ODA to Education as % of Total ODA
Canada,2019,86.64894850005119,250.13550629671303,66.7202,21.389714975684665,61.7471680568877,16.863116967427636,395.6575769999996,7.017459583789128
Canada,2020,149.23141804033992,219.71352615951685,50.06950000000001,35.51362669554473,52.28673861345765,12.199634690997627,410.4180270000001,6.770954058356644
Canada,2021,72.99558308590146,216.67648817446525,44.63620000000001,21.76548504349652,64.60759217566338,13.626922780840102,327.5589120000002,4.995468326091198
Canada,2022,108.92938056721619,193.23975734616565,72.6964,28.924441478347934,51.3117032663226,19.763855255329478,367.824997,3.9415578597016494
Canada,2023,91.85690078836879,256.81773215931304,107.1329,20.04019630711618,56.02929908857436,23.930504604309466,447.6834140000008,4.801414742195554
