"Year","ODA to the education sector as % of  total ODA","Bilateral funding","Bilateral as earmarked funding through multilaterals","Multilateral as core contributions to organizations","Bilateral","Earmarked","Multilateral"
2018,5.9526613908197,215.81466,45.955778,57.1297626327822,"68%","14%","18%"
2019,7.07082214084301,169.644753,150.567053,66.2153313082448,"44%","39%","17%"
2020,6.74388478287252,169.7491,176.31962,49.6311151977977,"43%","45%","13%"
2021,5.04830806984453,182.524912,93.878554,44.2791978591203,"57%","29%","14%"
2022,3.81525747954456,146.177553,124.262461,71.3986574501398,"43%","36%","21%"
