"Year","ODA to the education sector as % of  total ODA","Bilateral funding","Bilateral as earmarked funding through multilaterals","Multilateral as core contributions to organizations","Bilateral","Earmarked","Multilateral"
2018,5.81570151111314,215.81466,45.955778,49.7924507567157,"69%","15%","16%"
2019,6.93038519423991,169.644753,150.567053,58.5403189593025,"45%","40%","15%"
2020,6.66113700553179,169.7491,176.31962,44.7758599686648,"43%","45%","11%"
2021,4.97273863323199,182.524912,93.878554,39.4788156510693,"58%","30%","12%"
2022,3.70929407328797,146.177553,124.262461,61.904569512094,"44%","37%","19%"
