year,ODA to Education as % of Total ODA,Bilateral funding,Bilateral as earmarked funding through multilaterals,Multilateral as core contributions to organizations,Earmarked,Bilateral,Multilateral,donor
2019,5.099341360525856,139.40845090611265,86.64894850005119,66.7202,29.435460334657293,47.35835804124586,23.206181624096846,Canada
2020,5.608266855367112,147.5565598443739,149.23141804033992,50.06950000000001,42.87619348409574,42.39498419846628,14.728822317437988,Canada
2021,4.188261070185405,162.48425104945238,72.99558308590146,44.63620000000001,25.960366203242767,57.786382150540284,16.253251646216956,Canada
2022,3.4256389165417374,143.94580731033062,108.92938056721619,72.6964,33.28061200377645,43.97899389237214,22.74039410385141,Canada
2023,4.306273802604433,209.54949216750362,91.85690078836879,107.1329,22.344444035882237,50.97349094404903,26.682065020068723,Canada
