donor,year,Bilateral as earmarked funding through multilaterals,Bilateral funding,Multilateral as core contributions to organizations,Earmarked,Bilateral,Multilateral,Sector ODA,ODA to Education as % of Total ODA
Czechia,2019,0.14881756165821233,8.384979884554836,20.356400000000004,0.5650472086950815,31.837032040705125,67.5979207505998,30.113944000000004,8.476877246155675
Czechia,2020,0.5903139758614657,7.945032359629174,19.679999999999993,2.292733373721502,30.857885110438204,66.84938151584029,29.43931499999999,8.827465113872222
Czechia,2021,0.5955877208326046,5.481566380969044,20.7663,2.4571423952977236,22.61461859638193,74.92823900832035,27.714918000000004,7.511250281784514
Czechia,2022,0.662167220570229,5.286178940003502,23.257500000000004,2.5187998777996707,20.10795227320657,77.37324784899377,30.058839000000006,2.859315392957024
Czechia,2023,0.0,5.565371698443237,20.9365,0.0,23.309372113776337,76.69062788622367,27.299946,3.8581879320868997
