"Year","ODA to the education sector as % of  total ODA","Bilateral funding","Bilateral as earmarked funding through multilaterals","Multilateral as core contributions to organizations","Bilateral","Earmarked","Multilateral"
2018,6.17174027680076,43.795994,91.675361,38.375027011138,"25%","53%","22%"
2019,4.68861001350945,20.687025,76.480929,39.2217156799099,"15%","56%","29%"
2020,5.7491300456005,14.47783,101.857989,48.0228650246151,"9%","62%","29%"
2021,3.96739069104681,19.364798,56.84445,41.3124023111196,"16%","48%","35%"
2022,3.98298258437877,14.170009,65.490691,40.2473145988665,"12%","55%","34%"
