"Year","ODA to agriculture as % of  total ODA","Bilateral funding","Bilateral as earmarked funding through multilaterals","Multilateral as core contributions to organizations","Bilateral","Earmarked","Multilateral"
2018,5.86564795842172,95.52347,23.878517,45.8223468164622,"58%","14%","28%"
2019,3.86286815305413,53.394451,14.646012,44.3287274197728,"48%","13%","39%"
2020,4.89967807630395,57.955987,16.673919,65.44426772335,"41%","12%","47%"
2021,4.78784697213854,47.778487,16.74515,77.3014872239906,"34%","12%","55%"
2022,2.65199048085159,34.382718,3.632545,39.5725515187148,"44%","5%","51%"
