"Year","ODA to the education sector as % of  total ODA","Bilateral funding","Bilateral as earmarked funding through multilaterals","Multilateral as core contributions to organizations","Bilateral","Earmarked","Multilateral"
2018,6.02632653169148,43.795994,91.675361,34.2789937452919,"26%","54%","20%"
2019,4.53301696863669,20.687025,76.480929,34.6955802296289,"16%","58%","26%"
2020,5.56913174048424,14.47783,101.857989,42.8769935065043,"9%","64%","27%"
2021,3.8185424300692,19.364798,56.84445,36.9032340092667,"17%","50%","33%"
2022,3.95720233275894,14.170009,65.490691,36.1129737081105,"12%","57%","31%"
