year,ODA to Education as % of Total ODA,Bilateral funding,Bilateral as earmarked funding through multilaterals,Multilateral as core contributions to organizations,Earmarked,Bilateral,Multilateral,donor
2019,10.019369715803343,1.8464359799713876,0.3311498569384835,3.1106,6.677915590518015,37.23493566187741,56.087148747604594,Estonia
2020,8.49304256048788,1.0832492846924178,0.5069769313304722,3.0276000000000005,11.797547662776685,25.207626377179537,62.99482596004376,Estonia
2021,8.396642927587942,1.937725321888412,0.2850885193133047,2.7381999999999995,6.10319867462834,41.48298445980673,52.413816865564925,Estonia
2022,2.5307111929527695,1.480979971387696,0.16079220314735337,3.2488000000000006,3.5365090527788037,32.57309106584557,63.89039988137562,Estonia
2023,7.947465990367132,3.4883583690987128,0.3146870529327611,3.528200000000001,4.522840378609542,50.136438534035605,45.34072108735485,Estonia
