donor,year,Bilateral as earmarked funding through multilaterals,Bilateral funding,Multilateral as core contributions to organizations,Earmarked,Bilateral,Multilateral,Sector ODA,ODA to Education as % of Total ODA
Estonia,2019,0.3311498569384835,2.2107001072961365,3.1106,6.220944148768646,41.52996478485841,52.24909106637295,5.953404999999999,10.755361828086956
Estonia,2020,0.5069769313304722,1.4712777181688128,3.0276000000000005,10.820502740416176,31.40175340834491,57.77774385123892,5.240080000000001,9.259927825265994
Estonia,2021,0.2850885193133047,2.629145207439198,2.7381999999999995,5.3162837252118775,49.02786654192536,45.65584973286276,5.9974789999999985,9.639511853731952
Estonia,2022,0.16079220314735337,1.7075929899856936,3.2488000000000006,3.3686110562673997,35.774226069898816,60.857162873833786,5.338402,2.656846663016971
Estonia,2023,0.3146870529327611,3.832439198855508,3.528200000000001,4.3097120793069505,52.486142517106174,43.20414540358688,8.166346,8.340492224863176
