year,ODA to Education as % of Total ODA,Bilateral funding,Bilateral as earmarked funding through multilaterals,Multilateral as core contributions to organizations,Earmarked,Bilateral,Multilateral,donor
2019,10.755361828086956,2.2107001072961365,0.3311498569384835,3.1106,6.220944148768646,41.52996478485841,52.24909106637295,Estonia
2020,9.259927825265994,1.4712777181688128,0.5069769313304722,3.0276000000000005,10.820502740416176,31.40175340834491,57.77774385123892,Estonia
2021,9.639511853731952,2.629145207439198,0.2850885193133047,2.7381999999999995,5.3162837252118775,49.02786654192536,45.65584973286276,Estonia
2022,2.656846663016971,1.7075929899856936,0.16079220314735337,3.2488000000000006,3.3686110562673997,35.774226069898816,60.857162873833786,Estonia
2023,8.340492224863176,3.832439198855508,0.3146870529327611,3.528200000000001,4.3097120793069505,52.486142517106174,43.20414540358688,Estonia
