donor,year,Bilateral as earmarked funding through multilaterals,Bilateral funding,Multilateral as core contributions to organizations,Earmarked,Bilateral,Multilateral,Sector ODA,ODA to Education as % of Total ODA
EU Institutions,2019,74.23702200128879,1159.1356209150324,73.9495,5.704189635705088,89.0651216462498,5.230688718045103,1413.7622019999997,7.6408017664302434
EU Institutions,2020,240.45314461935013,1562.2014066095903,62.8042,12.924327214079522,83.96813518608832,3.107537599832144,2021.0278389999983,8.449491615025124
EU Institutions,2021,93.10869833379361,1246.939965018869,0.0006,6.94815513071364,93.05180365187411,4.1217412243868553e-05,1455.6954629999975,6.4859732697658234
EU Institutions,2022,82.67492221301667,1487.836083034153,0.0001,5.264204904696586,94.73578923379745,5.861505960795475e-06,1706.0462050000003,5.584879871047111
EU Institutions,2023,138.97530516431925,1413.3309417288037,0.009,8.95278001388425,91.04668626669405,0.000533719421693231,1686.2792759999993,4.560587695837277
