"Year","ODA to the education sector as % of  total ODA","Bilateral funding","Bilateral as earmarked funding through multilaterals","Multilateral as core contributions to organizations","Bilateral","Earmarked","Multilateral"
2018,7.27329664157432,37.944449,10.94911,28.2831608820427,"49%","14%","37%"
2019,6.56845413607649,37.331791,19.805365,26.060903690138,"45%","24%","31%"
2020,7.47473678244937,44.412447,26.956967,30.1269968681779,"44%","27%","30%"
2021,8.66907007576568,47.530733,51.696566,30.7671406001216,"37%","40%","24%"
2022,5.28864865852546,37.960701,22.171357,31.445556471004,"41%","24%","34%"
