year,ODA to Education as % of Total ODA,Bilateral funding,Bilateral as earmarked funding through multilaterals,Multilateral as core contributions to organizations,Earmarked,Bilateral,Multilateral,donor
2019,7.682336443923447,37.60792034986507,16.91090536894017,32.39720000000001,19.97409960735513,44.420114163335334,35.60578622930953,Finland
2020,8.30721667465975,41.59747836605564,22.554900902577465,36.3707,23.01637154926321,42.44855793075841,34.53507051997839,Finland
2021,9.263826957517026,50.10612449986043,38.05001954033683,35.4328,31.41356235484067,41.36691348258482,27.219524162574512,Finland
2022,6.253197016004065,45.35313017586303,17.485125151204986,34.56429999999998,18.405381735976587,47.740102892581916,33.854515371441494,Finland
2023,6.4261985140727536,45.90943239973951,11.420469898576345,39.25320000000001,12.168245073253178,48.91543251505078,38.91632241169604,Finland
