"Year","ODA to the education sector as % of  total ODA","Bilateral funding","Bilateral as earmarked funding through multilaterals","Multilateral as core contributions to organizations","Bilateral","Earmarked","Multilateral"
2018,6.99876797975293,37.944449,10.94911,25.3701459622503,"51%","15%","34%"
2019,6.35276943814216,37.331791,19.805365,23.3289749895277,"46%","25%","29%"
2020,7.20292565282869,44.412447,26.956967,26.436184081927,"45%","28%","27%"
2021,8.40996383628446,47.530733,51.696566,26.8817907178527,"38%","41%","21%"
2022,5.05145466613418,37.960701,22.171357,27.3383333611779,"43%","25%","31%"
