"Year","ODA to the education sector as % of  total ODA","Bilateral funding","Bilateral as earmarked funding through multilaterals","Multilateral as core contributions to organizations","Bilateral","Earmarked","Multilateral"
2018,10.0976368334777,1311.33988,33.308332,297.204742516141,"80%","2%","18%"
2019,10.3104313295125,1397.633927,52.59087,199.641828026469,"85%","3%","12%"
2020,9.40537283199389,1604.333381,32.93678,203.970798878997,"87%","2%","11%"
2021,8.88844214818746,1419.25217,83.003167,219.431462882838,"82%","5%","13%"
2022,8.76492982248489,1542.631839,127.739082,265.104023927262,"80%","7%","14%"
