"Year","ODA to the education sector as % of  total ODA","Bilateral funding","Bilateral as earmarked funding through multilaterals","Multilateral as core contributions to organizations","Bilateral","Earmarked","Multilateral"
2018,9.92097925406684,1311.33988,33.308332,268.480618894281,"81%","2%","17%"
2019,10.224458086581,1397.633927,52.59087,185.884461372757,"85%","3%","11%"
2020,9.33079817099927,1604.333381,32.93678,189.371705058357,"88%","2%","10%"
2021,8.78249820424241,1419.25217,83.003167,198.910173912652,"83%","5%","12%"
2022,8.58602772855896,1542.631839,127.739082,244.099944498659,"81%","7%","13%"
