year,ODA to Education as % of Total ODA,Bilateral funding,Bilateral as earmarked funding through multilaterals,Multilateral as core contributions to organizations,Earmarked,Bilateral,Multilateral,donor
2019,12.953888119159947,1465.7351769053134,42.107697921478064,268.42889999999994,2.3981865074134734,83.47894798833582,14.122865504250706,France
2020,16.108390434659725,2394.507972286383,24.56318521939954,271.07750000000004,0.920145527575288,89.69910790326027,9.380746569164442,France
2021,14.931880091717785,2136.0749191685914,64.36333764434181,265.90459999999996,2.6312876327782586,87.3265390392669,10.042173327954844,France
2022,14.362716500182128,2323.106962586614,99.9794817551963,291.65939999999983,3.713233881426805,86.28009799827544,10.00666812029776,France
2023,18.44414624514208,2334.584724249428,127.92056351039261,344.6222999999999,4.600031006905487,83.95180434710005,11.448164645994469,France
