year,ODA to Education as % of Total ODA,Bilateral funding,Bilateral as earmarked funding through multilaterals,Multilateral as core contributions to organizations,Earmarked,Bilateral,Multilateral,donor
2019,12.566440052828211,1413.219145496537,42.107697921478064,268.42889999999994,2.4721273149209333,82.96957145617749,14.558301228901586,France
2020,15.648141953480923,2318.235402309478,24.56318521939954,271.07750000000004,0.947209161250709,89.39613455623893,9.656656282510362,France
2021,14.617233752529007,2084.5308831408774,64.36333764434181,265.90459999999996,2.687927968085419,87.05373379008927,10.25833824182533,France
2022,13.993581889867432,2253.906857274837,99.9794817551963,291.65939999999983,3.8111847243643306,85.91818274892604,10.270632526709619,France
2023,18.017380837993738,2270.240398152429,127.92056351039261,344.6222999999999,4.708988802891977,83.57168168591036,11.719329511197655,France
