"Year","ODA to the education sector as % of  total ODA","Bilateral funding","Bilateral as earmarked funding through multilaterals","Multilateral as core contributions to organizations","Bilateral","Earmarked","Multilateral"
2018,9.5722011203674,2624.637053,57.637464,260.719503874578,"89%","2%","9%"
2019,11.1813414386877,2820.774706,254.759586,258.19677628912,"85%","8%","8%"
2020,10.4739920787505,3012.245327,362.3235,262.495893991281,"83%","10%","7%"
2021,10.103194343516,3123.106849,269.285579,260.82363531081,"85%","7%","7%"
2022,8.72574488394883,3181.850411,238.713907,308.875879142915,"85%","6%","8%"
