year,ODA to Education as % of Total ODA,Bilateral funding,Bilateral as earmarked funding through multilaterals,Multilateral as core contributions to organizations,Earmarked,Bilateral,Multilateral,donor
2019,13.983455828265154,3035.4976607812587,194.13611014545785,373.76849999999996,5.435598607910613,84.99061224053568,9.57378915155371,Germany
2020,12.878159913473779,3196.2220903851394,285.1049263562346,379.2617999999997,7.447324014641131,83.48961848561618,9.06305749974268,Germany
2021,12.257613455696374,3268.790395206301,201.31278199615775,356.2342999999999,5.30329169196992,86.11151648592045,8.585191822109634,Germany
2022,10.67397568950473,3379.700982526754,190.66913640106117,385.1726000000001,4.860614420260915,86.15669867663017,8.98268690310892,Germany
2023,9.622456605080922,3121.2113594364514,120.146417528131,479.1204000000002,3.2651400377669364,84.82310488902233,11.911755073210731,Germany
