donor,year,Bilateral as earmarked funding through multilaterals,Bilateral funding,Multilateral as core contributions to organizations,Earmarked,Bilateral,Multilateral,Sector ODA,ODA to Education as % of Total ODA
Germany,2019,194.13611014545785,3035.4976607812587,373.76849999999996,5.435598607910613,84.99061224053568,9.57378915155371,3904.081174999994,13.983455828265154
Germany,2020,285.1049263562346,3196.2220903851394,379.2617999999997,7.447324014641131,83.48961848561618,9.06305749974268,4184.700361999996,12.878159913473779
Germany,2021,201.31278199615775,3268.790395206301,356.2342999999999,5.30329169196992,86.11151648592045,8.585191822109634,4149.404083000008,12.257613455696374
Germany,2022,190.66913640106117,3379.700982526754,385.1726000000001,4.860614420260915,86.15669867663017,8.98268690310892,4287.944176999995,10.67397568950473
Germany,2023,120.146417528131,3121.211359436451,479.1204000000002,3.2651400377669364,84.82310488902232,11.911755073210731,4022.248585999985,9.62245660508092
