year,ODA to Education as % of Total ODA,Bilateral funding,Bilateral as earmarked funding through multilaterals,Multilateral as core contributions to organizations,Earmarked,Bilateral,Multilateral,donor
2019,13.781533465925977,2983.923894428684,194.13611014545785,373.76849999999996,5.515239158387127,84.77069977280131,9.714061068811576,Germany
2020,12.694819241135827,3141.720461988835,285.1049263562346,379.2617999999997,7.554879495820295,83.25117283389753,9.193947670282174,Germany
2021,12.054261299012248,3205.8153197328766,201.31278199615775,356.2342999999999,5.392756801140522,85.87722149217484,8.730021706684642,Germany
2022,10.543984190461234,3331.9284822980444,190.66913640106117,385.1726000000001,4.920538500508848,85.98603154945792,9.093429950033235,Germany
2023,9.444228498090618,3053.056120208566,120.146417528131,479.1204000000002,3.326758594339037,84.53669194526871,12.136549460392246,Germany
