"Year","ODA to the education sector as % of  total ODA","Bilateral funding","Bilateral as earmarked funding through multilaterals","Multilateral as core contributions to organizations","Bilateral","Earmarked","Multilateral"
2018,9.63807063940626,2624.637053,57.637464,280.971230541371,"89%","2%","9%"
2019,11.2531319563272,2820.774706,254.759586,279.601209771093,"84%","8%","8%"
2020,10.5451204969155,3012.245327,362.3235,287.195040068815,"82%","10%","8%"
2021,10.1780650877402,3123.106849,269.285579,287.896162688979,"85%","7%","8%"
2022,9.14137445515035,3181.850411,238.713907,341.553575971623,"85%","6%","9%"
