"Year","ODA to the education sector as % of  total ODA","Bilateral funding","Bilateral as earmarked funding through multilaterals","Multilateral as core contributions to organizations","Bilateral","Earmarked","Multilateral"
2018,9.63806818978297,2624.637053,57.637464,280.970477399371,"89%","2%","9%"
2019,11.2531286792021,2820.774706,254.759586,279.600232692093,"84%","8%","8%"
2020,10.5451156977988,3012.245327,362.3235,287.193373588815,"82%","10%","8%"
2021,10.1780650877402,3123.106849,269.285579,287.896162688979,"85%","7%","8%"
2022,9.13025102938192,3181.850411,238.713907,336.975748060623,"85%","6%","9%"
