donor,year,Bilateral as earmarked funding through multilaterals,Bilateral funding,Multilateral as core contributions to organizations,Earmarked,Bilateral,Multilateral,Sector ODA,ODA to Education as % of Total ODA
Greece,2019,0.009600294713575245,3.0839316632897393,16.734499999999997,0.05187758383238883,16.664792922392593,83.28332949377501,20.093456999999997,5.3394084124772405
Greece,2020,0.0,0.04865721127279423,17.801099999999995,0.0,0.295912407418153,99.70408759258186,17.853931999999993,5.407951285871319
Greece,2021,0.0,3.202166144778044,15.209800000000001,0.0,18.60633374132378,81.39366625867622,18.686712,5.728765086930928
Greece,2022,0.0,2.8269681340946766,17.3887,0.0,15.003855173729175,84.99614482627082,20.458222,5.6759022306070355
Greece,2023,0.0,2.8283753914164658,16.8051,0.0,15.450929883302344,84.54907011669765,19.87615,6.455449394881212
