year,ODA to Education as % of Total ODA,Bilateral funding,Bilateral as earmarked funding through multilaterals,Multilateral as core contributions to organizations,Earmarked,Bilateral,Multilateral,donor
2019,5.3394084124772405,3.0839316632897393,0.009600294713575245,16.734499999999997,0.05187758383238883,16.664792922392593,83.28332949377501,Greece
2020,5.407951285871319,0.04865721127279423,0.0,17.801099999999995,0.0,0.295912407418153,99.70408759258186,Greece
2021,5.728765086930928,3.202166144778044,0.0,15.209800000000001,0.0,18.60633374132378,81.39366625867622,Greece
2022,5.6759022306070355,2.8269681340946766,0.0,17.3887,0.0,15.003855173729175,84.99614482627082,Greece
2023,6.455449394881212,2.8283753914164658,0.0,16.8051,0.0,15.450929883302344,84.54907011669765,Greece
