donor,year,Bilateral as earmarked funding through multilaterals,Bilateral funding,Multilateral as core contributions to organizations,Earmarked,Bilateral,Multilateral,Sector ODA,ODA to Education as % of Total ODA
Hungary,2019,0.0,97.9178523546171,12.729800000000003,0.0,90.17648382279533,9.82351617720466,129.58496500000007,41.057356761098035
Hungary,2020,0.0,109.41043405396344,15.9509,0.0,89.11359734480129,10.886402655198722,146.52131199999997,34.80432136770275
Hungary,2021,0.0,111.40629713423826,12.2119,0.0,91.58752495235136,8.41247504764864,145.16417499999994,35.81709334595774
Hungary,2022,0.0,119.82988268811795,1.9044999999999996,0.0,98.68573127602512,1.3142687239748743,144.90948199999997,39.02970318896789
Hungary,2023,0.0,74.980987095693,1.0198999999999996,0.0,98.87306619363218,1.1269338063678218,90.50221,39.30140757181276
