year,ODA to Education as % of Total ODA,Bilateral funding,Bilateral as earmarked funding through multilaterals,Multilateral as core contributions to organizations,Earmarked,Bilateral,Multilateral,donor
2019,15.760738755975732,9.57874808575804,0.017442572741194488,0.5622999999999999,0.1721128782441162,94.51735861886593,5.310528502889954,Iceland
2020,17.34987161049513,10.337669410413476,0.19906776416539051,0.6530000000000001,1.783483709137788,92.6170294885439,5.599486802318308,Iceland
2021,16.83807190624946,10.918827526799387,0.15041156202143952,0.6274999999999998,1.2888922096533477,93.56456078711741,5.146547003229243,Iceland
2022,10.799882390336936,8.44469467840735,0.33040964777947923,1.0246999999999997,3.386779207428993,86.5601732338173,10.053047558753718,Iceland
2023,5.754376999124519,3.062184150076569,1.1047090352220519,1.7465999999999997,18.920784174867258,52.44722688056234,28.631988944570395,Iceland
