donor,year,Bilateral as earmarked funding through multilaterals,Bilateral funding,Multilateral as core contributions to organizations,Earmarked,Bilateral,Multilateral,Sector ODA,ODA to Education as % of Total ODA
Iceland,2019,0.017442572741194488,9.783678215926493,0.5622999999999999,0.16870151763788996,94.62602722644763,5.2052712559144805,10.802510999999999,16.07944106565243
Iceland,2020,0.19906776416539051,10.645221094946399,0.6530000000000001,1.7356591730379245,92.81500558327372,5.449335243688348,11.983113,17.827931804600983
Iceland,2021,0.15041156202143952,11.273326952526801,0.6274999999999998,1.2508932962148758,93.75428937400572,4.99481732977941,12.563022,17.34956912089792
Iceland,2022,0.33040964777947923,8.699400842266462,1.0246999999999997,3.3006069578429997,86.90213237421463,9.797260667942371,10.459045999999999,11.081845730027547
Iceland,2023,1.1047090352220519,3.5887356431852986,1.7465999999999997,17.35557931050142,56.38098729518064,26.263433394317946,6.650310999999999,6.273332817843564
