year,ODA to Education as % of Total ODA,Bilateral funding,Bilateral as earmarked funding through multilaterals,Multilateral as core contributions to organizations,Earmarked,Bilateral,Multilateral,donor
2019,8.584132128797398,37.47537840375587,15.25793896713615,27.754400000000008,19.36439353437736,47.56133687669637,33.07426958892627,Ireland
2020,8.053220279314928,35.604200938967125,10.486748356807512,29.660599999999977,14.182535993128726,48.15199565608853,37.66546835078275,Ireland
2021,6.732415365658674,33.60435962441314,11.054765258215962,26.1582,15.97029051805742,48.54661074565103,35.48309873629154,Ireland
2022,3.3400703252386714,32.372933333333364,13.5280779342723,31.618799999999993,17.89664426127117,42.82699097206819,39.276364766660635,Ireland
2023,3.534562854589565,33.13380281690144,15.78829014084507,41.37739999999999,17.98741089871227,37.748946883276346,44.26364221801139,Ireland
