"Year","ODA to the education sector as % of  total ODA","Bilateral funding","Bilateral as earmarked funding through multilaterals","Multilateral as core contributions to organizations","Bilateral","Earmarked","Multilateral"
2018,7.10876409029483,29.151669,15.517117,23.912631190245,"43%","23%","35%"
2019,6.91953265142433,31.020466,17.080147,22.9991245893999,"44%","24%","32%"
2020,6.51901630207921,29.335045,12.709383,25.0728793839047,"44%","19%","37%"
2021,5.73036739609584,30.513226,13.59981,22.0664040207712,"46%","21%","33%"
2022,2.84190364874366,28.858953,16.390223,28.6302201911384,"39%","22%","39%"
