"Year","ODA to the education sector as % of  total ODA","Bilateral funding","Bilateral as earmarked funding through multilaterals","Multilateral as core contributions to organizations","Bilateral","Earmarked","Multilateral"
2018,6.96265062712303,29.151669,15.517117,22.50300945465,"43%","23%","34%"
2019,6.77291296061352,31.020466,17.080147,21.4925746434376,"45%","25%","31%"
2020,6.35714671283988,29.335045,12.709383,23.4063317832157,"45%","19%","36%"
2021,5.550095631318,30.513226,13.59981,19.9844634365285,"48%","21%","31%"
2022,2.80399767414225,28.858953,16.390223,26.4045064736806,"40%","23%","37%"
