"Year","ODA to the education sector as % of  total ODA","Bilateral funding","Bilateral as earmarked funding through multilaterals","Multilateral as core contributions to organizations","Bilateral","Earmarked","Multilateral"
2018,7.10877640443485,29.151669,15.517117,23.912749990245,"43%","23%","35%"
2019,6.91954351912087,31.020466,17.080147,22.9992362573999,"44%","24%","32%"
2020,6.51903067518311,29.335045,12.709383,25.0730273639047,"44%","19%","37%"
2021,5.73036739609584,30.513226,13.59981,22.0664040207712,"46%","21%","33%"
2022,2.85894018213564,28.858953,16.390223,29.0731095201789,"39%","22%","39%"
