donor,year,Bilateral as earmarked funding through multilaterals,Bilateral funding,Multilateral as core contributions to organizations,Earmarked,Bilateral,Multilateral,Sector ODA,ODA to Education as % of Total ODA
Italy,2019,4.359503499766682,143.23672608492765,192.21180000000004,1.3332550902617175,43.805698097357585,54.86104681238069,350.36116000000004,7.924559634492239
Italy,2020,7.059322445170321,125.76530564629033,184.5506,2.3140738963264926,41.22636600325764,56.45956010041587,326.8721890000001,7.559179975527923
Italy,2021,10.902764349043396,222.49147736817523,172.07349999999997,2.767301133613278,56.47200084575483,40.76069802063191,422.1554299999997,7.037078549898274
Italy,2022,5.22066915538964,564.6029379374704,193.25710000000012,0.695917675766706,75.26183954692168,24.042242777311618,803.8230949999997,11.595046137956597
Italy,2023,14.933091927204854,258.25379934670997,187.64379999999989,3.3309787694675967,57.60614927917699,39.06287195135542,480.3635539999996,8.334926122240784
