"Year","ODA to agriculture as % of  total ODA","Bilateral funding","Bilateral as earmarked funding through multilaterals","Multilateral as core contributions to organizations","Bilateral","Earmarked","Multilateral"
2018,5.94456306406197,81.768095,22.668696,215.374100171469,"26%","7%","67%"
2019,5.91079596550424,49.903384,27.791394,205.713838761242,"18%","10%","73%"
2020,7.29616387698167,108.117281,21.015926,212.902359796314,"32%","6%","62%"
2021,5.61483554464555,46.684834,37.788113,283.364474750156,"13%","10%","77%"
2022,4.30598768942376,66.35239,23.959252,234.89543708006,"20%","7%","72%"
