"Year","ODA to the education sector as % of  total ODA","Bilateral funding","Bilateral as earmarked funding through multilaterals","Multilateral as core contributions to organizations","Bilateral","Earmarked","Multilateral"
2018,5.11388279087203,114.282101,13.541283,147.297830977521,"42%","5%","54%"
2019,6.10605310514831,140.729122,7.07425,144.967360486812,"48%","2%","50%"
2020,5.98524816948047,130.144552,12.034002,138.402828844671,"46%","4%","49%"
2021,5.41937992081789,195.320139,19.202745,140.509907558645,"55%","5%","40%"
2022,8.19402355369714,415.371263,11.37782,174.273567947002,"69%","2%","29%"
