donor,year,Bilateral as earmarked funding through multilaterals,Bilateral funding,Multilateral as core contributions to organizations,Earmarked,Bilateral,Multilateral,Sector ODA,ODA to Education as % of Total ODA
Japan,2019,21.821726915926472,697.6544711836387,166.486,2.4479452786720035,78.2623655523779,19.289689168950087,863.082854999999,5.442965984552446
Japan,2020,20.149109688080976,568.5933247262958,64.8234,3.0729397108021037,86.7161395166756,10.21092077252229,634.8438249999996,3.8469672664304984
Japan,2021,44.2119510431729,482.0573734765532,85.7072,7.191372821059633,78.40989171514948,14.398735463790873,595.2411599999988,3.2375098966157614
Japan,2022,17.109545548440412,646.9036263168783,89.19889999999998,2.2627431033325833,85.55322026672901,12.184036629938403,732.0964530000016,3.288401301891622
Japan,2023,15.476535839702542,676.3238845279899,181.05870000000004,1.7610869405361205,76.95941604447538,21.279497014988493,850.8598669999998,3.4323305128665442
