"Year","ODA to the education sector as % of  total ODA","Bilateral funding","Bilateral as earmarked funding through multilaterals","Multilateral as core contributions to organizations","Bilateral","Earmarked","Multilateral"
2018,4.53802318826001,564.784395,19.846469,208.27955490785,"71%","3%","26%"
2019,4.89743775508158,667.007923,50.061959,203.931304742383,"72%","5%","22%"
2020,3.54356438986714,541.664777,72.63951,79.4262810314643,"78%","10%","11%"
2021,3.08448830222431,485.266389,86.12212,105.696463237335,"72%","13%","16%"
2022,3.1335236043562,668.799196,57.019682,110.663005067473,"80%","7%","13%"
