year,ODA to Education as % of Total ODA,Bilateral funding,Bilateral as earmarked funding through multilaterals,Multilateral as core contributions to organizations,Earmarked,Bilateral,Multilateral,donor
2019,5.442965984552446,697.6544711836387,21.821726915926472,166.486,2.4479452786720035,78.2623655523779,19.289689168950087,Japan
2020,3.8469672664304984,568.5933247262958,20.149109688080976,64.8234,3.0729397108021037,86.7161395166756,10.21092077252229,Japan
2021,3.2375098966157614,482.0573734765532,44.2119510431729,85.7072,7.191372821059633,78.40989171514948,14.398735463790873,Japan
2022,3.288401301891622,646.9036263168783,17.109545548440412,89.19889999999998,2.2627431033325833,85.55322026672901,12.184036629938403,Japan
2023,3.4323305128665442,676.3238845279899,15.476535839702542,181.05870000000004,1.7610869405361205,76.95941604447538,21.279497014988493,Japan
