"Year","ODA to the education sector as % of  total ODA","Bilateral funding","Bilateral as earmarked funding through multilaterals","Multilateral as core contributions to organizations","Bilateral","Earmarked","Multilateral"
2018,4.36308989067923,564.784395,19.846469,177.714168061758,"74%","3%","23%"
2019,4.75567312899837,667.007923,50.061959,177.271366343931,"75%","6%","20%"
2020,3.4942581105655,541.664777,72.63951,69.7734937855904,"79%","11%","10%"
2021,3.02435669985125,485.266389,86.12212,92.5491221896839,"73%","13%","14%"
2022,3.06188769955641,668.799196,57.019682,92.4512298250627,"82%","7%","11%"
