year,ODA to Education as % of Total ODA,Bilateral funding,Bilateral as earmarked funding through multilaterals,Multilateral as core contributions to organizations,Earmarked,Bilateral,Multilateral,donor
2019,4.33962880468191,516.9536841561657,21.821726915926472,166.486,3.070327782293839,72.73563933500643,24.19403288269973,Japan
2020,2.7082140794830614,374.4989557942576,20.149109688080976,64.8234,4.365053179779111,81.13052552295537,14.504421297265525,Japan
2021,2.330672931258657,309.8522825862416,44.2119510431729,85.7072,9.989449985099744,70.0094387746368,20.001111240263448,Japan
2022,2.5558788868880598,478.46591510018595,17.109545548440412,89.19889999999998,2.9112519396037575,81.4127306552963,15.676017405099927,Japan
2023,2.739576770781696,498.952833092336,15.476535839702542,181.05870000000004,2.2064110435891067,71.13316911274387,26.660419843667025,Japan
