"Year","ODA to the education sector as % of  total ODA","Bilateral funding","Bilateral as earmarked funding through multilaterals","Multilateral as core contributions to organizations","Bilateral","Earmarked","Multilateral"
2018,9.86340356728085,194.816315,31.852752,21.3346907067447,"79%","13%","9%"
2019,10.1381117422199,231.676008,33.341161,19.9694993974973,"81%","12%","7%"
2020,8.62998052045179,175.813989,28.906339,16.3611389074356,"80%","13%","7%"
2021,7.39289831364924,187.885411,21.552906,23.9199968500011,"81%","9%","10%"
2022,8.30397796552105,224.908568,34.326989,19.4466512709285,"81%","12%","7%"
