"Year","ODA to the education sector as % of  total ODA","Bilateral funding","Bilateral as earmarked funding through multilaterals","Multilateral as core contributions to organizations","Bilateral","Earmarked","Multilateral"
2018,9.73509613057147,194.816315,31.852752,18.108550132795,"80%","13%","7%"
2019,10.039033050667,231.676008,33.341161,17.1843548920131,"82%","12%","6%"
2020,8.54304307420255,175.813989,28.906339,14.1339892516026,"80%","13%","6%"
2021,7.28880600806551,187.885411,21.552906,20.6343024057894,"82%","9%","9%"
2022,8.14838024341866,224.908568,34.326989,16.3485988459425,"82%","12%","6%"
