year,ODA to Education as % of Total ODA,Bilateral funding,Bilateral as earmarked funding through multilaterals,Multilateral as core contributions to organizations,Earmarked,Bilateral,Multilateral,donor
2019,10.752022822240361,227.9150922619045,23.92700595238095,18.112599999999997,8.868063427789236,84.47214408486747,6.6597924873432985,Korea
2020,10.482060544541493,205.0950773809506,19.895423611111116,14.84,8.299694461076314,85.55869485392816,6.14161068499553,Korea
2021,8.404951497312764,198.62491170635045,16.130813492063496,21.639599999999987,6.828621144505119,84.08343897663782,9.087939878857066,Korea
2022,9.463792058724517,240.8977559523809,28.793208333333318,17.71609999999999,10.02317092692051,83.85864318659515,6.118185886484352,Korea
2023,9.139926387872313,265.0897400793652,14.734286706349208,34.68439999999999,4.688966307209349,84.36084381902265,10.950189873767993,Korea
