donor,year,Bilateral as earmarked funding through multilaterals,Bilateral funding,Multilateral as core contributions to organizations,Earmarked,Bilateral,Multilateral,Sector ODA,ODA to Education as % of Total ODA
Korea,2019,23.92700595238095,240.74460912698348,18.112599999999997,8.465527401693546,85.17697907671891,6.357493521587545,284.9015879999993,11.26328175910104
Korea,2020,19.895423611111116,221.0001636904743,14.84,7.78326973702437,86.45726371811776,5.759466544857873,257.6627519999981,11.177551695061496
Korea,2021,16.130813492063496,212.19292956349346,21.639599999999987,6.457708537537088,84.94798439777186,8.594307064691053,251.78993300000138,8.887708260518606
Korea,2022,28.793208333333318,253.80136309523783,17.71609999999999,9.592298318399058,84.55252225600098,5.855179425599964,302.5714279999997,9.888892346006637
Korea,2023,14.734286706349208,280.97374603174603,34.68439999999999,4.463350744550027,85.11334165972225,10.423307595727712,332.758097,9.601935706136747
