year,ODA to Education as % of Total ODA,Bilateral funding,Bilateral as earmarked funding through multilaterals,Multilateral as core contributions to organizations,Earmarked,Bilateral,Multilateral,donor
2019,11.26328175910104,240.74460912698348,23.92700595238095,18.112599999999997,8.465527401693546,85.17697907671891,6.357493521587545,Korea
2020,11.177551695061496,221.0001636904743,19.895423611111116,14.84,7.78326973702437,86.45726371811776,5.759466544857873,Korea
2021,8.887708260518606,212.19292956349346,16.130813492063496,21.639599999999987,6.457708537537088,84.94798439777186,8.594307064691053,Korea
2022,9.888892346006637,253.80136309523783,28.793208333333318,17.71609999999999,9.592298318399058,84.55252225600098,5.855179425599964,Korea
2023,9.601935706136747,280.97374603174603,14.734286706349208,34.68439999999999,4.463350744550027,85.11334165972225,10.423307595727712,Korea
