year,ODA to Education as % of Total ODA,Bilateral funding,Bilateral as earmarked funding through multilaterals,Multilateral as core contributions to organizations,Earmarked,Bilateral,Multilateral,donor
2019,13.855447724431883,4.952944344703773,0.0,5.621899999999998,0.0,49.531755521801756,50.468244478198244,Lithuania
2020,11.672499504163252,3.635693895870735,0.0,5.5787,0.0,42.06273367894008,57.93726632105993,Lithuania
2021,15.44829904666018,7.8438949730700145,0.0,5.087300000000001,0.0,63.203231964589214,36.79676803541078,Lithuania
2022,6.446494697031984,7.388997307001797,0.0,7.450400000000003,0.0,52.489975125851764,47.51002487414824,Lithuania
2023,12.016616098271122,14.987946140035906,0.0,6.324600000000001,0.0,72.52702859784897,27.472971402151035,Lithuania
