year,ODA to Education as % of Total ODA,Bilateral funding,Bilateral as earmarked funding through multilaterals,Multilateral as core contributions to organizations,Earmarked,Bilateral,Multilateral,donor
2019,14.034749816335227,5.082347396768403,0.0,5.621899999999998,0.0,50.17651669874116,49.82348330125884,Lithuania
2020,11.741909981455265,3.6870924596050263,0.0,5.5787,0.0,42.405220830918786,57.59477916908121,Lithuania
2021,15.592362429408613,7.959630161579887,0.0,5.087300000000001,0.0,63.54321039321992,36.45678960678008,Lithuania
2022,6.523047767820442,7.556163375224418,0.0,7.450400000000003,0.0,53.04754245125052,46.95245754874947,Lithuania
2023,12.070592073267434,15.080770197486533,0.0,6.324600000000001,0.0,72.64987927563477,27.350120724365226,Lithuania
