donor,year,Bilateral as earmarked funding through multilaterals,Bilateral funding,Multilateral as core contributions to organizations,Earmarked,Bilateral,Multilateral,Sector ODA,ODA to Education as % of Total ODA
Luxembourg,2019,3.6227465231045306,45.52107402422611,10.313499999999994,6.203572512001669,77.95005301433122,15.846374473667126,65.08428799999999,12.513951352965787
Luxembourg,2020,4.331288470165994,31.57972633467924,10.325699999999996,9.587611363240304,69.90394316608197,20.508445470677717,50.348526000000014,10.658928846721729
Luxembourg,2021,2.786566173171826,64.08752714221626,11.404400000000004,3.6139025400388003,83.11522595583433,13.270871504126868,85.93557700000002,16.845080586855662
Luxembourg,2022,2.057930910722297,55.48180439659034,7.963500000000002,3.181460902448536,85.77216589992153,11.046373197629942,72.09153499999994,13.570937652949802
Luxembourg,2023,4.100245850157022,72.31413189771195,7.168399999999999,4.949219028884219,87.28707758626066,7.763703384855108,92.33222399999998,17.6465709268935
