year,ODA to Education as % of Total ODA,Bilateral funding,Bilateral as earmarked funding through multilaterals,Multilateral as core contributions to organizations,Earmarked,Bilateral,Multilateral,donor
2019,12.335778500487978,44.68961058770749,3.6227465231045306,10.313499999999994,6.293174332427719,77.63157275374078,16.07525291383149,Luxembourg
2020,10.594731424928957,31.307637505607914,4.331288470165994,10.325699999999996,9.645706269659817,69.72157995389897,20.63271377644121,Luxembourg
2021,16.472986849722833,62.38430148048453,2.786566173171826,11.404400000000004,3.695533789673379,82.73383072180349,13.570635488523127,Luxembourg
2022,13.167087082564649,53.55687393449973,2.057930910722297,7.963500000000002,3.2790401765928703,85.33578092877097,11.385178894636176,Luxembourg
2023,16.986807658779735,69.21670524899056,4.100245850157022,7.168399999999999,5.141445431084034,86.79331092877865,8.065243640137298,Luxembourg
