"Year","ODA to the education sector as % of  total ODA","Bilateral funding","Bilateral as earmarked funding through multilaterals","Multilateral as core contributions to organizations","Bilateral","Earmarked","Multilateral"
2018,11.9519435855985,57.013815,1.114959,6.77816902824122,"88%","2%","10%"
2019,12.2260189900459,53.867868,4.995916,9.47480989193996,"79%","7%","14%"
2020,10.3553241564843,37.832652,5.188903,9.55778503693482,"72%","10%","18%"
2021,11.1674023280869,45.160133,5.062617,10.1069075970237,"75%","8%","17%"
2022,8.73698712628457,37.432262,4.664214,7.13857801936278,"76%","9%","14%"
