"Year","ODA to the education sector as % of  total ODA","Bilateral funding","Bilateral as earmarked funding through multilaterals","Multilateral as core contributions to organizations","Bilateral","Earmarked","Multilateral"
2018,11.9519272650564,57.013815,1.114959,6.77808039692481,"88%","2%","10%"
2019,12.2260097388677,53.867868,4.995916,9.47475818152506,"79%","7%","14%"
2020,10.3553008746347,37.832652,5.188903,9.55766682293482,"72%","10%","18%"
2021,11.1674023280869,45.160133,5.062617,10.1069075970237,"75%","8%","17%"
2022,8.72473720749357,37.432262,4.664214,7.06954673836278,"76%","9%","14%"
