"Year","ODA to the education sector as % of  total ODA","Bilateral funding","Bilateral as earmarked funding through multilaterals","Multilateral as core contributions to organizations","Bilateral","Earmarked","Multilateral"
2018,11.7969215654547,57.013815,1.114959,5.93629713037506,"89%","2%","9%"
2019,12.1015018655831,53.867868,4.995916,8.77880858454939,"80%","7%","13%"
2020,10.1895130936159,37.832652,5.188903,8.71587645689427,"73%","10%","17%"
2021,11.0028518109646,45.160133,5.062617,9.21795633837382,"76%","9%","16%"
2022,8.52669897980206,37.432262,4.664214,5.95355300993468,"78%","10%","12%"
