year,ODA to Education as % of Total ODA,Bilateral funding,Bilateral as earmarked funding through multilaterals,Multilateral as core contributions to organizations,Earmarked,Bilateral,Multilateral,donor
2019,3.8655671279635984,79.2252808988764,13.989144617615079,110.61479999999999,7.231576142799648,40.95487371926171,51.81355013793863,Netherlands
2020,3.5145143331685595,47.65557085900689,43.789684668358106,89.93139999999998,25.321560788685655,27.557024983507503,47.12141422780684,Netherlands
2021,3.0674308494319784,68.27540866255889,10.840382384922075,65.83619999999999,7.811669606419036,49.19982670140691,42.98850369217404,Netherlands
2022,3.118997263720422,39.628275643349035,33.028829285973174,123.624,17.88474832151284,21.458276046067013,60.65697563242014,Netherlands
2023,2.818454441939441,41.34934034070316,11.65784704603117,129.7743,6.833480006844527,24.23774213186305,68.92877786129243,Netherlands
