year,ODA to Education as % of Total ODA,Bilateral funding,Bilateral as earmarked funding through multilaterals,Multilateral as core contributions to organizations,Earmarked,Bilateral,Multilateral,donor
2019,3.8269432595865918,77.2924193548387,13.989144617615079,110.61479999999999,7.304561663135785,40.35895393914528,52.33648439771895,Netherlands
2020,3.4661919852540475,45.27783254802465,43.789684668358106,89.93139999999998,25.67456987628807,26.547094010958467,47.77833611275344,Netherlands
2021,3.0147243815633944,65.89094961942732,10.840382384922075,65.83619999999999,7.9482411336964995,48.31168657222793,43.74007229407558,Netherlands
2022,3.0771391952154894,37.149857738310985,33.028829285973174,123.624,18.128033065212236,20.389879508506752,61.48208742628101,Netherlands
2023,2.781096322909015,39.08808082638637,11.65784704603117,129.7743,6.925273289006258,23.22003719869078,69.85468951230295,Netherlands
