"Year","ODA to the education sector as % of  total ODA","Bilateral funding","Bilateral as earmarked funding through multilaterals","Multilateral as core contributions to organizations","Bilateral","Earmarked","Multilateral"
2018,4.82618010313394,68.60209,127.444363,100.813403025673,"23%","43%","34%"
2019,3.36629287237022,91.279955,17.813442,88.0636190384118,"46%","9%","45%"
2020,3.05210744463774,53.355746,53.679516,68.7496265078667,"30%","31%","39%"
2021,2.72870817081146,78.010437,14.988198,52.1110639447658,"54%","10%","36%"
2022,2.80601759504669,43.866288,41.384232,109.691158539996,"23%","21%","56%"
