"Year","ODA to the education sector as % of  total ODA","Bilateral funding","Bilateral as earmarked funding through multilaterals","Multilateral as core contributions to organizations","Bilateral","Earmarked","Multilateral"
2018,4.65122193913674,68.60209,127.444363,90.051671332113,"24%","45%","31%"
2019,3.21907482034917,91.279955,17.813442,79.4413532570564,"48%","9%","42%"
2020,2.9429799068699,53.355746,53.679516,62.4644702977337,"31%","32%","37%"
2021,2.63488792649128,78.010437,14.988198,47.1218065540874,"56%","11%","34%"
2022,2.65705355920916,43.866288,41.384232,99.3422215841045,"24%","22%","54%"
