donor,year,Bilateral as earmarked funding through multilaterals,Bilateral funding,Multilateral as core contributions to organizations,Earmarked,Bilateral,Multilateral,Sector ODA,ODA to Education as % of Total ODA
New Zealand,2019,1.566019313304721,76.84121732344911,3.4646999999999992,1.9147586688590352,93.95311139890505,4.132129932235904,83.84779900000004,14.160954198618905
New Zealand,2020,1.4385944206008583,73.91198888021852,2.0624000000000002,1.8595551548194236,95.54007575516678,2.600369090013798,79.31181800000002,14.108826535720976
New Zealand,2021,2.2968386656262196,64.10049258681235,2.3939,3.3417123109635263,93.2609714482385,3.3973162407979824,70.46444400000001,10.879739866169578
New Zealand,2022,0.17226102223956302,43.15638997268825,2.3846999999999996,0.37731251118865283,94.52774436567809,5.094943123133262,46.805232999999994,9.084337674436659
New Zealand,2023,0.8949444010924699,92.40477467811161,3.399000000000001,0.9262980168212636,95.64209734667806,3.431604636500692,99.04987200000001,13.293358187449277
