year,ODA to Education as % of Total ODA,Bilateral funding,Bilateral as earmarked funding through multilaterals,Multilateral as core contributions to organizations,Earmarked,Bilateral,Multilateral,donor
2019,12.558544690475328,67.5864806866953,1.566019313304721,3.4646999999999992,2.1590726058956307,93.18155768564492,4.659369708459441,New Zealand
2020,12.52273281709198,65.21503316426065,1.4385944206008583,2.0624000000000002,2.0950811213622575,94.97519443623965,2.9297244423981073,New Zealand
2021,8.938908964160381,51.83935914943426,2.2968386656262196,2.3939,4.0672704909099044,91.79778226986994,4.1349472392201445,New Zealand
2022,7.286156085631661,34.11935232149825,0.17226102223956302,2.3846999999999996,0.47043107780612814,93.17722301872575,6.352345903468102,New Zealand
2023,11.970803963009521,82.79254584471322,0.8949444010924699,3.399000000000001,1.0286369540407432,95.16062905251351,3.8107339934457403,New Zealand
