"Year","ODA to the education sector as % of  total ODA","Bilateral funding","Bilateral as earmarked funding through multilaterals","Multilateral as core contributions to organizations","Bilateral","Earmarked","Multilateral"
2018,9.41141114780349,160.338649,236.34587,33.4347891734599,"37%","55%","8%"
2019,8.54287268988948,161.55523,234.539438,31.1970091816086,"38%","55%","7%"
2020,8.42497914322768,155.401437,265.041172,35.8822855738351,"34%","58%","8%"
2021,8.28437501778538,148.532982,211.59932,29.2266963358985,"38%","54%","8%"
2022,5.31415837938599,123.10453,104.450532,27.5462683161766,"48%","41%","11%"
