year,ODA to Education as % of Total ODA,Bilateral funding,Bilateral as earmarked funding through multilaterals,Multilateral as core contributions to organizations,Earmarked,Bilateral,Multilateral,donor
2019,7.7114474365564565,204.41844130540682,303.98548952752077,29.701800000000002,55.82091884746024,37.5374010146638,6.641680137875964,Norway
2020,8.026286929771175,202.32560155869442,363.49930832927424,33.766200000000005,59.89018582211733,33.3351882555591,6.7746259223235645,Norway
2021,7.749629553582316,190.75874573794448,283.48208962493914,27.459599999999995,55.83882094295873,37.57466110348368,6.586517953557577,Norway
2022,4.6850035530564025,149.75593643448622,115.98769240136384,24.390800000000002,39.25863566727463,50.68825515683681,10.053109175888554,Norway
2023,3.7898350310101088,144.13511446663418,119.9185655138821,28.4702,40.143773855271654,48.250472434832766,11.605753709895586,Norway
