donor,year,Bilateral as earmarked funding through multilaterals,Bilateral funding,Multilateral as core contributions to organizations,Earmarked,Bilateral,Multilateral,Sector ODA,ODA to Education as % of Total ODA
Norway,2019,303.98548952752077,255.25481368728688,29.701800000000002,51.054896444336805,42.87049391725353,6.074609638409668,488.94993700000003,8.431318277607076
Norway,2020,363.49930832927424,220.32411592791033,33.766200000000005,58.16532950507075,35.25515594448311,6.579514550446137,513.201996,8.26430142794465
Norway,2021,283.48208962493914,215.7800657574282,27.459599999999995,53.216032137546385,40.50682330295257,6.277144559501043,437.4536820000001,8.131575384994418
Norway,2022,115.98769240136384,182.09082318558205,24.390800000000002,35.38584350012352,55.55276804505083,9.061388454825632,269.172877,5.197752247694376
Norway,2023,119.9185655138821,181.93265465172922,28.4702,35.63487447831724,54.06291581490694,10.302209706775843,276.350422,4.269364847243332
