"Year","ODA to the education sector as % of  total ODA","Bilateral funding","Bilateral as earmarked funding through multilaterals","Multilateral as core contributions to organizations","Bilateral","Earmarked","Multilateral"
2018,9.4114260893289,160.338649,236.34587,33.4354720294599,"37%","55%","8%"
2019,8.54288783512033,161.55523,234.539438,31.1977667056086,"38%","55%","7%"
2020,8.42499479326356,155.401437,265.041172,35.8831332318351,"34%","58%","8%"
2021,8.28437501778538,148.532982,211.59932,29.2266963358985,"38%","54%","8%"
2022,5.31420258645369,123.10453,104.450532,27.5483904361766,"48%","41%","11%"
