year,ODA to Education as % of Total ODA,Bilateral funding,Bilateral as earmarked funding through multilaterals,Multilateral as core contributions to organizations,Earmarked,Bilateral,Multilateral,donor
2019,30.62165513559064,173.97288900238337,0.07279536942458288,47.39650000000001,0.033954648072499996,81.14785688878149,18.81818846314601,Poland
2020,29.68196226888701,170.59781154239042,0.05686584950629894,52.324299999999994,0.02642543989115276,79.27644189991898,20.697132660189865,Poland
2021,27.571418191830034,178.66901259788898,0.0,52.216599999999985,0.0,80.07889272146134,19.921107278538667,Poland
2022,7.630164298591108,172.65623850868207,0.08056435137895811,64.98600000000002,0.03532695975214674,75.70867119705146,24.256001843196394,Poland
2023,11.198555134273146,159.64534473953034,0.0,59.803,0.0,75.82294398371026,24.17705601628974,Poland
