year,ODA to Education as % of Total ODA,Bilateral funding,Bilateral as earmarked funding through multilaterals,Multilateral as core contributions to organizations,Earmarked,Bilateral,Multilateral,donor
2019,30.67747902013992,107.78283118299113,0.5747564964564782,19.453899999999987,0.45603538969060553,85.51932117954593,14.024643430763476,Portugal
2020,27.701529710506573,102.33704979102312,0.5634681083045611,18.993199999999995,0.46894068464025723,85.16898380897773,14.362075506382025,Portugal
2021,30.248536116955165,110.03853897873873,0.6786480101762674,18.788399999999992,0.5310723543350703,86.11006749706932,13.358860148595607,Portugal
2022,24.353134840959537,106.01182627657647,0.7097156096674541,20.814499999999992,0.5649095307489399,84.38181465925454,15.053275809996514,Portugal
2023,26.067314013707964,105.63554152280572,1.5493158277303287,22.03619999999999,1.2179500430038164,83.04234039157237,15.739709565423817,Portugal
