donor,year,Bilateral as earmarked funding through multilaterals,Bilateral funding,Multilateral as core contributions to organizations,Earmarked,Bilateral,Multilateral,Sector ODA,ODA to Education as % of Total ODA
Portugal,2019,0.5747564964564782,108.4085235326186,19.453899999999987,0.45378258610643946,85.59085537598189,13.955362037911682,139.400898,30.82977736037094
Portugal,2020,0.5634681083045611,102.64375159004183,18.993199999999995,0.4677467633762519,85.20674352183107,14.32550971479268,132.58306600000003,27.772237725946646
Portugal,2021,0.6786480101762674,110.600370706887,18.788399999999992,0.5287476707834028,86.17086843569804,13.30038389351856,141.26208799999984,30.3815263469999
Portugal,2022,0.7097156096674541,106.1586380156279,20.814499999999992,0.5642501640314599,84.40004432443202,15.035705511536511,138.43381000000008,24.38159322272713
Portugal,2023,1.5493158277303287,106.52918317281483,22.03619999999999,1.2094535032053504,83.16063869993032,15.629907796864332,140.987396,26.25043967366066
