year,ODA to Education as % of Total ODA,Bilateral funding,Bilateral as earmarked funding through multilaterals,Multilateral as core contributions to organizations,Earmarked,Bilateral,Multilateral,donor
2019,30.82977736037094,108.4085235326186,0.5747564964564782,19.453899999999987,0.45378258610643946,85.59085537598189,13.955362037911682,Portugal
2020,27.772237725946646,102.64375159004183,0.5634681083045611,18.993199999999995,0.4677467633762519,85.20674352183107,14.32550971479268,Portugal
2021,30.3815263469999,110.600370706887,0.6786480101762674,18.788399999999992,0.5287476707834028,86.17086843569804,13.30038389351856,Portugal
2022,24.38159322272713,106.1586380156279,0.7097156096674541,20.814499999999992,0.5642501640314599,84.40004432443202,15.035705511536511,Portugal
2023,26.25043967366066,106.52918317281483,1.5493158277303287,22.03619999999999,1.2094535032053504,83.16063869993032,15.629907796864332,Portugal
