donor,year,Bilateral as earmarked funding through multilaterals,Bilateral funding,Multilateral as core contributions to organizations,Earmarked,Bilateral,Multilateral,Sector ODA,ODA to Education as % of Total ODA
Slovenia,2019,0.0,14.341542852046715,4.367100000000001,0.0,78.64318315014587,21.35681684985413,20.44827199999998,22.438408250061034
Slovenia,2020,0.0,15.662975118166427,4.623000000000002,0.0,79.16243537447714,20.83756462552286,22.185894000000015,23.985019939683664
Slovenia,2021,0.006591456345313476,16.033125836083133,4.454500000000001,0.03293696232614898,80.1162040629978,19.85085897467605,22.439835000000016,20.39584648075263
Slovenia,2022,0.006190136448764827,15.011343083920442,5.5797,0.030960539474353305,75.08061962115825,24.8884198393674,22.41885999999999,13.289187907528152
Slovenia,2023,0.0,16.265453491483107,6.274500000000003,0.0,74.40332872175783,25.596671278242162,24.51295300000001,16.794441946439893
