year,ODA to Education as % of Total ODA,Bilateral funding,Bilateral as earmarked funding through multilaterals,Multilateral as core contributions to organizations,Earmarked,Bilateral,Multilateral,donor
2019,10.661718601310508,4.648890382719372,0.05839562606435422,7.8112,0.4987476574315826,39.70542563380156,59.79582670876685,Slovak Republic
2020,8.17288000779501,3.289188850049296,0.0,8.049700000000003,0.0,31.313317828621265,68.68668217137873,Slovak Republic
2021,7.87322143141056,3.3960114726180897,0.0,7.901699999999997,0.0,32.409972773067004,67.590027226933,Slovak Republic
2022,8.392032449406845,4.819508828538141,0.12253562785695081,8.917100000000005,0.9473603900619351,37.26109576098964,61.79154384894842,Slovak Republic
2023,8.561395793705898,4.061048668997041,0.0,8.938100000000002,0.0,33.639527531789255,66.36047246821074,Slovak Republic
