donor,year,Bilateral as earmarked funding through multilaterals,Bilateral funding,Multilateral as core contributions to organizations,Earmarked,Bilateral,Multilateral,Sector ODA,ODA to Education as % of Total ODA
Slovak Republic,2019,0.05839562606435422,4.967689343013357,7.8112,0.4855276584655128,41.303617021577864,58.21085531995662,13.418803000000002,10.952017014651803
Slovak Republic,2020,0.0,3.5340405126826204,8.049700000000003,0.0,32.8779369394317,67.12206306056831,11.992629000000003,8.363390306011224
Slovak Republic,2021,0.0,3.6205243344985236,7.901699999999997,0.0,33.82780960477827,66.17219039522173,11.941119,8.041916819352238
Slovak Republic,2022,0.12253562785695081,4.990666845926328,8.917100000000005,0.9349879290653056,38.08046149953153,60.98455057140317,14.621900000000009,8.503082112119102
Slovak Republic,2023,0.0,4.238222640494754,8.938100000000002,0.0,34.599356025254096,65.40064397474592,13.666684999999998,8.687043969736123
