year,ODA to Education as % of Total ODA,Bilateral funding,Bilateral as earmarked funding through multilaterals,Multilateral as core contributions to organizations,Earmarked,Bilateral,Multilateral,donor
2019,22.438408250061034,14.341542852046715,0.0,4.367100000000001,0.0,78.64318315014587,21.35681684985413,Slovenia
2020,23.985019939683664,15.662975118166427,0.0,4.623000000000002,0.0,79.16243537447714,20.83756462552286,Slovenia
2021,20.39584648075263,16.033125836083133,0.006591456345313476,4.454500000000001,0.03293696232614898,80.1162040629978,19.85085897467605,Slovenia
2022,13.289187907528152,15.011343083920442,0.006190136448764827,5.5797,0.030960539474353305,75.08061962115825,24.8884198393674,Slovenia
2023,16.794441946439893,16.265453491483107,0.0,6.274500000000003,0.0,74.40332872175783,25.596671278242162,Slovenia
