"Year","ODA to the education sector as % of  total ODA","Bilateral funding","Bilateral as earmarked funding through multilaterals","Multilateral as core contributions to organizations","Bilateral","Earmarked","Multilateral"
2018,5.6291001943427,62.335289,1.962465,112.138689181294,"35%","1%","64%"
2019,4.89929634447772,62.311731,0.8301,96.9454156644803,"39%","1%","61%"
2020,5.21467247170482,61.124446,3.390053,103.750566986868,"36%","2%","62%"
2021,4.4323801095212,67.323986,4.342226,93.15849094271,"41%","3%","57%"
2022,4.10239008781096,70.465641,4.346301,115.451268952991,"37%","2%","61%"
