donor,year,Bilateral as earmarked funding through multilaterals,Bilateral funding,Multilateral as core contributions to organizations,Earmarked,Bilateral,Multilateral,Sector ODA,ODA to Education as % of Total ODA
Spain,2019,0.09627178021572784,54.02409790725547,129.2052,0.05557247711152968,31.18518155262613,68.75924597026234,187.909565,6.193559027410442
Spain,2020,1.7995141513782613,54.2566322485481,135.23730000000003,0.995673862809856,30.02027551302662,68.98405062416353,196.04140200000015,6.537599641281638
Spain,2021,3.6775790541163453,57.58655757352272,116.2339,2.183553082554937,34.19187010069772,63.62457681674734,182.6871090000001,5.304762662422912
Spain,2022,1.549563012814603,61.36530469254165,128.86480000000003,0.8527336537702928,33.769688649285754,65.37757769694396,197.10855699999996,4.566228449773667
Spain,2023,6.0114132939983405,69.97600534710058,131.6218,3.0463543863995963,35.46116369085574,61.49248192274466,214.045353,5.92588004956347
