"Year","ODA to the education sector as % of  total ODA","Bilateral funding","Bilateral as earmarked funding through multilaterals","Multilateral as core contributions to organizations","Bilateral","Earmarked","Multilateral"
2018,4.45900520138656,115.440085,63.472665,118.989354111481,"39%","21%","40%"
2019,4.26929262953903,103.467815,58.70528,99.0503435018097,"40%","22%","38%"
2020,3.71168895703188,101.033222,58.468464,103.098282352692,"38%","22%","39%"
2021,3.71048867527365,64.29624,61.853644,95.5158226074502,"29%","28%","43%"
2022,3.58176992721463,57.279948,51.945582,110.062553318501,"26%","24%","50%"
