"Year","ODA to the education sector as % of  total ODA","Bilateral funding","Bilateral as earmarked funding through multilaterals","Multilateral as core contributions to organizations","Bilateral","Earmarked","Multilateral"
2018,4.45902264577781,115.440085,63.472665,118.990519555481,"39%","21%","40%"
2019,4.26930801307436,103.467815,58.70528,99.0512847678097,"40%","22%","38%"
2020,3.71170601043549,101.033222,58.468464,103.099488871692,"38%","22%","39%"
2021,3.71048867527365,64.29624,61.853644,95.5158226074502,"29%","28%","43%"
2022,3.59148370272187,57.279948,51.945582,110.657263547258,"26%","24%","50%"
