"Year","ODA to the education sector as % of  total ODA","Bilateral funding","Bilateral as earmarked funding through multilaterals","Multilateral as core contributions to organizations","Bilateral","Earmarked","Multilateral"
2018,4.29393101998039,115.440085,63.472665,107.960897369586,"40%","22%","38%"
2019,4.12014982073166,103.467815,58.70528,89.9248042790075,"41%","23%","36%"
2020,3.58421264109671,101.033222,58.468464,94.0794025602804,"40%","23%","37%"
2021,3.54753082066854,64.29624,61.853644,85.7806714859848,"30%","29%","40%"
2022,3.39978689957206,57.279948,51.945582,98.9209361462138,"28%","25%","48%"
