year,ODA to Education as % of Total ODA,Bilateral funding,Bilateral as earmarked funding through multilaterals,Multilateral as core contributions to organizations,Earmarked,Bilateral,Multilateral,donor
2019,4.514721745209314,96.97718147485595,49.2825054661101,100.11469999999998,20.053306762341492,39.46051749337013,40.48617574428839,Sweden
2020,4.37474332251027,122.18231166766043,50.16220035778175,103.68060000000003,18.21521581757804,44.36761466289548,37.4171695195265,Sweden
2021,4.056935660913493,70.48888690121247,52.69093023255815,93.91949999999999,24.33529613229656,32.55527904339457,43.10942482430888,Sweden
2022,4.1560837043988,80.21634466308885,44.10301431127011,104.33149999999998,19.342749530265532,35.18137449972625,45.47587597000821,Sweden
2023,4.174189538950246,88.68413635460142,27.441904193997217,112.67959999999998,12.03004865400169,38.87756722863819,49.09238411736011,Sweden
