"Year","ODA to the education sector as % of  total ODA","Bilateral funding","Bilateral as earmarked funding through multilaterals","Multilateral as core contributions to organizations","Bilateral","Earmarked","Multilateral"
2018,5.60750370189705,113.864794,29.274388,45.3531802102865,"60%","16%","24%"
2019,5.42176414859295,101.753006,47.756951,40.4652321575375,"54%","25%","21%"
2020,5.08354770509753,115.5172,41.055973,41.5110822426679,"58%","21%","21%"
2021,5.21607653773053,125.413256,41.205557,39.775076306152,"61%","20%","19%"
2022,4.44089323984123,120.90628,46.173383,40.1960126260829,"58%","22%","19%"
