"Year","ODA to agriculture as % of  total ODA","Bilateral funding","Bilateral as earmarked funding through multilaterals","Multilateral as core contributions to organizations","Bilateral","Earmarked","Multilateral"
2018,7.01580530490023,140.302958,45.388888,50.1396014729135,"59%","19%","21%"
2019,6.24432939434107,126.510588,33.206373,59.0803944990907,"58%","15%","27%"
2020,5.78849160886871,129.65134,37.077261,58.8243230281208,"57%","16%","26%"
2021,5.83139977603532,143.395424,22.056164,65.2899034579864,"62%","10%","28%"
2022,5.41682736060504,140.866856,26.558799,87.0573618734261,"55%","10%","34%"
