"Year","ODA to the education sector as % of  total ODA","Bilateral funding","Bilateral as earmarked funding through multilaterals","Multilateral as core contributions to organizations","Bilateral","Earmarked","Multilateral"
2018,5.60751184215066,113.864794,29.274388,45.3534538392865,"60%","16%","24%"
2019,5.42177208029994,101.753006,47.756951,40.4655100795375,"54%","25%","21%"
2020,5.0835560254812,115.5172,41.055973,41.5114064526679,"58%","21%","21%"
2021,5.21607653773053,125.413256,41.205557,39.775076306152,"61%","20%","19%"
2022,4.44091789260491,120.90628,46.173383,40.1971632770829,"58%","22%","19%"
