"Year","ODA to the education sector as % of  total ODA","Bilateral funding","Bilateral as earmarked funding through multilaterals","Multilateral as core contributions to organizations","Bilateral","Earmarked","Multilateral"
2018,5.47056221049131,113.864794,29.274388,40.7499866018834,"62%","16%","22%"
2019,5.3048466938425,101.753006,47.756951,36.3685184360824,"55%","26%","20%"
2020,4.99850861660111,115.5172,41.055973,38.1974702754901,"59%","21%","20%"
2021,5.11678985143614,125.413256,41.205557,35.8464212735065,"62%","20%","18%"
2022,4.34293968284945,120.90628,46.173383,35.6240968855065,"60%","23%","18%"
