year,ODA to Education as % of Total ODA,Bilateral funding,Bilateral as earmarked funding through multilaterals,Multilateral as core contributions to organizations,Earmarked,Bilateral,Multilateral,donor
2019,6.0921418176214255,120.80053538175044,34.9269990689013,42.75159999999998,17.86241244242963,61.779970904411776,20.3576166531586,Switzerland
2020,5.695064633523389,129.7938016759781,32.56781843575419,43.8403,16.028947466343965,63.880791789152035,20.090260744503993,Switzerland
2021,5.727109718719987,137.50120949720633,30.58098975791433,41.93470000000001,14.76432791242232,66.3848018472339,18.850870240343763,Switzerland
2022,4.841259155482925,138.06379236499058,31.128645251396637,42.5572,14.907113384170124,66.11699900242509,18.975887613404787,Switzerland
2023,4.711305268763594,131.31113314711246,35.47467411545623,51.28519999999999,16.53542727162937,61.206642379367054,22.257930349003576,Switzerland
