year,ODA to Education as % of Total ODA,Bilateral funding,Bilateral as earmarked funding through multilaterals,Multilateral as core contributions to organizations,Earmarked,Bilateral,Multilateral,donor
2019,5.386202591406068,473.9562900989183,253.46333826384395,339.2291000000001,24.34743161232381,45.52776129067587,30.124807097000332,United Kingdom
2020,4.001776318837313,346.06811962651386,102.84353240269945,300.5187,14.151499617416945,47.619745725169835,38.228754657413226,United Kingdom
2021,4.017690223967962,333.63206711657614,56.190611075159474,202.67219999999998,9.735249043422641,57.80309557244921,32.461655384128164,United Kingdom
2022,2.717416831578604,269.5735388739947,37.86857908847185,99.71240000000002,9.476068522594721,67.45690986398745,23.067021613417825,United Kingdom
2023,3.2727628365784383,247.5054275677176,36.461264675973005,263.39750000000004,6.912481556350378,46.923131119088254,46.16438732456136,United Kingdom
