"Year","ODA to the education sector as % of  total ODA","Bilateral funding","Bilateral as earmarked funding through multilaterals","Multilateral as core contributions to organizations","Bilateral","Earmarked","Multilateral"
2018,4.96095597149132,1405.368877,327.885984,112.110991653638,"76%","18%","6%"
2019,4.45829089436584,1327.44708,161.253064,102.219592977027,"83%","10%","6%"
2020,3.88196537852521,1089.684097,246.352049,125.725804466824,"75%","17%","9%"
2021,2.81440129876994,1080.42081,208.55751,69.0254689219513,"80%","15%","5%"
2022,2.21961474310163,936.636418,211.791621,122.183337831294,"74%","17%","10%"
