year,ODA to Education as % of Total ODA,Bilateral funding,Bilateral as earmarked funding through multilaterals,Multilateral as core contributions to organizations,Earmarked,Bilateral,Multilateral,donor
2019,8.654909740160335,1105.7209438846257,253.46333826384395,339.2291000000001,15.152116334138814,66.1003381774821,18.747545488379085,United Kingdom
2020,6.58241228960431,814.7179430526011,102.84353240269945,300.5187,8.603401542387846,68.15543422238402,23.241164235228144,United Kingdom
2021,7.716649612696897,865.0299306646926,56.190611075159474,202.67219999999998,5.068678360787058,78.0300909190782,16.90123072013475,United Kingdom
2022,5.454526436619757,672.092872330591,37.86857908847185,99.71240000000002,4.720928278504958,83.78720097615232,11.491870745342718,United Kingdom
2023,5.01355964480467,528.0690043450121,36.461264675973005,263.39750000000004,4.512345389089073,65.35236114416222,30.13529346674871,United Kingdom
