donor,year,Bilateral as earmarked funding through multilaterals,Bilateral funding,Multilateral as core contributions to organizations,Earmarked,Bilateral,Multilateral,Sector ODA,ODA to Education as % of Total ODA
United States,2019,149.9796366615266,1760.8380425983057,128.85549999999998,7.3699930193033705,86.52750713992316,6.102499840773457,2111.5199240000024,5.522194995225741
United States,2020,242.70247783346187,1467.943962991516,158.64780000000002,13.023696547520878,78.77157618425795,8.204727268221172,1933.614546999997,4.793005700091737
United States,2021,189.6810427910563,1444.269632806477,90.34830000000001,11.021399736159472,83.91915562954185,5.059444634298675,1785.7355210000005,3.457417990080481
United States,2022,152.76445065535853,1285.545975327678,160.62260000000003,9.589056241330228,80.6939874123157,9.716956346354054,1653.013497999999,2.701033783235065
United States,2023,142.17968195836542,1743.3900684271396,205.14319999999995,6.824802464065525,83.68490258905693,9.49029494687755,2161.610373,3.4453637183936947
