year,ODA to Education as % of Total ODA,Bilateral funding,Bilateral as earmarked funding through multilaterals,Multilateral as core contributions to organizations,Earmarked,Bilateral,Multilateral,donor
2019,5.522194995225741,1760.8380425983057,149.9796366615266,128.85549999999998,7.3699930193033705,86.52750713992316,6.102499840773457,United States
2020,4.793005700091737,1467.943962991516,242.70247783346187,158.64780000000002,13.023696547520878,78.77157618425795,8.204727268221172,United States
2021,3.457417990080481,1444.269632806477,189.6810427910563,90.34830000000001,11.021399736159472,83.91915562954185,5.059444634298675,United States
2022,2.701033783235065,1285.545975327678,152.76445065535853,160.62260000000003,9.589056241330228,80.6939874123157,9.716956346354054,United States
2023,3.4453637183936947,1743.3900684271396,142.17968195836542,205.14319999999995,6.824802464065525,83.68490258905693,9.49029494687755,United States
