"Year","ODA to the education sector as % of  total ODA","Bilateral funding","Bilateral as earmarked funding through multilaterals","Multilateral as core contributions to organizations","Bilateral","Earmarked","Multilateral"
2018,5.01133973051321,1405.368877,327.885984,130.852635192026,"75%","18%","7%"
2019,4.49660715919063,1327.44708,161.253064,115.892568429131,"83%","10%","7%"
2020,3.92706861783868,1089.684097,246.352049,142.709520868819,"74%","17%","10%"
2021,2.83993065779489,1080.42081,208.55751,81.343885026929,"79%","15%","6%"
2022,2.47791863339897,936.636418,211.791621,144.794014946691,"72%","16%","11%"
