"Year","ODA to the education sector as % of  total ODA","Bilateral funding","Bilateral as earmarked funding through multilaterals","Multilateral as core contributions to organizations","Bilateral","Earmarked","Multilateral"
2018,6.50176284290793,878.057725,166.578588,385.279619498963,"61%","12%","27%"
2019,6.25032480254285,795.180548,370.145188,239.368661999002,"57%","26%","17%"
2020,4.74420134628034,608.64773,148.822481,236.304504503744,"61%","15%","24%"
2021,4.69724699965591,493.220866,139.174121,142.178694619759,"64%","18%","18%"
2022,3.25143287593248,386.174894,84.902891,77.6590210044248,"70%","15%","14%"
