"Year","ODA to the education sector as % of  total ODA","Bilateral funding","Bilateral as earmarked funding through multilaterals","Multilateral as core contributions to organizations","Bilateral","Earmarked","Multilateral"
2018,6.72742576479566,878.057725,166.578588,434.909083873155,"59%","11%","29%"
2019,6.34003908740804,795.180548,370.145188,259.530998733783,"56%","26%","18%"
2020,4.84236919173846,608.64773,148.822481,256.867865029797,"60%","15%","25%"
2021,4.79995175583593,493.220866,139.174121,159.114657561467,"62%","18%","20%"
2022,3.2970866749348,386.174894,84.902891,85.3639070661797,"69%","15%","15%"
