year,ODA to Education as % of Total ODA,Bilateral funding,Bilateral as earmarked funding through multilaterals,Multilateral as core contributions to organizations,Earmarked,Bilateral,Multilateral,donor
2019,4.028498773039729,1210.390718003085,149.9796366615266,128.85549999999998,10.102656314162504,81.53214464330259,8.365199042534925,United States
2020,3.90565472690764,1122.9373448342312,242.70247783346187,158.64780000000002,15.982634450116054,73.94855319600275,10.06881235388121,United States
2021,2.759338743245481,1096.7814707016191,189.6810427910563,90.34830000000001,13.809680242030371,79.85089697370287,6.339422784266757,United States
2022,2.2097404332631947,995.7733828064756,152.76445065535853,160.62260000000003,11.720998750484958,76.40166626181941,11.87733498769564,United States
2023,2.9474142454050334,1442.299151888973,142.17968195836542,205.14319999999995,7.977815412798877,80.92855635431808,11.093628232883036,United States
